  64   64
1 1
    52.115155903824352    -0.000000000000000     0.000000000000000
    -0.000000000000003    52.115155903824380    -0.000000000000001
    -0.000000000000001    -0.000000000000004    13.528368586741376
1 2
     2.786469631514591    -0.874031347796702    -0.000000000000000
     0.874155963414314    -4.703912315233487    -0.000000000000000
    -0.000000000000000     0.000000000000000     0.004931443580811
1 3
     0.616578460145275     0.000000000000000    -0.000000000000000
    -0.000000000000000    -1.008859246733368    -0.000000000000000
    -0.000000000000000     0.000000000000000     0.101491716499343
1 4
     2.786469631514591     0.874031347796703     0.000000000000000
    -0.874155963414315    -4.703912315233486     0.000000000000000
    -0.000000000000000     0.000000000000000     0.004931443580811
1 5
    -2.831263047662445    -4.117554255891520    -0.000000000000000
    -2.369368480870423     0.913820363943553     0.000000000000000
     0.000000000000000     0.000000000000000     0.004931443580811
1 6
    -2.831263047662445     4.117554255891520    -0.000000000000000
     2.369368480870424     0.913820363943552    -0.000000000000000
    -0.000000000000000    -0.000000000000000     0.004931443580811
1 7
    -0.375906607007792     0.298555678197044     0.000000000000000
     0.298555819598303    -0.720649090996147     0.000000000000000
    -0.000000000000000     0.000000000000000    -0.022201466372834
1 8
    -0.375906607007792    -0.298555678197044     0.000000000000000
    -0.298555819598303    -0.720649090996147     0.000000000000000
     0.000000000000000     0.000000000000000    -0.022201466372834
1 9
    -0.602499820013706    -0.703835006538669    -0.000000000000000
    -0.703835339887399     0.210219033425615    -0.000000000000000
     0.000000000000000     0.000000000000000     0.101491716499343
1 10
    -0.893212476216238     0.000000000000000     0.000000000000000
    -0.000000000000000    -0.203436128702414     0.000000000000000
     0.000000000000000     0.000000000000000    -0.022205761253713
1 11
    -0.602499820013707     0.703835006538669     0.000000000000000
     0.703835339887399     0.210219033425615    -0.000000000000000
    -0.000000000000000    -0.000000000000000     0.101491716499343
1 12
    -0.893020332990324    -0.000000000000000    -0.000000000000000
     0.000000000000000    -0.203535365013615     0.000000000000000
     0.000000000000000     0.000000000000000    -0.022201466372834
1 13
    -2.831370609430486    -2.369305257895033     0.000000000000000
    -4.117494105207735     0.913927925711594    -0.000000000000000
     0.000000000000000    -0.000000000000000     0.004931443580811
1 14
    -0.375880215580870    -0.298681849207808     0.000000000000000
    -0.298681990668824    -0.720768389337783     0.000000000000000
     0.000000000000000     0.000000000000000    -0.022205761253713
1 15
    -0.375880215580870     0.298681849207808    -0.000000000000000
     0.298681990668824    -0.720768389337783     0.000000000000000
    -0.000000000000000     0.000000000000000    -0.022205761253713
1 16
    -2.831370609430486     2.369305257895033    -0.000000000000000
     4.117494105207735     0.913927925711593    -0.000000000000000
    -0.000000000000000    -0.000000000000000     0.004931443580811
1 17
     0.287138850097016     0.078669491704337    -0.000000000000000
     0.078669528963602     0.377978576033681     0.000000000000000
    -0.000000000000000    -0.000000000000000    -0.349822342482687
1 18
     0.005191595992565    -0.023215670556463    -0.000000000000000
    -0.023440802152853    -0.355541189149395    -0.000000000000000
     0.000000000000000     0.000000000000000     0.011003178035021
1 19
     0.005191595992565     0.023215670556463     0.000000000000000
     0.023440802152853    -0.355541189149395    -0.000000000000000
    -0.000000000000000     0.000000000000000     0.011003178035021
1 20
     0.287138850097016    -0.078669491704337    -0.000000000000000
    -0.078669528963602     0.377978576033681     0.000000000000000
    -0.000000000000000    -0.000000000000000    -0.349822342482687
1 21
     0.423398439002013     0.000000000000000     0.000000000000000
    -0.000000000000000     0.241718987128684     0.000000000000000
    -0.000000000000000    -0.000000000000000    -0.349822342482687
1 22
     0.368955070731810     0.341532767173383     0.000000000000000
     0.341532928929353    -0.025413092787293     0.000000000000000
    -0.000000000000000    -0.000000000000000    -0.053998310183965
1 23
     0.165870414507167     0.000000000000000     0.000000000000000
    -0.000000000000000    -0.136392718028514    -0.000000000000000
    -0.000000000000000     0.000000000000000     0.000225174468947
1 24
     0.368955070731810    -0.341532767173383     0.000000000000000
    -0.341532928929353    -0.025413092787293     0.000000000000000
     0.000000000000000     0.000000000000000    -0.053998310183965
1 25
    -0.285560838149442    -0.144425165316407     0.000000000000000
    -0.144650354319761    -0.064788755007388    -0.000000000000000
     0.000000000000000     0.000000000000000     0.011003178035021
1 26
    -0.285560838149442     0.144425165316407    -0.000000000000000
     0.144650354319761    -0.064788755007388    -0.000000000000000
    -0.000000000000000    -0.000000000000000     0.011003178035021
1 27
    -0.060826934894593     0.130883744707255     0.000000000000000
     0.130883806696115     0.090304631373247    -0.000000000000000
    -0.000000000000000    -0.000000000000000     0.000225174468947
1 28
    -0.060826934894593    -0.130883744707255     0.000000000000000
    -0.130883806696115     0.090304631373247    -0.000000000000000
     0.000000000000000    -0.000000000000000     0.000225174468947
1 29
    -0.245155147578368    -0.167978516614494    -0.000000000000000
    -0.167753475571059    -0.105194445578462    -0.000000000000000
     0.000000000000000     0.000000000000000     0.011003178035021
1 30
    -0.299311536893139    -0.000000000000000     0.000000000000000
     0.000000000000000    -0.299311536893139     0.000000000000000
     0.000000000000000     0.000000000000000    -0.001995278945543
1 31
    -0.245155147578368     0.167978516614494    -0.000000000000000
     0.167753475571059    -0.105194445578462    -0.000000000000000
    -0.000000000000000     0.000000000000000     0.011003178035021
1 32
    -0.222597174546844    -0.000000000000000    -0.000000000000000
     0.000000000000000     0.566139152491362     0.000000000000000
     0.000000000000000    -0.000000000000000    -0.053998310183965
1 33
   -11.632987343547784    -6.466577682670317    -0.000000000000000
    -6.466580745356088   -19.099949843440704     0.000000000000000
     0.000000000000001     0.000000000000001    -4.828565844896780
1 34
    -0.116988950180932     0.836595608264090     0.000000000000000
     0.267672571479229     1.223969677499563    -0.000000000000000
    -0.000000000000000    -0.000000000000000     0.275184982234260
1 35
    -0.116988950180932    -0.836595608264090    -0.000000000000000
    -0.267672571479229     1.223969677499563    -0.000000000000000
     0.000000000000000    -0.000000000000000     0.275184982234260
1 36
   -11.632987343547780     6.466577682670318     0.000000000000000
     6.466580745356089   -19.099949843440704     0.000000000000000
    -0.000000000000000     0.000000000000001    -4.828565844896779
1 37
   -22.833431093387151    -0.000000000000000     0.000000000000000
     0.000000000000001    -7.899506093601333     0.000000000000000
     0.000000000000001     0.000000000000001    -4.828565844896779
1 38
    -1.083875091804413    -1.350020725422764     0.000000000000000
    -1.350021364816500     0.474994935818502     0.000000000000000
     0.000000000000000    -0.000000000000000    -0.210802570416274
1 39
    -0.229950478349514     0.000000000000000    -0.000000000000000
     0.000000000000000     0.589427183281724    -0.000000000000000
     0.000000000000000    -0.000000000000000     0.004684487930264
1 40
    -1.083875091804413     1.350020725422764    -0.000000000000000
     1.350021364816500     0.474994935818502     0.000000000000000
    -0.000000000000000    -0.000000000000000    -0.210802570416274
1 41
     1.366892227041772     0.589046549531507    -0.000000000000000
     0.020123395503025    -0.259911499723141    -0.000000000000000
    -0.000000000000000    -0.000000000000000     0.275184982234260
1 42
     1.366892227041772    -0.589046549531506    -0.000000000000000
    -0.020123395503025    -0.259911499723141    -0.000000000000000
    -0.000000000000000     0.000000000000000     0.275184982234260
1 43
     0.384582767873914    -0.354800851113096    -0.000000000000000
    -0.354801019153066    -0.025106062941704    -0.000000000000000
     0.000000000000000     0.000000000000000     0.004684487930264
1 44
     0.384582767873914     0.354800851113096     0.000000000000000
     0.354801019153066    -0.025106062941704    -0.000000000000000
    -0.000000000000000    -0.000000000000000     0.004684487930264
1 45
     0.410567814117106     0.572257412456686     0.000000000000000
     1.141181116499301     0.696412913201525    -0.000000000000000
    -0.000000000000000    -0.000000000000000     0.275184982234260
1 46
     0.690474661237987    -0.000000000000000    -0.000000000000000
    -0.000000000000000     0.690474661237987     0.000000000000000
    -0.000000000000000    -0.000000000000000    -0.058303007933635
1 47
     0.410567814117106    -0.572257412456686    -0.000000000000000
    -1.141181116499301     0.696412913201525    -0.000000000000000
     0.000000000000000    -0.000000000000000     0.275184982234260
1 48
     1.254429949629959     0.000000000000000    -0.000000000000000
    -0.000000000000000    -1.863310105615872     0.000000000000000
    -0.000000000000000     0.000000000000000    -0.210802570416274
1 49
    -0.536010959954983     0.000000000000000     0.000000000000000
     0.000000000000000    -0.536010959954983    -0.000000000000000
     0.000000000000000     0.000000000000000     0.700876702223261
1 50
    -0.265440858658879     0.008540407457354     0.000000000000000
    -0.104109619626232     0.096668698433769    -0.000000000000000
     0.000000000000000    -0.000000000000000     0.036036811570408
1 51
    -0.099751559936991    -0.000000000000000     0.000000000000000
     0.000000000000000     0.276347752902907    -0.000000000000000
     0.000000000000000    -0.000000000000000     0.001132007888846
1 52
    -0.265440858658879    -0.008540407457354     0.000000000000000
     0.104109619626232     0.096668698433769    -0.000000000000000
    -0.000000000000000    -0.000000000000000     0.036036811570408
1 53
    -0.035241362067080     0.237015280169441     0.000000000000000
     0.124365361295603    -0.133530798158030    -0.000000000000000
    -0.000000000000000     0.000000000000000     0.036036811570408
1 54
    -0.035241362067080    -0.237015280169441     0.000000000000000
    -0.124365361295603    -0.133530798158030    -0.000000000000000
     0.000000000000000     0.000000000000000     0.036036811570408
1 55
    -0.016718391895517    -0.111197255996295    -0.000000000000000
    -0.111197308661286     0.111681169875844    -0.000000000000000
     0.000000000000000    -0.000000000000000     0.004511465586277
1 56
    -0.016718391895517     0.111197255996295    -0.000000000000000
     0.111197308661286     0.111681169875844    -0.000000000000000
    -0.000000000000000    -0.000000000000000     0.004511465586277
1 57
     0.182322924692932     0.162855741066934    -0.000000000000000
     0.162855818198298    -0.005726731727017    -0.000000000000000
    -0.000000000000000    -0.000000000000000     0.001132007888846
1 58
     0.228742585166786     0.000000000000000     0.000000000000000
    -0.000000000000000     0.041683239050426     0.000000000000000
    -0.000000000000000    -0.000000000000000    -0.001741880973676
1 59
     0.182322924692932    -0.162855741066934    -0.000000000000000
    -0.162855818198298    -0.005726731727017    -0.000000000000000
     0.000000000000000     0.000000000000000     0.001132007888846
1 60
     0.175880950761524     0.000000000000000     0.000000000000000
    -0.000000000000000    -0.080918172781197    -0.000000000000000
    -0.000000000000000     0.000000000000000     0.004511465586277
1 61
     0.047523980388294     0.076580720963621     0.000000000000000
     0.189230788362082    -0.216296140613404    -0.000000000000000
    -0.000000000000000     0.000000000000000     0.036036811570408
1 62
     0.088448075579516     0.080999053694746     0.000000000000000
     0.080999092057333     0.181977748637696     0.000000000000000
    -0.000000000000000    -0.000000000000000    -0.001741880973676
1 63
     0.088448075579516    -0.080999053694746     0.000000000000000
    -0.080999092057333     0.181977748637696     0.000000000000000
     0.000000000000000    -0.000000000000000    -0.001741880973676
1 64
     0.047523980388294    -0.076580720963621    -0.000000000000000
    -0.189230788362082    -0.216296140613404    -0.000000000000000
     0.000000000000000     0.000000000000000     0.036036811570408
2 1
     2.786468820972501     0.874032229720243    -0.000000000000000
    -0.874156617592459    -4.703914165399686    -0.000000000000000
    -0.000000000000000    -0.000000000000000     0.004931443580811
2 2
    52.115137391837216     0.000010687903295    -0.000000000000001
     0.000010687903291    52.115174415820285     0.000000000000000
    -0.000000000000003     0.000000000000003    13.528368586741376
2 3
     2.786468462475538    -0.874031086808263     0.000000000000000
     0.874154688212833    -4.703913806851610    -0.000000000000000
    -0.000000000000000    -0.000000000000000     0.004931443580811
2 4
     0.616578241128517     0.000000126449415    -0.000000000000000
    -0.000000206899315    -1.008859605093578     0.000000000000000
    -0.000000000000000    -0.000000000000000     0.101491716499343
2 5
    -0.375906534709360    -0.298555861339832     0.000000000000000
    -0.298555861339832    -0.720649408208836    -0.000000000000000
    -0.000000000000000    -0.000000000000000    -0.022201466372834
2 6
    -2.831262886398735    -4.117556299143843    -0.000000000000000
    -2.369367451831141     0.913820202628822     0.000000000000000
     0.000000000000000     0.000000000000000     0.004931443580811
2 7
    -2.831261197522593     4.117555137859178     0.000000000000000
     2.369367826648160     0.913821174460555    -0.000000000000000
     0.000000000000000    -0.000000000000000     0.004931443580811
2 8
    -0.375906412252307     0.298555707156145     0.000000000000000
     0.298555565754885    -0.720649285751725    -0.000000000000000
     0.000000000000000    -0.000000000000000    -0.022201466372834
2 9
    -0.893020015777785    -0.000000183142788     0.000000000000000
    -0.000000041741529    -0.203535437312081    -0.000000000000000
     0.000000000000000    -0.000000000000000    -0.022201466372834
2 10
    -0.602499750342065    -0.703835380112349    -0.000000000000000
    -0.703835046763619     0.210218963753941     0.000000000000000
    -0.000000000000000     0.000000000000000     0.101491716499343
2 11
    -0.893212158935448    -0.000000183182194     0.000000000000000
    -0.000000041721177    -0.203436200965630    -0.000000000000000
     0.000000000000000    -0.000000000000000    -0.022205761253713
2 12
    -0.602499461653666     0.703835132988084    -0.000000000000000
     0.703835132988084     0.210219252442477     0.000000000000000
     0.000000000000000    -0.000000000000000     0.101491716499343
2 13
    -2.831369117787597     2.369305518839355    -0.000000000000000
     4.117492830050372     0.913929094776672     0.000000000000000
     0.000000000000000    -0.000000000000000     0.004931443580811
2 14
    -2.831370089593399    -2.369306680168138    -0.000000000000000
    -4.117492455189234     0.913927405925203     0.000000000000000
    -0.000000000000000     0.000000000000000     0.004931443580811
2 15
    -0.375880143317688    -0.298682032390001     0.000000000000000
    -0.298682032390001    -0.720768706618723    -0.000000000000000
     0.000000000000000    -0.000000000000000    -0.022205761253713
2 16
    -0.375880020808884     0.298681878217139     0.000000000000000
     0.298681736756123    -0.720768584109861    -0.000000000000000
     0.000000000000000    -0.000000000000000    -0.022205761253713
2 17
     0.287138731967798    -0.078669460761650     0.000000000000000
    -0.078669423502385     0.377978694162955    -0.000000000000000
    -0.000000000000000     0.000000000000000    -0.349822342482687
2 18
     0.287138764235260     0.078669578535922     0.000000000000000
     0.078669578535922     0.377978726430432    -0.000000000000000
    -0.000000000000000     0.000000000000000    -0.349822342482687
2 19
     0.005191589387316    -0.023215677738273    -0.000000000000000
    -0.023440866741627    -0.355541320249647     0.000000000000000
     0.000000000000000    -0.000000000000000     0.011003178035021
2 20
     0.005191598909568     0.023215679867683    -0.000000000000000
     0.023440720911118    -0.355541310635053     0.000000000000000
     0.000000000000000    -0.000000000000000     0.011003178035021
2 21
     0.368954869631755    -0.341532812824155     0.000000000000000
    -0.341532812824155    -0.025413171856767    -0.000000000000000
    -0.000000000000000     0.000000000000000    -0.053998310183965
2 22
     0.423398288605332     0.000000086831585     0.000000000000000
     0.000000049572319     0.241719072990480    -0.000000000000000
    -0.000000000000000     0.000000000000000    -0.349822342482687
2 23
     0.368955009716501     0.341532964156567     0.000000000000000
     0.341532802400597    -0.025413031771955    -0.000000000000000
     0.000000000000000    -0.000000000000000    -0.053998310183965
2 24
     0.165870355587820     0.000000034017109    -0.000000000000000
    -0.000000027971751    -0.136392766477020     0.000000000000000
    -0.000000000000000    -0.000000000000000     0.000225174468947
2 25
    -0.060826940130026    -0.130883803673436    -0.000000000000000
    -0.130883741684576     0.090304636608682     0.000000000000000
    -0.000000000000000     0.000000000000000     0.000225174468947
2 26
    -0.285560766333551    -0.144425275181658    -0.000000000000000
    -0.144650316225093    -0.064788807686462     0.000000000000000
     0.000000000000000     0.000000000000000     0.011003178035021
2 27
    -0.285560707095421     0.144425158054631    -0.000000000000000
     0.144650289651021    -0.064788748355967     0.000000000000000
     0.000000000000000    -0.000000000000000     0.011003178035021
2 28
    -0.060826886446111     0.130883778724364    -0.000000000000000
     0.130883778724364     0.090304690292622     0.000000000000000
     0.000000000000000    -0.000000000000000     0.000225174468947
2 29
    -0.222597095477408    -0.000000045650772     0.000000000000000
     0.000000116105198     0.566139353591512    -0.000000000000000
     0.000000000000000     0.000000000000000    -0.053998310183965
2 30
    -0.245155094945487    -0.167978626559711    -0.000000000000000
    -0.167753437556356    -0.105194517348219     0.000000000000000
     0.000000000000000     0.000000000000000     0.011003178035021
2 31
    -0.299311430573754    -0.000000061383540     0.000000000000000
    -0.000000061383540    -0.299311643212575    -0.000000000000000
     0.000000000000000    -0.000000000000000    -0.001995278945543
2 32
    -0.245155026046599     0.167978526005680    -0.000000000000000
     0.167753394409290    -0.105194448541635     0.000000000000000
     0.000000000000000    -0.000000000000000     0.011003178035021
2 33
   -11.632981885176530     6.466577593963227     0.000000000000000
     6.466574531277456   -19.099955301814546    -0.000000000000000
     0.000000000000001    -0.000000000000001    -4.828565844896780
2 34
   -11.632984537539578    -6.466582365406063     0.000000000000000
    -6.466582365406063   -19.099957954178848    -0.000000000000000
     0.000000000000000    -0.000000000000001    -4.828565844896779
2 35
    -0.116988737053854     0.836595881441588    -0.000000000000000
     0.267672727413107     1.223970167164801     0.000000000000000
     0.000000000000000     0.000000000000000     0.275184982234260
2 36
    -0.116989080195990    -0.836595929426347    -0.000000000000000
    -0.267672225383732     1.223970057374913     0.000000000000000
    -0.000000000000000     0.000000000000000     0.275184982234260
2 37
    -1.083874429932216     1.350020982684319     0.000000000000000
     1.350020982684318     0.474995381408690    -0.000000000000000
     0.000000000000000    -0.000000000000000    -0.210802570416274
2 38
   -22.833422982652849    -0.000004682735746     0.000000000000000
    -0.000001620049973    -7.899508899610865    -0.000000000000000
     0.000000000000001    -0.000000000000000    -4.828565844896779
2 39
    -1.083874983663303    -1.350021427251814     0.000000000000000
    -1.350020787858077     0.474994827677341    -0.000000000000000
    -0.000000000000000     0.000000000000000    -0.210802570416274
2 40
    -0.229950396668087    -0.000000047158805    -0.000000000000000
     0.000000120881165     0.589427392654092     0.000000000000000
     0.000000000000000     0.000000000000000     0.004684487930264
2 41
     0.384582704028493     0.354801056014245    -0.000000000000000
     0.354800887974276    -0.025105999096253     0.000000000000000
     0.000000000000000    -0.000000000000000     0.004684487930264
2 42
     1.366891862306822     0.589047039094261    -0.000000000000000
     0.020123335051646    -0.259911587920205     0.000000000000000
    -0.000000000000000    -0.000000000000000     0.275184982234260
2 43
     1.366891620700616    -0.589046478443077    -0.000000000000000
    -0.020123441658216    -0.259911596174114     0.000000000000000
    -0.000000000000000     0.000000000000000     0.275184982234260
2 44
     0.384582558501645    -0.354800898271901    -0.000000000000000
    -0.354800898271901    -0.025106144623170     0.000000000000000
    -0.000000000000000     0.000000000000000     0.004684487930264
2 45
     1.254429504039983     0.000000257261554     0.000000000000000
    -0.000000382132182    -1.863310767488381    -0.000000000000000
    -0.000000000000000    -0.000000000000000    -0.210802570416274
2 46
     0.410567785637978     0.572257699930373    -0.000000000000000
     1.141180853958853     0.696413394612853     0.000000000000000
     0.000000000000000     0.000000000000000     0.275184982234260
2 47
     0.690474415972328     0.000000141604228     0.000000000000000
     0.000000141604228     0.690474906503762    -0.000000000000000
    -0.000000000000000     0.000000000000000    -0.058303007933635
2 48
     0.410567550918086    -0.572257531529875    -0.000000000000000
    -1.141180568314736     0.696412926540439     0.000000000000000
    -0.000000000000000     0.000000000000000     0.275184982234260
2 49
    -0.265440766122291    -0.008540464928279    -0.000000000000000
     0.104109602470182     0.096668754122830     0.000000000000000
     0.000000000000000     0.000000000000000     0.036036811570408
2 50
    -0.536010769556857    -0.000000109926435    -0.000000000000000
    -0.000000109926435    -0.536011150353199     0.000000000000000
     0.000000000000000    -0.000000000000000     0.700876702223261
2 51
    -0.265440762619316     0.008540356053761    -0.000000000000000
    -0.104109562820077     0.096668711420720     0.000000000000000
     0.000000000000000     0.000000000000000     0.036036811570408
2 52
    -0.099751524503929    -0.000000020457293    -0.000000000000000
     0.000000056674071     0.276347851065301     0.000000000000000
     0.000000000000000     0.000000000000000     0.001132007888846
2 53
    -0.016718363152320     0.111197292066390    -0.000000000000000
     0.111197292066390     0.111681232351095     0.000000000000000
     0.000000000000000    -0.000000000000000     0.004511465586277
2 54
    -0.035241300941214     0.237015357133034    -0.000000000000000
     0.124365289734573    -0.133530820084792     0.000000000000000
     0.000000000000000    -0.000000000000000     0.036036811570408
2 55
    -0.035241398156558    -0.237015371587803    -0.000000000000000
    -0.124365344504216    -0.133530871095096     0.000000000000000
    -0.000000000000000     0.000000000000000     0.036036811570408
2 56
    -0.016718408761529    -0.111197298923687    -0.000000000000000
    -0.111197246258696     0.111681186741864     0.000000000000000
    -0.000000000000000     0.000000000000000     0.004511465586277
2 57
     0.175880888286303     0.000000036070094    -0.000000000000000
    -0.000000016594896    -0.080918201524408     0.000000000000000
    -0.000000000000000    -0.000000000000000     0.004511465586277
2 58
     0.182322893328290     0.162855836306687    -0.000000000000000
     0.162855759175323    -0.005726700362360     0.000000000000000
     0.000000000000000    -0.000000000000000     0.001132007888846
2 59
     0.228742503914419     0.000000046911087     0.000000000000000
     0.000000008548500     0.041683253856867    -0.000000000000000
    -0.000000000000000     0.000000000000000    -0.001741880973676
2 60
     0.182322826530585    -0.162855761524227    -0.000000000000000
    -0.162855761524227    -0.005726767160096     0.000000000000000
    -0.000000000000000     0.000000000000000     0.001132007888846
2 61
     0.047523947801791    -0.076580738419777    -0.000000000000000
    -0.189230765503363    -0.216296256252579     0.000000000000000
    -0.000000000000000    -0.000000000000000     0.036036811570408
2 62
     0.047523979212513     0.076580757912445    -0.000000000000000
     0.189230676786283    -0.216296178636756     0.000000000000000
     0.000000000000000    -0.000000000000000     0.036036811570408
2 63
     0.088448060773083     0.080999100605833     0.000000000000000
     0.080999100605833     0.181977829890102    -0.000000000000000
    -0.000000000000000     0.000000000000000    -0.001741880973676
2 64
     0.088448027550116    -0.080999064327539     0.000000000000000
    -0.080999025964952     0.181977796667120    -0.000000000000000
    -0.000000000000000     0.000000000000000    -0.001741880973676
3 1
     0.616578241128517     0.000000126449415    -0.000000000000000
    -0.000000206899315    -1.008859605093578     0.000000000000000
    -0.000000000000000    -0.000000000000000     0.101491716499343
3 2
     2.786468820972501     0.874032229720243    -0.000000000000000
    -0.874156617592459    -4.703914165399686    -0.000000000000000
    -0.000000000000000    -0.000000000000000     0.004931443580811
3 3
    52.115137391837216     0.000010687903295    -0.000000000000001
     0.000010687903291    52.115174415820285     0.000000000000000
    -0.000000000000003     0.000000000000003    13.528368586741376
3 4
     2.786468462475538    -0.874031086808263     0.000000000000000
     0.874154688212833    -4.703913806851610    -0.000000000000000
    -0.000000000000000    -0.000000000000000     0.004931443580811
3 5
    -0.375906412252307     0.298555707156145     0.000000000000000
     0.298555565754885    -0.720649285751725    -0.000000000000000
     0.000000000000000    -0.000000000000000    -0.022201466372834
3 6
    -0.375906534709360    -0.298555861339832     0.000000000000000
    -0.298555861339832    -0.720649408208836    -0.000000000000000
    -0.000000000000000    -0.000000000000000    -0.022201466372834
3 7
    -2.831262886398735    -4.117556299143843    -0.000000000000000
    -2.369367451831141     0.913820202628822     0.000000000000000
     0.000000000000000     0.000000000000000     0.004931443580811
3 8
    -2.831261197522593     4.117555137859178     0.000000000000000
     2.369367826648160     0.913821174460555    -0.000000000000000
     0.000000000000000    -0.000000000000000     0.004931443580811
3 9
    -0.602499461653666     0.703835132988084    -0.000000000000000
     0.703835132988084     0.210219252442477     0.000000000000000
     0.000000000000000    -0.000000000000000     0.101491716499343
3 10
    -0.893020015777785    -0.000000183142788     0.000000000000000
    -0.000000041741529    -0.203535437312081    -0.000000000000000
     0.000000000000000    -0.000000000000000    -0.022201466372834
3 11
    -0.602499750342065    -0.703835380112349    -0.000000000000000
    -0.703835046763619     0.210218963753941     0.000000000000000
    -0.000000000000000     0.000000000000000     0.101491716499343
3 12
    -0.893212158935448    -0.000000183182194     0.000000000000000
    -0.000000041721177    -0.203436200965630    -0.000000000000000
     0.000000000000000    -0.000000000000000    -0.022205761253713
3 13
    -0.375880020808884     0.298681878217139     0.000000000000000
     0.298681736756123    -0.720768584109861    -0.000000000000000
     0.000000000000000    -0.000000000000000    -0.022205761253713
3 14
    -2.831369117787597     2.369305518839355    -0.000000000000000
     4.117492830050372     0.913929094776672     0.000000000000000
     0.000000000000000    -0.000000000000000     0.004931443580811
3 15
    -2.831370089593399    -2.369306680168138    -0.000000000000000
    -4.117492455189234     0.913927405925203     0.000000000000000
    -0.000000000000000     0.000000000000000     0.004931443580811
3 16
    -0.375880143317688    -0.298682032390001     0.000000000000000
    -0.298682032390001    -0.720768706618723    -0.000000000000000
     0.000000000000000    -0.000000000000000    -0.022205761253713
3 17
     0.005191598909568     0.023215679867683    -0.000000000000000
     0.023440720911118    -0.355541310635053     0.000000000000000
     0.000000000000000    -0.000000000000000     0.011003178035021
3 18
     0.287138731967798    -0.078669460761650     0.000000000000000
    -0.078669423502385     0.377978694162955    -0.000000000000000
    -0.000000000000000     0.000000000000000    -0.349822342482687
3 19
     0.287138764235260     0.078669578535922     0.000000000000000
     0.078669578535922     0.377978726430432    -0.000000000000000
    -0.000000000000000     0.000000000000000    -0.349822342482687
3 20
     0.005191589387316    -0.023215677738273    -0.000000000000000
    -0.023440866741627    -0.355541320249647     0.000000000000000
     0.000000000000000    -0.000000000000000     0.011003178035021
3 21
     0.165870355587820     0.000000034017109    -0.000000000000000
    -0.000000027971751    -0.136392766477020     0.000000000000000
    -0.000000000000000    -0.000000000000000     0.000225174468947
3 22
     0.368954869631755    -0.341532812824155     0.000000000000000
    -0.341532812824155    -0.025413171856767    -0.000000000000000
    -0.000000000000000     0.000000000000000    -0.053998310183965
3 23
     0.423398288605332     0.000000086831585     0.000000000000000
     0.000000049572319     0.241719072990480    -0.000000000000000
    -0.000000000000000     0.000000000000000    -0.349822342482687
3 24
     0.368955009716501     0.341532964156567     0.000000000000000
     0.341532802400597    -0.025413031771955    -0.000000000000000
     0.000000000000000    -0.000000000000000    -0.053998310183965
3 25
    -0.060826886446111     0.130883778724364    -0.000000000000000
     0.130883778724364     0.090304690292622     0.000000000000000
     0.000000000000000    -0.000000000000000     0.000225174468947
3 26
    -0.060826940130026    -0.130883803673436    -0.000000000000000
    -0.130883741684576     0.090304636608682     0.000000000000000
    -0.000000000000000     0.000000000000000     0.000225174468947
3 27
    -0.285560766333551    -0.144425275181658    -0.000000000000000
    -0.144650316225093    -0.064788807686462     0.000000000000000
     0.000000000000000     0.000000000000000     0.011003178035021
3 28
    -0.285560707095421     0.144425158054631    -0.000000000000000
     0.144650289651021    -0.064788748355967     0.000000000000000
     0.000000000000000    -0.000000000000000     0.011003178035021
3 29
    -0.245155026046599     0.167978526005680    -0.000000000000000
     0.167753394409290    -0.105194448541635     0.000000000000000
     0.000000000000000    -0.000000000000000     0.011003178035021
3 30
    -0.222597095477408    -0.000000045650772     0.000000000000000
     0.000000116105198     0.566139353591512    -0.000000000000000
     0.000000000000000     0.000000000000000    -0.053998310183965
3 31
    -0.245155094945487    -0.167978626559711    -0.000000000000000
    -0.167753437556356    -0.105194517348219     0.000000000000000
     0.000000000000000     0.000000000000000     0.011003178035021
3 32
    -0.299311430573754    -0.000000061383540     0.000000000000000
    -0.000000061383540    -0.299311643212575    -0.000000000000000
     0.000000000000000    -0.000000000000000    -0.001995278945543
3 33
    -0.116989080195990    -0.836595929426347    -0.000000000000000
    -0.267672225383732     1.223970057374913     0.000000000000000
    -0.000000000000000     0.000000000000000     0.275184982234260
3 34
   -11.632981885176530     6.466577593963227     0.000000000000000
     6.466574531277456   -19.099955301814546    -0.000000000000000
     0.000000000000001    -0.000000000000001    -4.828565844896780
3 35
   -11.632984537539578    -6.466582365406063     0.000000000000000
    -6.466582365406063   -19.099957954178848    -0.000000000000000
     0.000000000000000    -0.000000000000001    -4.828565844896779
3 36
    -0.116988737053854     0.836595881441588    -0.000000000000000
     0.267672727413107     1.223970167164801     0.000000000000000
     0.000000000000000     0.000000000000000     0.275184982234260
3 37
    -0.229950396668087    -0.000000047158805    -0.000000000000000
     0.000000120881165     0.589427392654092     0.000000000000000
     0.000000000000000     0.000000000000000     0.004684487930264
3 38
    -1.083874429932216     1.350020982684319     0.000000000000000
     1.350020982684318     0.474995381408690    -0.000000000000000
     0.000000000000000    -0.000000000000000    -0.210802570416274
3 39
   -22.833422982652849    -0.000004682735746     0.000000000000000
    -0.000001620049973    -7.899508899610865    -0.000000000000000
     0.000000000000001    -0.000000000000000    -4.828565844896779
3 40
    -1.083874983663303    -1.350021427251814     0.000000000000000
    -1.350020787858077     0.474994827677341    -0.000000000000000
    -0.000000000000000     0.000000000000000    -0.210802570416274
3 41
     0.384582558501645    -0.354800898271901    -0.000000000000000
    -0.354800898271901    -0.025106144623170     0.000000000000000
    -0.000000000000000     0.000000000000000     0.004684487930264
3 42
     0.384582704028493     0.354801056014245    -0.000000000000000
     0.354800887974276    -0.025105999096253     0.000000000000000
     0.000000000000000    -0.000000000000000     0.004684487930264
3 43
     1.366891862306822     0.589047039094261    -0.000000000000000
     0.020123335051646    -0.259911587920205     0.000000000000000
    -0.000000000000000    -0.000000000000000     0.275184982234260
3 44
     1.366891620700616    -0.589046478443077    -0.000000000000000
    -0.020123441658216    -0.259911596174114     0.000000000000000
    -0.000000000000000     0.000000000000000     0.275184982234260
3 45
     0.410567550918086    -0.572257531529875    -0.000000000000000
    -1.141180568314736     0.696412926540439     0.000000000000000
    -0.000000000000000     0.000000000000000     0.275184982234260
3 46
     1.254429504039983     0.000000257261554     0.000000000000000
    -0.000000382132182    -1.863310767488381    -0.000000000000000
    -0.000000000000000    -0.000000000000000    -0.210802570416274
3 47
     0.410567785637978     0.572257699930373    -0.000000000000000
     1.141180853958853     0.696413394612853     0.000000000000000
     0.000000000000000     0.000000000000000     0.275184982234260
3 48
     0.690474415972328     0.000000141604228     0.000000000000000
     0.000000141604228     0.690474906503762    -0.000000000000000
    -0.000000000000000     0.000000000000000    -0.058303007933635
3 49
    -0.099751524503929    -0.000000020457293    -0.000000000000000
     0.000000056674071     0.276347851065301     0.000000000000000
     0.000000000000000     0.000000000000000     0.001132007888846
3 50
    -0.265440766122291    -0.008540464928279    -0.000000000000000
     0.104109602470182     0.096668754122830     0.000000000000000
     0.000000000000000     0.000000000000000     0.036036811570408
3 51
    -0.536010769556857    -0.000000109926435    -0.000000000000000
    -0.000000109926435    -0.536011150353199     0.000000000000000
     0.000000000000000    -0.000000000000000     0.700876702223261
3 52
    -0.265440762619316     0.008540356053761    -0.000000000000000
    -0.104109562820077     0.096668711420720     0.000000000000000
     0.000000000000000     0.000000000000000     0.036036811570408
3 53
    -0.016718408761529    -0.111197298923687    -0.000000000000000
    -0.111197246258696     0.111681186741864     0.000000000000000
    -0.000000000000000     0.000000000000000     0.004511465586277
3 54
    -0.016718363152320     0.111197292066390    -0.000000000000000
     0.111197292066390     0.111681232351095     0.000000000000000
     0.000000000000000    -0.000000000000000     0.004511465586277
3 55
    -0.035241300941214     0.237015357133034    -0.000000000000000
     0.124365289734573    -0.133530820084792     0.000000000000000
     0.000000000000000    -0.000000000000000     0.036036811570408
3 56
    -0.035241398156558    -0.237015371587803    -0.000000000000000
    -0.124365344504216    -0.133530871095096     0.000000000000000
    -0.000000000000000     0.000000000000000     0.036036811570408
3 57
     0.182322826530585    -0.162855761524227    -0.000000000000000
    -0.162855761524227    -0.005726767160096     0.000000000000000
    -0.000000000000000     0.000000000000000     0.001132007888846
3 58
     0.175880888286303     0.000000036070094    -0.000000000000000
    -0.000000016594896    -0.080918201524408     0.000000000000000
    -0.000000000000000    -0.000000000000000     0.004511465586277
3 59
     0.182322893328290     0.162855836306687    -0.000000000000000
     0.162855759175323    -0.005726700362360     0.000000000000000
     0.000000000000000    -0.000000000000000     0.001132007888846
3 60
     0.228742503914419     0.000000046911087     0.000000000000000
     0.000000008548500     0.041683253856867    -0.000000000000000
    -0.000000000000000     0.000000000000000    -0.001741880973676
3 61
     0.088448027550116    -0.080999064327539     0.000000000000000
    -0.080999025964952     0.181977796667120    -0.000000000000000
    -0.000000000000000     0.000000000000000    -0.001741880973676
3 62
     0.047523947801791    -0.076580738419777    -0.000000000000000
    -0.189230765503363    -0.216296256252579     0.000000000000000
    -0.000000000000000    -0.000000000000000     0.036036811570408
3 63
     0.047523979212513     0.076580757912445    -0.000000000000000
     0.189230676786283    -0.216296178636756     0.000000000000000
     0.000000000000000    -0.000000000000000     0.036036811570408
3 64
     0.088448060773083     0.080999100605833     0.000000000000000
     0.080999100605833     0.181977829890102    -0.000000000000000
    -0.000000000000000     0.000000000000000    -0.001741880973676
4 1
     2.786469631514591    -0.874031347796702    -0.000000000000000
     0.874155963414314    -4.703912315233487    -0.000000000000000
    -0.000000000000000     0.000000000000000     0.004931443580811
4 2
     0.616578460145275     0.000000000000000    -0.000000000000000
    -0.000000000000000    -1.008859246733368    -0.000000000000000
    -0.000000000000000     0.000000000000000     0.101491716499343
4 3
     2.786469631514591     0.874031347796703     0.000000000000000
    -0.874155963414315    -4.703912315233486     0.000000000000000
    -0.000000000000000     0.000000000000000     0.004931443580811
4 4
    52.115155903824352     0.000000000000001     0.000000000000000
    -0.000000000000001    52.115155903824380    -0.000000000000001
    -0.000000000000001    -0.000000000000004    13.528368586741376
4 5
    -2.831263047662445     4.117554255891520    -0.000000000000000
     2.369368480870424     0.913820363943552    -0.000000000000000
    -0.000000000000000    -0.000000000000000     0.004931443580811
4 6
    -0.375906607007792     0.298555678197044     0.000000000000000
     0.298555819598303    -0.720649090996147     0.000000000000000
    -0.000000000000000     0.000000000000000    -0.022201466372834
4 7
    -0.375906607007792    -0.298555678197044     0.000000000000000
    -0.298555819598303    -0.720649090996147     0.000000000000000
     0.000000000000000     0.000000000000000    -0.022201466372834
4 8
    -2.831263047662445    -4.117554255891520    -0.000000000000000
    -2.369368480870423     0.913820363943553     0.000000000000000
     0.000000000000000     0.000000000000000     0.004931443580811
4 9
    -0.893212476216238    -0.000000000000000     0.000000000000000
    -0.000000000000000    -0.203436128702414     0.000000000000000
     0.000000000000000     0.000000000000000    -0.022205761253713
4 10
    -0.602499820013707     0.703835006538669     0.000000000000000
     0.703835339887399     0.210219033425615    -0.000000000000000
    -0.000000000000000    -0.000000000000000     0.101491716499343
4 11
    -0.893020332990324    -0.000000000000000    -0.000000000000000
     0.000000000000000    -0.203535365013615     0.000000000000000
     0.000000000000000     0.000000000000000    -0.022201466372834
4 12
    -0.602499820013706    -0.703835006538669    -0.000000000000000
    -0.703835339887399     0.210219033425615    -0.000000000000000
     0.000000000000000     0.000000000000000     0.101491716499343
4 13
    -0.375880215580870    -0.298681849207808     0.000000000000000
    -0.298681990668824    -0.720768389337783     0.000000000000000
     0.000000000000000     0.000000000000000    -0.022205761253713
4 14
    -0.375880215580870     0.298681849207808    -0.000000000000000
     0.298681990668824    -0.720768389337783     0.000000000000000
    -0.000000000000000     0.000000000000000    -0.022205761253713
4 15
    -2.831370609430486     2.369305257895033    -0.000000000000000
     4.117494105207735     0.913927925711593    -0.000000000000000
    -0.000000000000000    -0.000000000000000     0.004931443580811
4 16
    -2.831370609430486    -2.369305257895033     0.000000000000000
    -4.117494105207735     0.913927925711594    -0.000000000000000
     0.000000000000000    -0.000000000000000     0.004931443580811
4 17
     0.005191595992565    -0.023215670556463    -0.000000000000000
    -0.023440802152853    -0.355541189149395    -0.000000000000000
     0.000000000000000     0.000000000000000     0.011003178035021
4 18
     0.005191595992565     0.023215670556463     0.000000000000000
     0.023440802152853    -0.355541189149395    -0.000000000000000
    -0.000000000000000     0.000000000000000     0.011003178035021
4 19
     0.287138850097016    -0.078669491704337    -0.000000000000000
    -0.078669528963602     0.377978576033681     0.000000000000000
    -0.000000000000000    -0.000000000000000    -0.349822342482687
4 20
     0.287138850097016     0.078669491704337    -0.000000000000000
     0.078669528963602     0.377978576033681     0.000000000000000
    -0.000000000000000    -0.000000000000000    -0.349822342482687
4 21
     0.368955070731810     0.341532767173383     0.000000000000000
     0.341532928929353    -0.025413092787293     0.000000000000000
    -0.000000000000000    -0.000000000000000    -0.053998310183965
4 22
     0.165870414507167     0.000000000000000     0.000000000000000
    -0.000000000000000    -0.136392718028514    -0.000000000000000
    -0.000000000000000     0.000000000000000     0.000225174468947
4 23
     0.368955070731810    -0.341532767173383     0.000000000000000
    -0.341532928929353    -0.025413092787293     0.000000000000000
     0.000000000000000     0.000000000000000    -0.053998310183965
4 24
     0.423398439002013     0.000000000000000     0.000000000000000
    -0.000000000000000     0.241718987128684     0.000000000000000
    -0.000000000000000    -0.000000000000000    -0.349822342482687
4 25
    -0.285560838149442     0.144425165316407    -0.000000000000000
     0.144650354319761    -0.064788755007388    -0.000000000000000
    -0.000000000000000    -0.000000000000000     0.011003178035021
4 26
    -0.060826934894593     0.130883744707255     0.000000000000000
     0.130883806696115     0.090304631373247    -0.000000000000000
    -0.000000000000000    -0.000000000000000     0.000225174468947
4 27
    -0.060826934894593    -0.130883744707255     0.000000000000000
    -0.130883806696115     0.090304631373247    -0.000000000000000
     0.000000000000000    -0.000000000000000     0.000225174468947
4 28
    -0.285560838149442    -0.144425165316407     0.000000000000000
    -0.144650354319761    -0.064788755007388    -0.000000000000000
     0.000000000000000     0.000000000000000     0.011003178035021
4 29
    -0.299311536893139    -0.000000000000000     0.000000000000000
    -0.000000000000000    -0.299311536893139     0.000000000000000
     0.000000000000000     0.000000000000000    -0.001995278945543
4 30
    -0.245155147578368     0.167978516614494    -0.000000000000000
     0.167753475571059    -0.105194445578462    -0.000000000000000
    -0.000000000000000     0.000000000000000     0.011003178035021
4 31
    -0.222597174546844     0.000000000000000    -0.000000000000000
     0.000000000000000     0.566139152491362     0.000000000000000
     0.000000000000000    -0.000000000000000    -0.053998310183965
4 32
    -0.245155147578368    -0.167978516614494    -0.000000000000000
    -0.167753475571059    -0.105194445578462    -0.000000000000000
     0.000000000000000     0.000000000000000     0.011003178035021
4 33
    -0.116988950180932     0.836595608264090     0.000000000000000
     0.267672571479229     1.223969677499563    -0.000000000000000
    -0.000000000000000    -0.000000000000000     0.275184982234260
4 34
    -0.116988950180932    -0.836595608264090    -0.000000000000000
    -0.267672571479229     1.223969677499563    -0.000000000000000
     0.000000000000000    -0.000000000000000     0.275184982234260
4 35
   -11.632987343547780     6.466577682670317     0.000000000000000
     6.466580745356088   -19.099949843440704     0.000000000000000
    -0.000000000000000     0.000000000000001    -4.828565844896779
4 36
   -11.632987343547784    -6.466577682670318    -0.000000000000000
    -6.466580745356088   -19.099949843440704     0.000000000000000
     0.000000000000001     0.000000000000001    -4.828565844896780
4 37
    -1.083875091804413    -1.350020725422764     0.000000000000000
    -1.350021364816500     0.474994935818502     0.000000000000000
     0.000000000000000    -0.000000000000000    -0.210802570416274
4 38
    -0.229950478349514     0.000000000000000    -0.000000000000000
     0.000000000000000     0.589427183281724    -0.000000000000000
     0.000000000000000    -0.000000000000000     0.004684487930264
4 39
    -1.083875091804413     1.350020725422764    -0.000000000000000
     1.350021364816500     0.474994935818502     0.000000000000000
    -0.000000000000000    -0.000000000000000    -0.210802570416274
4 40
   -22.833431093387151    -0.000000000000000     0.000000000000000
     0.000000000000001    -7.899506093601333     0.000000000000000
     0.000000000000001     0.000000000000001    -4.828565844896779
4 41
     1.366892227041772    -0.589046549531506    -0.000000000000000
    -0.020123395503025    -0.259911499723141    -0.000000000000000
    -0.000000000000000     0.000000000000000     0.275184982234260
4 42
     0.384582767873914    -0.354800851113096    -0.000000000000000
    -0.354801019153066    -0.025106062941704    -0.000000000000000
     0.000000000000000     0.000000000000000     0.004684487930264
4 43
     0.384582767873914     0.354800851113096     0.000000000000000
     0.354801019153066    -0.025106062941704    -0.000000000000000
    -0.000000000000000    -0.000000000000000     0.004684487930264
4 44
     1.366892227041772     0.589046549531507    -0.000000000000000
     0.020123395503025    -0.259911499723141    -0.000000000000000
    -0.000000000000000    -0.000000000000000     0.275184982234260
4 45
     0.690474661237987     0.000000000000000    -0.000000000000000
    -0.000000000000000     0.690474661237987     0.000000000000000
    -0.000000000000000    -0.000000000000000    -0.058303007933635
4 46
     0.410567814117106    -0.572257412456686    -0.000000000000000
    -1.141181116499301     0.696412913201525    -0.000000000000000
     0.000000000000000    -0.000000000000000     0.275184982234260
4 47
     1.254429949629959    -0.000000000000000    -0.000000000000000
    -0.000000000000000    -1.863310105615872     0.000000000000000
    -0.000000000000000     0.000000000000000    -0.210802570416274
4 48
     0.410567814117106     0.572257412456686     0.000000000000000
     1.141181116499301     0.696412913201525    -0.000000000000000
    -0.000000000000000    -0.000000000000000     0.275184982234260
4 49
    -0.265440858658879     0.008540407457354     0.000000000000000
    -0.104109619626232     0.096668698433769    -0.000000000000000
     0.000000000000000    -0.000000000000000     0.036036811570408
4 50
    -0.099751559936991    -0.000000000000000     0.000000000000000
     0.000000000000000     0.276347752902907    -0.000000000000000
     0.000000000000000    -0.000000000000000     0.001132007888846
4 51
    -0.265440858658879    -0.008540407457354     0.000000000000000
     0.104109619626232     0.096668698433769    -0.000000000000000
    -0.000000000000000    -0.000000000000000     0.036036811570408
4 52
    -0.536010959954983     0.000000000000000     0.000000000000000
     0.000000000000000    -0.536010959954983    -0.000000000000000
     0.000000000000000     0.000000000000000     0.700876702223261
4 53
    -0.035241362067080    -0.237015280169441     0.000000000000000
    -0.124365361295603    -0.133530798158030    -0.000000000000000
     0.000000000000000     0.000000000000000     0.036036811570408
4 54
    -0.016718391895517    -0.111197255996295    -0.000000000000000
    -0.111197308661286     0.111681169875844    -0.000000000000000
     0.000000000000000    -0.000000000000000     0.004511465586277
4 55
    -0.016718391895517     0.111197255996295    -0.000000000000000
     0.111197308661286     0.111681169875844    -0.000000000000000
    -0.000000000000000    -0.000000000000000     0.004511465586277
4 56
    -0.035241362067080     0.237015280169441     0.000000000000000
     0.124365361295603    -0.133530798158030    -0.000000000000000
    -0.000000000000000     0.000000000000000     0.036036811570408
4 57
     0.228742585166786     0.000000000000000     0.000000000000000
    -0.000000000000000     0.041683239050426     0.000000000000000
    -0.000000000000000    -0.000000000000000    -0.001741880973676
4 58
     0.182322924692932    -0.162855741066934    -0.000000000000000
    -0.162855818198298    -0.005726731727017    -0.000000000000000
     0.000000000000000     0.000000000000000     0.001132007888846
4 59
     0.175880950761524    -0.000000000000000     0.000000000000000
    -0.000000000000000    -0.080918172781197    -0.000000000000000
    -0.000000000000000     0.000000000000000     0.004511465586277
4 60
     0.182322924692932     0.162855741066934    -0.000000000000000
     0.162855818198298    -0.005726731727017    -0.000000000000000
    -0.000000000000000    -0.000000000000000     0.001132007888846
4 61
     0.088448075579516     0.080999053694746     0.000000000000000
     0.080999092057333     0.181977748637696     0.000000000000000
    -0.000000000000000    -0.000000000000000    -0.001741880973676
4 62
     0.088448075579516    -0.080999053694746     0.000000000000000
    -0.080999092057333     0.181977748637696     0.000000000000000
     0.000000000000000    -0.000000000000000    -0.001741880973676
4 63
     0.047523980388294    -0.076580720963621    -0.000000000000000
    -0.189230788362082    -0.216296140613404    -0.000000000000000
     0.000000000000000     0.000000000000000     0.036036811570408
4 64
     0.047523980388294     0.076580720963621     0.000000000000000
     0.189230788362082    -0.216296140613404    -0.000000000000000
    -0.000000000000000     0.000000000000000     0.036036811570408
5 1
    -2.831370089593398    -2.369306680168138     0.000000000000000
    -4.117492455189234     0.913927405925203    -0.000000000000000
     0.000000000000000     0.000000000000000     0.004931443580811
5 2
    -0.375880143317688    -0.298682032390001     0.000000000000000
    -0.298682032390001    -0.720768706618723    -0.000000000000000
     0.000000000000000     0.000000000000000    -0.022205761253713
5 3
    -0.375880020808884     0.298681878217139     0.000000000000000
     0.298681736756122    -0.720768584109861    -0.000000000000000
     0.000000000000000    -0.000000000000000    -0.022205761253713
5 4
    -2.831369117787597     2.369305518839354     0.000000000000000
     4.117492830050372     0.913929094776671    -0.000000000000000
     0.000000000000000    -0.000000000000000     0.004931443580811
5 5
    52.115137391837209     0.000010687903288    -0.000000000000001
     0.000010687903291    52.115174415820285     0.000000000000000
    -0.000000000000004     0.000000000000001    13.528368586741376
5 6
     2.786468462475538    -0.874031086808262    -0.000000000000000
     0.874154688212834    -4.703913806851612     0.000000000000000
    -0.000000000000000     0.000000000000000     0.004931443580811
5 7
     0.616578241128517     0.000000126449415    -0.000000000000000
    -0.000000206899315    -1.008859605093578     0.000000000000000
    -0.000000000000000    -0.000000000000000     0.101491716499343
5 8
     2.786468820972500     0.874032229720243    -0.000000000000000
    -0.874156617592459    -4.703914165399686    -0.000000000000000
    -0.000000000000000    -0.000000000000000     0.004931443580811
5 9
    -2.831262886398734    -4.117556299143843    -0.000000000000000
    -2.369367451831141     0.913820202628822     0.000000000000000
     0.000000000000000     0.000000000000000     0.004931443580811
5 10
    -2.831261197522593     4.117555137859178    -0.000000000000000
     2.369367826648161     0.913821174460555     0.000000000000000
     0.000000000000000    -0.000000000000000     0.004931443580811
5 11
    -0.375906412252307     0.298555707156144     0.000000000000000
     0.298555565754885    -0.720649285751725    -0.000000000000000
     0.000000000000000    -0.000000000000000    -0.022201466372834
5 12
    -0.375906534709360    -0.298555861339832     0.000000000000000
    -0.298555861339832    -0.720649408208836    -0.000000000000000
     0.000000000000000     0.000000000000000    -0.022201466372834
5 13
    -0.602499750342065    -0.703835380112350    -0.000000000000000
    -0.703835046763619     0.210218963753941     0.000000000000000
     0.000000000000000     0.000000000000000     0.101491716499343
5 14
    -0.893212158935448    -0.000000183182194     0.000000000000000
    -0.000000041721177    -0.203436200965630     0.000000000000000
     0.000000000000000    -0.000000000000000    -0.022205761253713
5 15
    -0.602499461653666     0.703835132988084    -0.000000000000000
     0.703835132988084     0.210219252442477     0.000000000000000
     0.000000000000000    -0.000000000000000     0.101491716499343
5 16
    -0.893020015777785    -0.000000183142788     0.000000000000000
    -0.000000041741529    -0.203535437312081    -0.000000000000000
     0.000000000000000     0.000000000000000    -0.022201466372834
5 17
    -0.245155094945487    -0.167978626559711    -0.000000000000000
    -0.167753437556356    -0.105194517348219     0.000000000000000
     0.000000000000000     0.000000000000000     0.011003178035021
5 18
    -0.299311430573754    -0.000000061383540     0.000000000000000
    -0.000000061383540    -0.299311643212575    -0.000000000000000
     0.000000000000000    -0.000000000000000    -0.001995278945543
5 19
    -0.245155026046599     0.167978526005680    -0.000000000000000
     0.167753394409290    -0.105194448541635     0.000000000000000
     0.000000000000000    -0.000000000000000     0.011003178035021
5 20
    -0.222597095477408    -0.000000045650772     0.000000000000000
     0.000000116105198     0.566139353591512    -0.000000000000000
     0.000000000000000    -0.000000000000000    -0.053998310183965
5 21
     0.287138764235260     0.078669578535922     0.000000000000000
     0.078669578535922     0.377978726430432    -0.000000000000000
    -0.000000000000000     0.000000000000000    -0.349822342482687
5 22
     0.005191589387316    -0.023215677738273    -0.000000000000000
    -0.023440866741627    -0.355541320249647     0.000000000000000
    -0.000000000000000    -0.000000000000000     0.011003178035021
5 23
     0.005191598909568     0.023215679867683    -0.000000000000000
     0.023440720911118    -0.355541310635053     0.000000000000000
     0.000000000000000    -0.000000000000000     0.011003178035021
5 24
     0.287138731967798    -0.078669460761650     0.000000000000000
    -0.078669423502385     0.377978694162955    -0.000000000000000
    -0.000000000000000     0.000000000000000    -0.349822342482687
5 25
     0.423398288605332     0.000000086831585     0.000000000000000
     0.000000049572319     0.241719072990480    -0.000000000000000
    -0.000000000000000     0.000000000000000    -0.349822342482687
5 26
     0.368955009716501     0.341532964156567     0.000000000000000
     0.341532802400597    -0.025413031771955    -0.000000000000000
    -0.000000000000000    -0.000000000000000    -0.053998310183965
5 27
     0.165870355587820     0.000000034017109    -0.000000000000000
    -0.000000027971751    -0.136392766477020     0.000000000000000
    -0.000000000000000    -0.000000000000000     0.000225174468947
5 28
     0.368954869631755    -0.341532812824155     0.000000000000000
    -0.341532812824155    -0.025413171856767    -0.000000000000000
    -0.000000000000000     0.000000000000000    -0.053998310183965
5 29
    -0.285560766333551    -0.144425275181658    -0.000000000000000
    -0.144650316225093    -0.064788807686462     0.000000000000000
     0.000000000000000     0.000000000000000     0.011003178035021
5 30
    -0.285560707095421     0.144425158054631    -0.000000000000000
     0.144650289651021    -0.064788748355967     0.000000000000000
     0.000000000000000    -0.000000000000000     0.011003178035021
5 31
    -0.060826886446111     0.130883778724364    -0.000000000000000
     0.130883778724364     0.090304690292622     0.000000000000000
     0.000000000000000    -0.000000000000000     0.000225174468947
5 32
    -0.060826940130026    -0.130883803673436    -0.000000000000000
    -0.130883741684576     0.090304636608682     0.000000000000000
     0.000000000000000     0.000000000000000     0.000225174468947
5 33
     0.410567785637978     0.572257699930373    -0.000000000000000
     1.141180853958854     0.696413394612853     0.000000000000000
    -0.000000000000000    -0.000000000000000     0.275184982234260
5 34
     0.690474415972328     0.000000141604228     0.000000000000000
     0.000000141604228     0.690474906503762    -0.000000000000000
    -0.000000000000000     0.000000000000000    -0.058303007933635
5 35
     0.410567550918086    -0.572257531529875    -0.000000000000000
    -1.141180568314736     0.696412926540439     0.000000000000000
    -0.000000000000000     0.000000000000000     0.275184982234260
5 36
     1.254429504039983     0.000000257261555     0.000000000000000
    -0.000000382132182    -1.863310767488381    -0.000000000000000
    -0.000000000000000    -0.000000000000000    -0.210802570416274
5 37
   -11.632984537539578    -6.466582365406063     0.000000000000000
    -6.466582365406063   -19.099957954178848    -0.000000000000000
     0.000000000000001     0.000000000000000    -4.828565844896779
5 38
    -0.116988737053854     0.836595881441588    -0.000000000000000
     0.267672727413107     1.223970167164801     0.000000000000000
     0.000000000000000    -0.000000000000000     0.275184982234260
5 39
    -0.116989080195990    -0.836595929426347    -0.000000000000000
    -0.267672225383732     1.223970057374914     0.000000000000000
     0.000000000000000     0.000000000000000     0.275184982234260
5 40
   -11.632981885176527     6.466577593963229     0.000000000000000
     6.466574531277457   -19.099955301814543    -0.000000000000000
     0.000000000000001    -0.000000000000001    -4.828565844896779
5 41
   -22.833422982652849    -0.000004682735746     0.000000000000000
    -0.000001620049975    -7.899508899610870    -0.000000000000000
     0.000000000000002    -0.000000000000000    -4.828565844896780
5 42
    -1.083874983663303    -1.350021427251814     0.000000000000000
    -1.350020787858078     0.474994827677341    -0.000000000000000
     0.000000000000000     0.000000000000000    -0.210802570416274
5 43
    -0.229950396668087    -0.000000047158805    -0.000000000000000
     0.000000120881165     0.589427392654092     0.000000000000000
     0.000000000000000     0.000000000000000     0.004684487930264
5 44
    -1.083874429932217     1.350020982684318     0.000000000000000
     1.350020982684318     0.474995381408690    -0.000000000000000
     0.000000000000000    -0.000000000000000    -0.210802570416274
5 45
     1.366891862306822     0.589047039094261    -0.000000000000000
     0.020123335051647    -0.259911587920205     0.000000000000000
    -0.000000000000000    -0.000000000000000     0.275184982234260
5 46
     1.366891620700616    -0.589046478443077    -0.000000000000000
    -0.020123441658216    -0.259911596174115     0.000000000000000
    -0.000000000000000     0.000000000000000     0.275184982234260
5 47
     0.384582558501645    -0.354800898271901    -0.000000000000000
    -0.354800898271901    -0.025106144623170     0.000000000000000
    -0.000000000000000     0.000000000000000     0.004684487930264
5 48
     0.384582704028493     0.354801056014245    -0.000000000000000
     0.354800887974276    -0.025105999096253     0.000000000000000
    -0.000000000000000    -0.000000000000000     0.004684487930264
5 49
     0.047523979212513     0.076580757912445    -0.000000000000000
     0.189230676786283    -0.216296178636756     0.000000000000000
     0.000000000000000    -0.000000000000000     0.036036811570408
5 50
     0.088448060773083     0.080999100605833     0.000000000000000
     0.080999100605833     0.181977829890102    -0.000000000000000
    -0.000000000000000    -0.000000000000000    -0.001741880973676
5 51
     0.088448027550116    -0.080999064327539     0.000000000000000
    -0.080999025964952     0.181977796667120    -0.000000000000000
    -0.000000000000000     0.000000000000000    -0.001741880973676
5 52
     0.047523947801791    -0.076580738419777    -0.000000000000000
    -0.189230765503363    -0.216296256252579     0.000000000000000
    -0.000000000000000    -0.000000000000000     0.036036811570408
5 53
    -0.536010769556857    -0.000000109926435    -0.000000000000000
    -0.000000109926435    -0.536011150353199     0.000000000000000
     0.000000000000000    -0.000000000000000     0.700876702223261
5 54
    -0.265440762619316     0.008540356053761    -0.000000000000000
    -0.104109562820077     0.096668711420720     0.000000000000000
     0.000000000000000    -0.000000000000000     0.036036811570408
5 55
    -0.099751524503929    -0.000000020457293    -0.000000000000000
     0.000000056674071     0.276347851065301     0.000000000000000
     0.000000000000000     0.000000000000000     0.001132007888846
5 56
    -0.265440766122291    -0.008540464928279    -0.000000000000000
     0.104109602470182     0.096668754122830     0.000000000000000
     0.000000000000000     0.000000000000000     0.036036811570408
5 57
    -0.035241300941214     0.237015357133034    -0.000000000000000
     0.124365289734573    -0.133530820084792     0.000000000000000
     0.000000000000000    -0.000000000000000     0.036036811570408
5 58
    -0.035241398156558    -0.237015371587802    -0.000000000000000
    -0.124365344504216    -0.133530871095096     0.000000000000000
     0.000000000000000     0.000000000000000     0.036036811570408
5 59
    -0.016718408761529    -0.111197298923687    -0.000000000000000
    -0.111197246258696     0.111681186741864     0.000000000000000
     0.000000000000000     0.000000000000000     0.004511465586277
5 60
    -0.016718363152320     0.111197292066390    -0.000000000000000
     0.111197292066390     0.111681232351095     0.000000000000000
     0.000000000000000    -0.000000000000000     0.004511465586277
5 61
     0.182322893328290     0.162855836306687    -0.000000000000000
     0.162855759175323    -0.005726700362360     0.000000000000000
    -0.000000000000000    -0.000000000000000     0.001132007888846
5 62
     0.228742503914419     0.000000046911087     0.000000000000000
     0.000000008548500     0.041683253856867    -0.000000000000000
    -0.000000000000000     0.000000000000000    -0.001741880973676
5 63
     0.182322826530585    -0.162855761524227    -0.000000000000000
    -0.162855761524227    -0.005726767160096     0.000000000000000
    -0.000000000000000     0.000000000000000     0.001132007888846
5 64
     0.175880888286303     0.000000036070094    -0.000000000000000
    -0.000000016594896    -0.080918201524408     0.000000000000000
    -0.000000000000000     0.000000000000000     0.004511465586277
6 1
    -2.831370089593398     2.369306680168138     0.000000000000000
     4.117492455189235     0.913927405925203     0.000000000000000
     0.000000000000000    -0.000000000000000     0.004931443580811
6 2
    -2.831369117787597    -2.369305518839354     0.000000000000000
    -4.117492830050372     0.913929094776671     0.000000000000000
     0.000000000000000     0.000000000000000     0.004931443580811
6 3
    -0.375880020808884    -0.298681878217139     0.000000000000000
    -0.298681736756123    -0.720768584109861     0.000000000000000
     0.000000000000000     0.000000000000000    -0.022205761253713
6 4
    -0.375880143317688     0.298682032390001     0.000000000000000
     0.298682032390001    -0.720768706618723     0.000000000000000
     0.000000000000000    -0.000000000000000    -0.022205761253713
6 5
     2.786468462475538     0.874031086808262    -0.000000000000000
    -0.874154688212834    -4.703913806851612    -0.000000000000000
    -0.000000000000000    -0.000000000000000     0.004931443580811
6 6
    52.115137391837216    -0.000010687903281    -0.000000000000001
    -0.000010687903284    52.115174415820285    -0.000000000000000
    -0.000000000000004    -0.000000000000001    13.528368586741376
6 7
     2.786468820972500    -0.874032229720244    -0.000000000000000
     0.874156617592458    -4.703914165399686     0.000000000000000
    -0.000000000000000     0.000000000000000     0.004931443580811
6 8
     0.616578241128517    -0.000000126449415    -0.000000000000000
     0.000000206899315    -1.008859605093578    -0.000000000000000
    -0.000000000000000     0.000000000000000     0.101491716499343
6 9
    -0.375906412252307    -0.298555707156145     0.000000000000000
    -0.298555565754885    -0.720649285751725     0.000000000000000
     0.000000000000000     0.000000000000000    -0.022201466372834
6 10
    -2.831261197522594    -4.117555137859178    -0.000000000000000
    -2.369367826648161     0.913821174460555    -0.000000000000000
     0.000000000000000     0.000000000000000     0.004931443580811
6 11
    -2.831262886398734     4.117556299143843    -0.000000000000000
     2.369367451831141     0.913820202628822    -0.000000000000000
     0.000000000000000    -0.000000000000000     0.004931443580811
6 12
    -0.375906534709360     0.298555861339832     0.000000000000000
     0.298555861339832    -0.720649408208836     0.000000000000000
     0.000000000000000    -0.000000000000000    -0.022201466372834
6 13
    -0.893020015777785     0.000000183142788     0.000000000000000
     0.000000041741529    -0.203535437312081     0.000000000000000
     0.000000000000000    -0.000000000000000    -0.022201466372834
6 14
    -0.602499461653666    -0.703835132988084    -0.000000000000000
    -0.703835132988084     0.210219252442477    -0.000000000000000
     0.000000000000000     0.000000000000000     0.101491716499343
6 15
    -0.893212158935448     0.000000183182194     0.000000000000000
     0.000000041721177    -0.203436200965630    -0.000000000000000
     0.000000000000000     0.000000000000000    -0.022205761253713
6 16
    -0.602499750342065     0.703835380112350    -0.000000000000000
     0.703835046763619     0.210218963753941    -0.000000000000000
     0.000000000000000    -0.000000000000000     0.101491716499343
6 17
    -0.222597095477408     0.000000045650772     0.000000000000000
    -0.000000116105198     0.566139353591512     0.000000000000000
     0.000000000000000     0.000000000000000    -0.053998310183965
6 18
    -0.245155026046599    -0.167978526005680    -0.000000000000000
    -0.167753394409290    -0.105194448541635    -0.000000000000000
     0.000000000000000     0.000000000000000     0.011003178035021
6 19
    -0.299311430573754     0.000000061383540     0.000000000000000
     0.000000061383540    -0.299311643212575     0.000000000000000
     0.000000000000000     0.000000000000000    -0.001995278945543
6 20
    -0.245155094945487     0.167978626559711    -0.000000000000000
     0.167753437556356    -0.105194517348219    -0.000000000000000
     0.000000000000000    -0.000000000000000     0.011003178035021
6 21
     0.287138764235260    -0.078669578535922     0.000000000000000
    -0.078669578535922     0.377978726430432     0.000000000000000
    -0.000000000000000    -0.000000000000000    -0.349822342482687
6 22
     0.287138731967798     0.078669460761650     0.000000000000000
     0.078669423502385     0.377978694162955     0.000000000000000
    -0.000000000000000    -0.000000000000000    -0.349822342482687
6 23
     0.005191598909568    -0.023215679867683    -0.000000000000000
    -0.023440720911118    -0.355541310635053    -0.000000000000000
     0.000000000000000     0.000000000000000     0.011003178035021
6 24
     0.005191589387316     0.023215677738273    -0.000000000000000
     0.023440866741627    -0.355541320249647    -0.000000000000000
    -0.000000000000000     0.000000000000000     0.011003178035021
6 25
     0.368955009716501    -0.341532964156567     0.000000000000000
    -0.341532802400597    -0.025413031771955     0.000000000000000
    -0.000000000000000     0.000000000000000    -0.053998310183965
6 26
     0.423398288605332    -0.000000086831585     0.000000000000000
    -0.000000049572319     0.241719072990480     0.000000000000000
    -0.000000000000000    -0.000000000000000    -0.349822342482687
6 27
     0.368954869631755     0.341532812824155     0.000000000000000
     0.341532812824155    -0.025413171856767     0.000000000000000
    -0.000000000000000    -0.000000000000000    -0.053998310183965
6 28
     0.165870355587820    -0.000000034017109    -0.000000000000000
     0.000000027971751    -0.136392766477020    -0.000000000000000
    -0.000000000000000     0.000000000000000     0.000225174468947
6 29
    -0.060826886446111    -0.130883778724364    -0.000000000000000
    -0.130883778724364     0.090304690292622    -0.000000000000000
     0.000000000000000     0.000000000000000     0.000225174468947
6 30
    -0.285560707095421    -0.144425158054631    -0.000000000000000
    -0.144650289651021    -0.064788748355967    -0.000000000000000
     0.000000000000000     0.000000000000000     0.011003178035021
6 31
    -0.285560766333551     0.144425275181658    -0.000000000000000
     0.144650316225093    -0.064788807686462    -0.000000000000000
     0.000000000000000    -0.000000000000000     0.011003178035021
6 32
    -0.060826940130026     0.130883803673436    -0.000000000000000
     0.130883741684576     0.090304636608682    -0.000000000000000
     0.000000000000000    -0.000000000000000     0.000225174468947
6 33
     1.254429504039983    -0.000000257261555     0.000000000000000
     0.000000382132182    -1.863310767488381     0.000000000000000
    -0.000000000000000     0.000000000000000    -0.210802570416274
6 34
     0.410567550918086     0.572257531529875    -0.000000000000000
     1.141180568314736     0.696412926540439    -0.000000000000000
    -0.000000000000000    -0.000000000000000     0.275184982234260
6 35
     0.690474415972328    -0.000000141604228     0.000000000000000
    -0.000000141604228     0.690474906503762     0.000000000000000
    -0.000000000000000    -0.000000000000000    -0.058303007933635
6 36
     0.410567785637977    -0.572257699930373    -0.000000000000000
    -1.141180853958854     0.696413394612853    -0.000000000000000
    -0.000000000000000     0.000000000000000     0.275184982234260
6 37
   -11.632984537539578     6.466582365406061     0.000000000000000
     6.466582365406061   -19.099957954178848     0.000000000000000
     0.000000000000001    -0.000000000000000    -4.828565844896779
6 38
   -11.632981885176529    -6.466577593963233     0.000000000000000
    -6.466574531277461   -19.099955301814543     0.000000000000000
     0.000000000000001     0.000000000000001    -4.828565844896779
6 39
    -0.116989080195989     0.836595929426347    -0.000000000000000
     0.267672225383733     1.223970057374914    -0.000000000000000
     0.000000000000000    -0.000000000000000     0.275184982234260
6 40
    -0.116988737053854    -0.836595881441588    -0.000000000000000
    -0.267672727413107     1.223970167164801    -0.000000000000000
     0.000000000000000     0.000000000000000     0.275184982234260
6 41
    -1.083874983663303     1.350021427251814     0.000000000000000
     1.350020787858078     0.474994827677341     0.000000000000000
     0.000000000000000    -0.000000000000000    -0.210802570416274
6 42
   -22.833422982652849     0.000004682735744     0.000000000000000
     0.000001620049973    -7.899508899610870     0.000000000000000
     0.000000000000002     0.000000000000000    -4.828565844896780
6 43
    -1.083874429932217    -1.350020982684318     0.000000000000000
    -1.350020982684319     0.474995381408690     0.000000000000000
     0.000000000000000     0.000000000000000    -0.210802570416274
6 44
    -0.229950396668087     0.000000047158805    -0.000000000000000
    -0.000000120881165     0.589427392654092    -0.000000000000000
     0.000000000000000    -0.000000000000000     0.004684487930264
6 45
     0.384582558501645     0.354800898271901    -0.000000000000000
     0.354800898271901    -0.025106144623170    -0.000000000000000
    -0.000000000000000    -0.000000000000000     0.004684487930264
6 46
     1.366891620700616     0.589046478443076    -0.000000000000000
     0.020123441658216    -0.259911596174115    -0.000000000000000
    -0.000000000000000    -0.000000000000000     0.275184982234260
6 47
     1.366891862306822    -0.589047039094261    -0.000000000000000
    -0.020123335051647    -0.259911587920205    -0.000000000000000
    -0.000000000000000     0.000000000000000     0.275184982234260
6 48
     0.384582704028493    -0.354801056014245    -0.000000000000000
    -0.354800887974276    -0.025105999096253    -0.000000000000000
    -0.000000000000000     0.000000000000000     0.004684487930264
6 49
     0.047523979212513    -0.076580757912445    -0.000000000000000
    -0.189230676786283    -0.216296178636756    -0.000000000000000
     0.000000000000000     0.000000000000000     0.036036811570408
6 50
     0.047523947801791     0.076580738419777    -0.000000000000000
     0.189230765503363    -0.216296256252579    -0.000000000000000
    -0.000000000000000     0.000000000000000     0.036036811570408
6 51
     0.088448027550116     0.080999064327539     0.000000000000000
     0.080999025964952     0.181977796667120     0.000000000000000
    -0.000000000000000    -0.000000000000000    -0.001741880973676
6 52
     0.088448060773083    -0.080999100605833     0.000000000000000
    -0.080999100605833     0.181977829890102     0.000000000000000
    -0.000000000000000     0.000000000000000    -0.001741880973676
6 53
    -0.265440762619316    -0.008540356053761    -0.000000000000000
     0.104109562820077     0.096668711420720    -0.000000000000000
     0.000000000000000     0.000000000000000     0.036036811570408
6 54
    -0.536010769556857     0.000000109926435    -0.000000000000000
     0.000000109926435    -0.536011150353199    -0.000000000000000
     0.000000000000000     0.000000000000000     0.700876702223261
6 55
    -0.265440766122291     0.008540464928279    -0.000000000000000
    -0.104109602470182     0.096668754122830    -0.000000000000000
     0.000000000000000    -0.000000000000000     0.036036811570408
6 56
    -0.099751524503929     0.000000020457293    -0.000000000000000
    -0.000000056674071     0.276347851065301    -0.000000000000000
     0.000000000000000    -0.000000000000000     0.001132007888846
6 57
    -0.016718408761529     0.111197298923687    -0.000000000000000
     0.111197246258696     0.111681186741864    -0.000000000000000
     0.000000000000000    -0.000000000000000     0.004511465586277
6 58
    -0.035241398156558     0.237015371587802    -0.000000000000000
     0.124365344504216    -0.133530871095096    -0.000000000000000
     0.000000000000000    -0.000000000000000     0.036036811570408
6 59
    -0.035241300941214    -0.237015357133034    -0.000000000000000
    -0.124365289734573    -0.133530820084792    -0.000000000000000
     0.000000000000000     0.000000000000000     0.036036811570408
6 60
    -0.016718363152320    -0.111197292066390    -0.000000000000000
    -0.111197292066390     0.111681232351095    -0.000000000000000
     0.000000000000000     0.000000000000000     0.004511465586277
6 61
     0.175880888286303    -0.000000036070094    -0.000000000000000
     0.000000016594896    -0.080918201524408    -0.000000000000000
    -0.000000000000000    -0.000000000000000     0.004511465586277
6 62
     0.182322826530585     0.162855761524227    -0.000000000000000
     0.162855761524227    -0.005726767160096    -0.000000000000000
    -0.000000000000000    -0.000000000000000     0.001132007888846
6 63
     0.228742503914419    -0.000000046911087     0.000000000000000
    -0.000000008548500     0.041683253856867     0.000000000000000
    -0.000000000000000    -0.000000000000000    -0.001741880973676
6 64
     0.182322893328290    -0.162855836306687    -0.000000000000000
    -0.162855759175323    -0.005726700362360    -0.000000000000000
    -0.000000000000000     0.000000000000000     0.001132007888846
7 1
    -0.375880143317688     0.298682032390001     0.000000000000000
     0.298682032390001    -0.720768706618723     0.000000000000000
     0.000000000000000    -0.000000000000000    -0.022205761253713
7 2
    -2.831370089593398     2.369306680168138     0.000000000000000
     4.117492455189235     0.913927405925203     0.000000000000000
     0.000000000000000    -0.000000000000000     0.004931443580811
7 3
    -2.831369117787597    -2.369305518839354     0.000000000000000
    -4.117492830050372     0.913929094776671     0.000000000000000
     0.000000000000000     0.000000000000000     0.004931443580811
7 4
    -0.375880020808884    -0.298681878217139     0.000000000000000
    -0.298681736756123    -0.720768584109861     0.000000000000000
     0.000000000000000     0.000000000000000    -0.022205761253713
7 5
     0.616578241128517    -0.000000126449415    -0.000000000000000
     0.000000206899315    -1.008859605093578    -0.000000000000000
    -0.000000000000000     0.000000000000000     0.101491716499343
7 6
     2.786468462475538     0.874031086808262    -0.000000000000000
    -0.874154688212834    -4.703913806851612    -0.000000000000000
    -0.000000000000000    -0.000000000000000     0.004931443580811
7 7
    52.115137391837216    -0.000010687903281    -0.000000000000001
    -0.000010687903284    52.115174415820285    -0.000000000000000
    -0.000000000000004    -0.000000000000001    13.528368586741376
7 8
     2.786468820972500    -0.874032229720244    -0.000000000000000
     0.874156617592458    -4.703914165399686     0.000000000000000
    -0.000000000000000     0.000000000000000     0.004931443580811
7 9
    -0.375906534709360     0.298555861339832     0.000000000000000
     0.298555861339832    -0.720649408208836     0.000000000000000
     0.000000000000000    -0.000000000000000    -0.022201466372834
7 10
    -0.375906412252307    -0.298555707156145     0.000000000000000
    -0.298555565754885    -0.720649285751725     0.000000000000000
     0.000000000000000     0.000000000000000    -0.022201466372834
7 11
    -2.831261197522594    -4.117555137859178    -0.000000000000000
    -2.369367826648161     0.913821174460555    -0.000000000000000
     0.000000000000000     0.000000000000000     0.004931443580811
7 12
    -2.831262886398734     4.117556299143843    -0.000000000000000
     2.369367451831141     0.913820202628822    -0.000000000000000
     0.000000000000000    -0.000000000000000     0.004931443580811
7 13
    -0.602499750342065     0.703835380112350    -0.000000000000000
     0.703835046763619     0.210218963753941    -0.000000000000000
     0.000000000000000    -0.000000000000000     0.101491716499343
7 14
    -0.893020015777785     0.000000183142788     0.000000000000000
     0.000000041741529    -0.203535437312081     0.000000000000000
     0.000000000000000    -0.000000000000000    -0.022201466372834
7 15
    -0.602499461653666    -0.703835132988084    -0.000000000000000
    -0.703835132988084     0.210219252442477    -0.000000000000000
     0.000000000000000     0.000000000000000     0.101491716499343
7 16
    -0.893212158935448     0.000000183182194     0.000000000000000
     0.000000041721177    -0.203436200965630    -0.000000000000000
     0.000000000000000     0.000000000000000    -0.022205761253713
7 17
    -0.245155094945487     0.167978626559711    -0.000000000000000
     0.167753437556356    -0.105194517348219    -0.000000000000000
     0.000000000000000    -0.000000000000000     0.011003178035021
7 18
    -0.222597095477408     0.000000045650772     0.000000000000000
    -0.000000116105198     0.566139353591512     0.000000000000000
     0.000000000000000     0.000000000000000    -0.053998310183965
7 19
    -0.245155026046599    -0.167978526005680    -0.000000000000000
    -0.167753394409290    -0.105194448541635    -0.000000000000000
     0.000000000000000     0.000000000000000     0.011003178035021
7 20
    -0.299311430573754     0.000000061383540     0.000000000000000
     0.000000061383540    -0.299311643212575     0.000000000000000
     0.000000000000000     0.000000000000000    -0.001995278945543
7 21
     0.005191589387316     0.023215677738273    -0.000000000000000
     0.023440866741627    -0.355541320249647    -0.000000000000000
    -0.000000000000000     0.000000000000000     0.011003178035021
7 22
     0.287138764235260    -0.078669578535922     0.000000000000000
    -0.078669578535922     0.377978726430432     0.000000000000000
    -0.000000000000000    -0.000000000000000    -0.349822342482687
7 23
     0.287138731967798     0.078669460761650     0.000000000000000
     0.078669423502385     0.377978694162955     0.000000000000000
    -0.000000000000000    -0.000000000000000    -0.349822342482687
7 24
     0.005191598909568    -0.023215679867683    -0.000000000000000
    -0.023440720911118    -0.355541310635053    -0.000000000000000
     0.000000000000000     0.000000000000000     0.011003178035021
7 25
     0.165870355587820    -0.000000034017109    -0.000000000000000
     0.000000027971751    -0.136392766477020    -0.000000000000000
    -0.000000000000000     0.000000000000000     0.000225174468947
7 26
     0.368955009716501    -0.341532964156567     0.000000000000000
    -0.341532802400597    -0.025413031771955     0.000000000000000
    -0.000000000000000     0.000000000000000    -0.053998310183965
7 27
     0.423398288605332    -0.000000086831585     0.000000000000000
    -0.000000049572319     0.241719072990480     0.000000000000000
    -0.000000000000000    -0.000000000000000    -0.349822342482687
7 28
     0.368954869631755     0.341532812824155     0.000000000000000
     0.341532812824155    -0.025413171856767     0.000000000000000
    -0.000000000000000    -0.000000000000000    -0.053998310183965
7 29
    -0.060826940130026     0.130883803673436    -0.000000000000000
     0.130883741684576     0.090304636608682    -0.000000000000000
     0.000000000000000    -0.000000000000000     0.000225174468947
7 30
    -0.060826886446111    -0.130883778724364    -0.000000000000000
    -0.130883778724364     0.090304690292622    -0.000000000000000
     0.000000000000000     0.000000000000000     0.000225174468947
7 31
    -0.285560707095421    -0.144425158054631    -0.000000000000000
    -0.144650289651021    -0.064788748355967    -0.000000000000000
     0.000000000000000     0.000000000000000     0.011003178035021
7 32
    -0.285560766333551     0.144425275181658    -0.000000000000000
     0.144650316225093    -0.064788807686462    -0.000000000000000
     0.000000000000000    -0.000000000000000     0.011003178035021
7 33
     0.410567785637977    -0.572257699930373    -0.000000000000000
    -1.141180853958854     0.696413394612853    -0.000000000000000
    -0.000000000000000     0.000000000000000     0.275184982234260
7 34
     1.254429504039983    -0.000000257261555     0.000000000000000
     0.000000382132182    -1.863310767488381     0.000000000000000
    -0.000000000000000     0.000000000000000    -0.210802570416274
7 35
     0.410567550918086     0.572257531529875    -0.000000000000000
     1.141180568314736     0.696412926540439    -0.000000000000000
    -0.000000000000000    -0.000000000000000     0.275184982234260
7 36
     0.690474415972328    -0.000000141604228     0.000000000000000
    -0.000000141604228     0.690474906503762     0.000000000000000
    -0.000000000000000    -0.000000000000000    -0.058303007933635
7 37
    -0.116988737053854    -0.836595881441588    -0.000000000000000
    -0.267672727413107     1.223970167164801    -0.000000000000000
     0.000000000000000     0.000000000000000     0.275184982234260
7 38
   -11.632984537539578     6.466582365406061     0.000000000000000
     6.466582365406061   -19.099957954178848     0.000000000000000
     0.000000000000001    -0.000000000000000    -4.828565844896779
7 39
   -11.632981885176529    -6.466577593963233     0.000000000000000
    -6.466574531277461   -19.099955301814543     0.000000000000000
     0.000000000000001     0.000000000000001    -4.828565844896779
7 40
    -0.116989080195989     0.836595929426347    -0.000000000000000
     0.267672225383733     1.223970057374914    -0.000000000000000
     0.000000000000000    -0.000000000000000     0.275184982234260
7 41
    -0.229950396668087     0.000000047158805    -0.000000000000000
    -0.000000120881165     0.589427392654092    -0.000000000000000
     0.000000000000000    -0.000000000000000     0.004684487930264
7 42
    -1.083874983663303     1.350021427251814     0.000000000000000
     1.350020787858078     0.474994827677341     0.000000000000000
     0.000000000000000    -0.000000000000000    -0.210802570416274
7 43
   -22.833422982652849     0.000004682735744     0.000000000000000
     0.000001620049973    -7.899508899610870     0.000000000000000
     0.000000000000002     0.000000000000000    -4.828565844896780
7 44
    -1.083874429932217    -1.350020982684318     0.000000000000000
    -1.350020982684319     0.474995381408690     0.000000000000000
     0.000000000000000     0.000000000000000    -0.210802570416274
7 45
     0.384582704028493    -0.354801056014245    -0.000000000000000
    -0.354800887974276    -0.025105999096253    -0.000000000000000
    -0.000000000000000     0.000000000000000     0.004684487930264
7 46
     0.384582558501645     0.354800898271901    -0.000000000000000
     0.354800898271901    -0.025106144623170    -0.000000000000000
    -0.000000000000000    -0.000000000000000     0.004684487930264
7 47
     1.366891620700616     0.589046478443076    -0.000000000000000
     0.020123441658216    -0.259911596174115    -0.000000000000000
    -0.000000000000000    -0.000000000000000     0.275184982234260
7 48
     1.366891862306822    -0.589047039094261    -0.000000000000000
    -0.020123335051647    -0.259911587920205    -0.000000000000000
    -0.000000000000000     0.000000000000000     0.275184982234260
7 49
     0.088448060773083    -0.080999100605833     0.000000000000000
    -0.080999100605833     0.181977829890102     0.000000000000000
    -0.000000000000000     0.000000000000000    -0.001741880973676
7 50
     0.047523979212513    -0.076580757912445    -0.000000000000000
    -0.189230676786283    -0.216296178636756    -0.000000000000000
     0.000000000000000     0.000000000000000     0.036036811570408
7 51
     0.047523947801791     0.076580738419777    -0.000000000000000
     0.189230765503363    -0.216296256252579    -0.000000000000000
    -0.000000000000000     0.000000000000000     0.036036811570408
7 52
     0.088448027550116     0.080999064327539     0.000000000000000
     0.080999025964952     0.181977796667120     0.000000000000000
    -0.000000000000000    -0.000000000000000    -0.001741880973676
7 53
    -0.099751524503929     0.000000020457293    -0.000000000000000
    -0.000000056674071     0.276347851065301    -0.000000000000000
     0.000000000000000    -0.000000000000000     0.001132007888846
7 54
    -0.265440762619316    -0.008540356053761    -0.000000000000000
     0.104109562820077     0.096668711420720    -0.000000000000000
     0.000000000000000     0.000000000000000     0.036036811570408
7 55
    -0.536010769556857     0.000000109926435    -0.000000000000000
     0.000000109926435    -0.536011150353199    -0.000000000000000
     0.000000000000000     0.000000000000000     0.700876702223261
7 56
    -0.265440766122291     0.008540464928279    -0.000000000000000
    -0.104109602470182     0.096668754122830    -0.000000000000000
     0.000000000000000    -0.000000000000000     0.036036811570408
7 57
    -0.016718363152320    -0.111197292066390    -0.000000000000000
    -0.111197292066390     0.111681232351095    -0.000000000000000
     0.000000000000000     0.000000000000000     0.004511465586277
7 58
    -0.016718408761529     0.111197298923687    -0.000000000000000
     0.111197246258696     0.111681186741864    -0.000000000000000
     0.000000000000000    -0.000000000000000     0.004511465586277
7 59
    -0.035241398156558     0.237015371587802    -0.000000000000000
     0.124365344504216    -0.133530871095096    -0.000000000000000
     0.000000000000000    -0.000000000000000     0.036036811570408
7 60
    -0.035241300941214    -0.237015357133034    -0.000000000000000
    -0.124365289734573    -0.133530820084792    -0.000000000000000
     0.000000000000000     0.000000000000000     0.036036811570408
7 61
     0.182322893328290    -0.162855836306687    -0.000000000000000
    -0.162855759175323    -0.005726700362360    -0.000000000000000
    -0.000000000000000     0.000000000000000     0.001132007888846
7 62
     0.175880888286303    -0.000000036070094    -0.000000000000000
     0.000000016594896    -0.080918201524408    -0.000000000000000
    -0.000000000000000    -0.000000000000000     0.004511465586277
7 63
     0.182322826530585     0.162855761524227    -0.000000000000000
     0.162855761524227    -0.005726767160096    -0.000000000000000
    -0.000000000000000    -0.000000000000000     0.001132007888846
7 64
     0.228742503914419    -0.000000046911087     0.000000000000000
    -0.000000008548500     0.041683253856867     0.000000000000000
    -0.000000000000000    -0.000000000000000    -0.001741880973676
8 1
    -0.375880215580870    -0.298681849207808     0.000000000000000
    -0.298681990668824    -0.720768389337783     0.000000000000000
     0.000000000000000     0.000000000000000    -0.022205761253713
8 2
    -0.375880215580870     0.298681849207808    -0.000000000000000
     0.298681990668824    -0.720768389337783     0.000000000000000
    -0.000000000000000     0.000000000000000    -0.022205761253713
8 3
    -2.831370609430486     2.369305257895033    -0.000000000000000
     4.117494105207735     0.913927925711593    -0.000000000000000
    -0.000000000000000    -0.000000000000000     0.004931443580811
8 4
    -2.831370609430486    -2.369305257895033     0.000000000000000
    -4.117494105207735     0.913927925711594    -0.000000000000000
     0.000000000000000    -0.000000000000000     0.004931443580811
8 5
     2.786469631514591    -0.874031347796702    -0.000000000000000
     0.874155963414314    -4.703912315233487    -0.000000000000000
    -0.000000000000000     0.000000000000000     0.004931443580811
8 6
     0.616578460145275     0.000000000000000    -0.000000000000000
    -0.000000000000000    -1.008859246733368    -0.000000000000000
    -0.000000000000000     0.000000000000000     0.101491716499343
8 7
     2.786469631514591     0.874031347796703     0.000000000000000
    -0.874155963414315    -4.703912315233486     0.000000000000000
    -0.000000000000000     0.000000000000000     0.004931443580811
8 8
    52.115155903824352     0.000000000000001     0.000000000000000
    -0.000000000000001    52.115155903824380    -0.000000000000001
    -0.000000000000001    -0.000000000000004    13.528368586741376
8 9
    -2.831263047662445     4.117554255891520    -0.000000000000000
     2.369368480870424     0.913820363943552    -0.000000000000000
    -0.000000000000000    -0.000000000000000     0.004931443580811
8 10
    -0.375906607007792     0.298555678197044     0.000000000000000
     0.298555819598303    -0.720649090996147     0.000000000000000
    -0.000000000000000     0.000000000000000    -0.022201466372834
8 11
    -0.375906607007792    -0.298555678197044     0.000000000000000
    -0.298555819598303    -0.720649090996147     0.000000000000000
     0.000000000000000     0.000000000000000    -0.022201466372834
8 12
    -2.831263047662445    -4.117554255891520    -0.000000000000000
    -2.369368480870423     0.913820363943553     0.000000000000000
     0.000000000000000     0.000000000000000     0.004931443580811
8 13
    -0.893212476216238    -0.000000000000000     0.000000000000000
    -0.000000000000000    -0.203436128702414     0.000000000000000
     0.000000000000000     0.000000000000000    -0.022205761253713
8 14
    -0.602499820013707     0.703835006538669     0.000000000000000
     0.703835339887399     0.210219033425615    -0.000000000000000
    -0.000000000000000    -0.000000000000000     0.101491716499343
8 15
    -0.893020332990324    -0.000000000000000    -0.000000000000000
     0.000000000000000    -0.203535365013615     0.000000000000000
     0.000000000000000     0.000000000000000    -0.022201466372834
8 16
    -0.602499820013706    -0.703835006538669    -0.000000000000000
    -0.703835339887399     0.210219033425615    -0.000000000000000
     0.000000000000000     0.000000000000000     0.101491716499343
8 17
    -0.299311536893139    -0.000000000000000     0.000000000000000
    -0.000000000000000    -0.299311536893139     0.000000000000000
     0.000000000000000     0.000000000000000    -0.001995278945543
8 18
    -0.245155147578368     0.167978516614494    -0.000000000000000
     0.167753475571059    -0.105194445578462    -0.000000000000000
    -0.000000000000000     0.000000000000000     0.011003178035021
8 19
    -0.222597174546844     0.000000000000000    -0.000000000000000
     0.000000000000000     0.566139152491362     0.000000000000000
     0.000000000000000    -0.000000000000000    -0.053998310183965
8 20
    -0.245155147578368    -0.167978516614494    -0.000000000000000
    -0.167753475571059    -0.105194445578462    -0.000000000000000
     0.000000000000000     0.000000000000000     0.011003178035021
8 21
     0.005191595992565    -0.023215670556463    -0.000000000000000
    -0.023440802152853    -0.355541189149395    -0.000000000000000
     0.000000000000000     0.000000000000000     0.011003178035021
8 22
     0.005191595992565     0.023215670556463     0.000000000000000
     0.023440802152853    -0.355541189149395    -0.000000000000000
    -0.000000000000000     0.000000000000000     0.011003178035021
8 23
     0.287138850097016    -0.078669491704337    -0.000000000000000
    -0.078669528963602     0.377978576033681     0.000000000000000
    -0.000000000000000    -0.000000000000000    -0.349822342482687
8 24
     0.287138850097016     0.078669491704337    -0.000000000000000
     0.078669528963602     0.377978576033681     0.000000000000000
    -0.000000000000000    -0.000000000000000    -0.349822342482687
8 25
     0.368955070731810     0.341532767173383     0.000000000000000
     0.341532928929353    -0.025413092787293     0.000000000000000
    -0.000000000000000    -0.000000000000000    -0.053998310183965
8 26
     0.165870414507167     0.000000000000000     0.000000000000000
    -0.000000000000000    -0.136392718028514    -0.000000000000000
    -0.000000000000000     0.000000000000000     0.000225174468947
8 27
     0.368955070731810    -0.341532767173383     0.000000000000000
    -0.341532928929353    -0.025413092787293     0.000000000000000
     0.000000000000000     0.000000000000000    -0.053998310183965
8 28
     0.423398439002013     0.000000000000000     0.000000000000000
    -0.000000000000000     0.241718987128684     0.000000000000000
    -0.000000000000000    -0.000000000000000    -0.349822342482687
8 29
    -0.285560838149442     0.144425165316407    -0.000000000000000
     0.144650354319761    -0.064788755007388    -0.000000000000000
    -0.000000000000000    -0.000000000000000     0.011003178035021
8 30
    -0.060826934894593     0.130883744707255     0.000000000000000
     0.130883806696115     0.090304631373247    -0.000000000000000
    -0.000000000000000    -0.000000000000000     0.000225174468947
8 31
    -0.060826934894593    -0.130883744707255     0.000000000000000
    -0.130883806696115     0.090304631373247    -0.000000000000000
     0.000000000000000    -0.000000000000000     0.000225174468947
8 32
    -0.285560838149442    -0.144425165316407     0.000000000000000
    -0.144650354319761    -0.064788755007388    -0.000000000000000
     0.000000000000000     0.000000000000000     0.011003178035021
8 33
     0.690474661237987     0.000000000000000    -0.000000000000000
    -0.000000000000000     0.690474661237987     0.000000000000000
    -0.000000000000000    -0.000000000000000    -0.058303007933635
8 34
     0.410567814117106    -0.572257412456686    -0.000000000000000
    -1.141181116499301     0.696412913201525    -0.000000000000000
     0.000000000000000    -0.000000000000000     0.275184982234260
8 35
     1.254429949629959    -0.000000000000000    -0.000000000000000
    -0.000000000000000    -1.863310105615872     0.000000000000000
    -0.000000000000000     0.000000000000000    -0.210802570416274
8 36
     0.410567814117106     0.572257412456686     0.000000000000000
     1.141181116499301     0.696412913201525    -0.000000000000000
    -0.000000000000000    -0.000000000000000     0.275184982234260
8 37
    -0.116988950180932     0.836595608264090     0.000000000000000
     0.267672571479229     1.223969677499563    -0.000000000000000
    -0.000000000000000    -0.000000000000000     0.275184982234260
8 38
    -0.116988950180932    -0.836595608264090    -0.000000000000000
    -0.267672571479229     1.223969677499563    -0.000000000000000
     0.000000000000000    -0.000000000000000     0.275184982234260
8 39
   -11.632987343547780     6.466577682670317     0.000000000000000
     6.466580745356088   -19.099949843440704     0.000000000000000
    -0.000000000000000     0.000000000000001    -4.828565844896779
8 40
   -11.632987343547784    -6.466577682670318    -0.000000000000000
    -6.466580745356088   -19.099949843440704     0.000000000000000
     0.000000000000001     0.000000000000001    -4.828565844896780
8 41
    -1.083875091804413    -1.350020725422764     0.000000000000000
    -1.350021364816500     0.474994935818502     0.000000000000000
     0.000000000000000    -0.000000000000000    -0.210802570416274
8 42
    -0.229950478349514     0.000000000000000    -0.000000000000000
     0.000000000000000     0.589427183281724    -0.000000000000000
     0.000000000000000    -0.000000000000000     0.004684487930264
8 43
    -1.083875091804413     1.350020725422764    -0.000000000000000
     1.350021364816500     0.474994935818502     0.000000000000000
    -0.000000000000000    -0.000000000000000    -0.210802570416274
8 44
   -22.833431093387151    -0.000000000000000     0.000000000000000
     0.000000000000001    -7.899506093601333     0.000000000000000
     0.000000000000001     0.000000000000001    -4.828565844896779
8 45
     1.366892227041772    -0.589046549531506    -0.000000000000000
    -0.020123395503025    -0.259911499723141    -0.000000000000000
    -0.000000000000000     0.000000000000000     0.275184982234260
8 46
     0.384582767873914    -0.354800851113096    -0.000000000000000
    -0.354801019153066    -0.025106062941704    -0.000000000000000
     0.000000000000000     0.000000000000000     0.004684487930264
8 47
     0.384582767873914     0.354800851113096     0.000000000000000
     0.354801019153066    -0.025106062941704    -0.000000000000000
    -0.000000000000000    -0.000000000000000     0.004684487930264
8 48
     1.366892227041772     0.589046549531507    -0.000000000000000
     0.020123395503025    -0.259911499723141    -0.000000000000000
    -0.000000000000000    -0.000000000000000     0.275184982234260
8 49
     0.088448075579516     0.080999053694746     0.000000000000000
     0.080999092057333     0.181977748637696     0.000000000000000
    -0.000000000000000    -0.000000000000000    -0.001741880973676
8 50
     0.088448075579516    -0.080999053694746     0.000000000000000
    -0.080999092057333     0.181977748637696     0.000000000000000
     0.000000000000000    -0.000000000000000    -0.001741880973676
8 51
     0.047523980388294    -0.076580720963621    -0.000000000000000
    -0.189230788362082    -0.216296140613404    -0.000000000000000
     0.000000000000000     0.000000000000000     0.036036811570408
8 52
     0.047523980388294     0.076580720963621     0.000000000000000
     0.189230788362082    -0.216296140613404    -0.000000000000000
    -0.000000000000000     0.000000000000000     0.036036811570408
8 53
    -0.265440858658879     0.008540407457354     0.000000000000000
    -0.104109619626232     0.096668698433769    -0.000000000000000
     0.000000000000000    -0.000000000000000     0.036036811570408
8 54
    -0.099751559936991    -0.000000000000000     0.000000000000000
     0.000000000000000     0.276347752902907    -0.000000000000000
     0.000000000000000    -0.000000000000000     0.001132007888846
8 55
    -0.265440858658879    -0.008540407457354     0.000000000000000
     0.104109619626232     0.096668698433769    -0.000000000000000
    -0.000000000000000    -0.000000000000000     0.036036811570408
8 56
    -0.536010959954983     0.000000000000000     0.000000000000000
     0.000000000000000    -0.536010959954983    -0.000000000000000
     0.000000000000000     0.000000000000000     0.700876702223261
8 57
    -0.035241362067080    -0.237015280169441     0.000000000000000
    -0.124365361295603    -0.133530798158030    -0.000000000000000
     0.000000000000000     0.000000000000000     0.036036811570408
8 58
    -0.016718391895517    -0.111197255996295    -0.000000000000000
    -0.111197308661286     0.111681169875844    -0.000000000000000
     0.000000000000000    -0.000000000000000     0.004511465586277
8 59
    -0.016718391895517     0.111197255996295    -0.000000000000000
     0.111197308661286     0.111681169875844    -0.000000000000000
    -0.000000000000000    -0.000000000000000     0.004511465586277
8 60
    -0.035241362067080     0.237015280169441     0.000000000000000
     0.124365361295603    -0.133530798158030    -0.000000000000000
    -0.000000000000000     0.000000000000000     0.036036811570408
8 61
     0.228742585166786     0.000000000000000     0.000000000000000
    -0.000000000000000     0.041683239050426     0.000000000000000
    -0.000000000000000    -0.000000000000000    -0.001741880973676
8 62
     0.182322924692932    -0.162855741066934    -0.000000000000000
    -0.162855818198298    -0.005726731727017    -0.000000000000000
     0.000000000000000     0.000000000000000     0.001132007888846
8 63
     0.175880950761524    -0.000000000000000     0.000000000000000
    -0.000000000000000    -0.080918172781197    -0.000000000000000
    -0.000000000000000     0.000000000000000     0.004511465586277
8 64
     0.182322924692932     0.162855741066934    -0.000000000000000
     0.162855818198298    -0.005726731727017    -0.000000000000000
    -0.000000000000000    -0.000000000000000     0.001132007888846
9 1
    -0.602499820013706    -0.703835006538669    -0.000000000000000
    -0.703835339887399     0.210219033425615    -0.000000000000000
     0.000000000000000     0.000000000000000     0.101491716499343
9 2
    -0.893212476216238    -0.000000000000000     0.000000000000000
    -0.000000000000000    -0.203436128702414     0.000000000000000
     0.000000000000000     0.000000000000000    -0.022205761253713
9 3
    -0.602499820013707     0.703835006538669     0.000000000000000
     0.703835339887399     0.210219033425615    -0.000000000000000
    -0.000000000000000    -0.000000000000000     0.101491716499343
9 4
    -0.893020332990324    -0.000000000000000    -0.000000000000000
     0.000000000000000    -0.203535365013615     0.000000000000000
     0.000000000000000     0.000000000000000    -0.022201466372834
9 5
    -2.831370609430486    -2.369305257895033     0.000000000000000
    -4.117494105207735     0.913927925711594    -0.000000000000000
     0.000000000000000    -0.000000000000000     0.004931443580811
9 6
    -0.375880215580870    -0.298681849207808     0.000000000000000
    -0.298681990668824    -0.720768389337783     0.000000000000000
     0.000000000000000     0.000000000000000    -0.022205761253713
9 7
    -0.375880215580870     0.298681849207808    -0.000000000000000
     0.298681990668824    -0.720768389337783     0.000000000000000
    -0.000000000000000     0.000000000000000    -0.022205761253713
9 8
    -2.831370609430486     2.369305257895033    -0.000000000000000
     4.117494105207735     0.913927925711593    -0.000000000000000
    -0.000000000000000    -0.000000000000000     0.004931443580811
9 9
    52.115155903824352     0.000000000000001     0.000000000000000
    -0.000000000000001    52.115155903824380    -0.000000000000001
    -0.000000000000001    -0.000000000000004    13.528368586741376
9 10
     2.786469631514591    -0.874031347796702    -0.000000000000000
     0.874155963414314    -4.703912315233487    -0.000000000000000
    -0.000000000000000     0.000000000000000     0.004931443580811
9 11
     0.616578460145275     0.000000000000000    -0.000000000000000
    -0.000000000000000    -1.008859246733368    -0.000000000000000
    -0.000000000000000     0.000000000000000     0.101491716499343
9 12
     2.786469631514591     0.874031347796703     0.000000000000000
    -0.874155963414315    -4.703912315233486     0.000000000000000
    -0.000000000000000     0.000000000000000     0.004931443580811
9 13
    -2.831263047662445    -4.117554255891520    -0.000000000000000
    -2.369368480870423     0.913820363943553     0.000000000000000
     0.000000000000000     0.000000000000000     0.004931443580811
9 14
    -2.831263047662445     4.117554255891520    -0.000000000000000
     2.369368480870424     0.913820363943552    -0.000000000000000
    -0.000000000000000    -0.000000000000000     0.004931443580811
9 15
    -0.375906607007792     0.298555678197044     0.000000000000000
     0.298555819598303    -0.720649090996147     0.000000000000000
    -0.000000000000000     0.000000000000000    -0.022201466372834
9 16
    -0.375906607007792    -0.298555678197044     0.000000000000000
    -0.298555819598303    -0.720649090996147     0.000000000000000
     0.000000000000000     0.000000000000000    -0.022201466372834
9 17
    -0.285560838149442    -0.144425165316407     0.000000000000000
    -0.144650354319761    -0.064788755007388    -0.000000000000000
     0.000000000000000     0.000000000000000     0.011003178035021
9 18
    -0.285560838149442     0.144425165316407    -0.000000000000000
     0.144650354319761    -0.064788755007388    -0.000000000000000
    -0.000000000000000    -0.000000000000000     0.011003178035021
9 19
    -0.060826934894593     0.130883744707255     0.000000000000000
     0.130883806696115     0.090304631373247    -0.000000000000000
    -0.000000000000000    -0.000000000000000     0.000225174468947
9 20
    -0.060826934894593    -0.130883744707255     0.000000000000000
    -0.130883806696115     0.090304631373247    -0.000000000000000
     0.000000000000000    -0.000000000000000     0.000225174468947
9 21
    -0.245155147578368    -0.167978516614494    -0.000000000000000
    -0.167753475571059    -0.105194445578462    -0.000000000000000
     0.000000000000000     0.000000000000000     0.011003178035021
9 22
    -0.299311536893139    -0.000000000000000     0.000000000000000
    -0.000000000000000    -0.299311536893139     0.000000000000000
     0.000000000000000     0.000000000000000    -0.001995278945543
9 23
    -0.245155147578368     0.167978516614494    -0.000000000000000
     0.167753475571059    -0.105194445578462    -0.000000000000000
    -0.000000000000000     0.000000000000000     0.011003178035021
9 24
    -0.222597174546844     0.000000000000000    -0.000000000000000
     0.000000000000000     0.566139152491362     0.000000000000000
     0.000000000000000    -0.000000000000000    -0.053998310183965
9 25
     0.287138850097016     0.078669491704337    -0.000000000000000
     0.078669528963602     0.377978576033681     0.000000000000000
    -0.000000000000000    -0.000000000000000    -0.349822342482687
9 26
     0.005191595992565    -0.023215670556463    -0.000000000000000
    -0.023440802152853    -0.355541189149395    -0.000000000000000
     0.000000000000000     0.000000000000000     0.011003178035021
9 27
     0.005191595992565     0.023215670556463     0.000000000000000
     0.023440802152853    -0.355541189149395    -0.000000000000000
    -0.000000000000000     0.000000000000000     0.011003178035021
9 28
     0.287138850097016    -0.078669491704337    -0.000000000000000
    -0.078669528963602     0.377978576033681     0.000000000000000
    -0.000000000000000    -0.000000000000000    -0.349822342482687
9 29
     0.423398439002013     0.000000000000000     0.000000000000000
    -0.000000000000000     0.241718987128684     0.000000000000000
    -0.000000000000000    -0.000000000000000    -0.349822342482687
9 30
     0.368955070731810     0.341532767173383     0.000000000000000
     0.341532928929353    -0.025413092787293     0.000000000000000
    -0.000000000000000    -0.000000000000000    -0.053998310183965
9 31
     0.165870414507167     0.000000000000000     0.000000000000000
    -0.000000000000000    -0.136392718028514    -0.000000000000000
    -0.000000000000000     0.000000000000000     0.000225174468947
9 32
     0.368955070731810    -0.341532767173383     0.000000000000000
    -0.341532928929353    -0.025413092787293     0.000000000000000
     0.000000000000000     0.000000000000000    -0.053998310183965
9 33
     1.366892227041772     0.589046549531507    -0.000000000000000
     0.020123395503025    -0.259911499723141    -0.000000000000000
    -0.000000000000000    -0.000000000000000     0.275184982234260
9 34
     1.366892227041772    -0.589046549531506    -0.000000000000000
    -0.020123395503025    -0.259911499723141    -0.000000000000000
    -0.000000000000000     0.000000000000000     0.275184982234260
9 35
     0.384582767873914    -0.354800851113096    -0.000000000000000
    -0.354801019153066    -0.025106062941704    -0.000000000000000
     0.000000000000000     0.000000000000000     0.004684487930264
9 36
     0.384582767873914     0.354800851113096     0.000000000000000
     0.354801019153066    -0.025106062941704    -0.000000000000000
    -0.000000000000000    -0.000000000000000     0.004684487930264
9 37
     0.410567814117106     0.572257412456686     0.000000000000000
     1.141181116499301     0.696412913201525    -0.000000000000000
    -0.000000000000000    -0.000000000000000     0.275184982234260
9 38
     0.690474661237987     0.000000000000000    -0.000000000000000
    -0.000000000000000     0.690474661237987     0.000000000000000
    -0.000000000000000    -0.000000000000000    -0.058303007933635
9 39
     0.410567814117106    -0.572257412456686    -0.000000000000000
    -1.141181116499301     0.696412913201525    -0.000000000000000
     0.000000000000000    -0.000000000000000     0.275184982234260
9 40
     1.254429949629959    -0.000000000000000    -0.000000000000000
    -0.000000000000000    -1.863310105615872     0.000000000000000
    -0.000000000000000     0.000000000000000    -0.210802570416274
9 41
   -11.632987343547784    -6.466577682670318    -0.000000000000000
    -6.466580745356088   -19.099949843440704     0.000000000000000
     0.000000000000001     0.000000000000001    -4.828565844896780
9 42
    -0.116988950180932     0.836595608264090     0.000000000000000
     0.267672571479229     1.223969677499563    -0.000000000000000
    -0.000000000000000    -0.000000000000000     0.275184982234260
9 43
    -0.116988950180932    -0.836595608264090    -0.000000000000000
    -0.267672571479229     1.223969677499563    -0.000000000000000
     0.000000000000000    -0.000000000000000     0.275184982234260
9 44
   -11.632987343547780     6.466577682670317     0.000000000000000
     6.466580745356088   -19.099949843440704     0.000000000000000
    -0.000000000000000     0.000000000000001    -4.828565844896779
9 45
   -22.833431093387151    -0.000000000000000     0.000000000000000
     0.000000000000001    -7.899506093601333     0.000000000000000
     0.000000000000001     0.000000000000001    -4.828565844896779
9 46
    -1.083875091804413    -1.350020725422764     0.000000000000000
    -1.350021364816500     0.474994935818502     0.000000000000000
     0.000000000000000    -0.000000000000000    -0.210802570416274
9 47
    -0.229950478349514     0.000000000000000    -0.000000000000000
     0.000000000000000     0.589427183281724    -0.000000000000000
     0.000000000000000    -0.000000000000000     0.004684487930264
9 48
    -1.083875091804413     1.350020725422764    -0.000000000000000
     1.350021364816500     0.474994935818502     0.000000000000000
    -0.000000000000000    -0.000000000000000    -0.210802570416274
9 49
     0.182322924692932     0.162855741066934    -0.000000000000000
     0.162855818198298    -0.005726731727017    -0.000000000000000
    -0.000000000000000    -0.000000000000000     0.001132007888846
9 50
     0.228742585166786     0.000000000000000     0.000000000000000
    -0.000000000000000     0.041683239050426     0.000000000000000
    -0.000000000000000    -0.000000000000000    -0.001741880973676
9 51
     0.182322924692932    -0.162855741066934    -0.000000000000000
    -0.162855818198298    -0.005726731727017    -0.000000000000000
     0.000000000000000     0.000000000000000     0.001132007888846
9 52
     0.175880950761524    -0.000000000000000     0.000000000000000
    -0.000000000000000    -0.080918172781197    -0.000000000000000
    -0.000000000000000     0.000000000000000     0.004511465586277
9 53
     0.047523980388294     0.076580720963621     0.000000000000000
     0.189230788362082    -0.216296140613404    -0.000000000000000
    -0.000000000000000     0.000000000000000     0.036036811570408
9 54
     0.088448075579516     0.080999053694746     0.000000000000000
     0.080999092057333     0.181977748637696     0.000000000000000
    -0.000000000000000    -0.000000000000000    -0.001741880973676
9 55
     0.088448075579516    -0.080999053694746     0.000000000000000
    -0.080999092057333     0.181977748637696     0.000000000000000
     0.000000000000000    -0.000000000000000    -0.001741880973676
9 56
     0.047523980388294    -0.076580720963621    -0.000000000000000
    -0.189230788362082    -0.216296140613404    -0.000000000000000
     0.000000000000000     0.000000000000000     0.036036811570408
9 57
    -0.536010959954983     0.000000000000000     0.000000000000000
     0.000000000000000    -0.536010959954983    -0.000000000000000
     0.000000000000000     0.000000000000000     0.700876702223261
9 58
    -0.265440858658879     0.008540407457354     0.000000000000000
    -0.104109619626232     0.096668698433769    -0.000000000000000
     0.000000000000000    -0.000000000000000     0.036036811570408
9 59
    -0.099751559936991    -0.000000000000000     0.000000000000000
     0.000000000000000     0.276347752902907    -0.000000000000000
     0.000000000000000    -0.000000000000000     0.001132007888846
9 60
    -0.265440858658879    -0.008540407457354     0.000000000000000
     0.104109619626232     0.096668698433769    -0.000000000000000
    -0.000000000000000    -0.000000000000000     0.036036811570408
9 61
    -0.035241362067080     0.237015280169441     0.000000000000000
     0.124365361295603    -0.133530798158030    -0.000000000000000
    -0.000000000000000     0.000000000000000     0.036036811570408
9 62
    -0.035241362067080    -0.237015280169441     0.000000000000000
    -0.124365361295603    -0.133530798158030    -0.000000000000000
     0.000000000000000     0.000000000000000     0.036036811570408
9 63
    -0.016718391895517    -0.111197255996295    -0.000000000000000
    -0.111197308661286     0.111681169875844    -0.000000000000000
     0.000000000000000    -0.000000000000000     0.004511465586277
9 64
    -0.016718391895517     0.111197255996295    -0.000000000000000
     0.111197308661286     0.111681169875844    -0.000000000000000
    -0.000000000000000    -0.000000000000000     0.004511465586277
10 1
    -0.893020332990324    -0.000000000000000    -0.000000000000000
     0.000000000000000    -0.203535365013615     0.000000000000000
     0.000000000000000     0.000000000000000    -0.022201466372834
10 2
    -0.602499820013706    -0.703835006538669    -0.000000000000000
    -0.703835339887399     0.210219033425615    -0.000000000000000
     0.000000000000000     0.000000000000000     0.101491716499343
10 3
    -0.893212476216238    -0.000000000000000     0.000000000000000
    -0.000000000000000    -0.203436128702414     0.000000000000000
     0.000000000000000     0.000000000000000    -0.022205761253713
10 4
    -0.602499820013707     0.703835006538669     0.000000000000000
     0.703835339887399     0.210219033425615    -0.000000000000000
    -0.000000000000000    -0.000000000000000     0.101491716499343
10 5
    -2.831370609430486     2.369305257895033    -0.000000000000000
     4.117494105207735     0.913927925711593    -0.000000000000000
    -0.000000000000000    -0.000000000000000     0.004931443580811
10 6
    -2.831370609430486    -2.369305257895033     0.000000000000000
    -4.117494105207735     0.913927925711594    -0.000000000000000
     0.000000000000000    -0.000000000000000     0.004931443580811
10 7
    -0.375880215580870    -0.298681849207808     0.000000000000000
    -0.298681990668824    -0.720768389337783     0.000000000000000
     0.000000000000000     0.000000000000000    -0.022205761253713
10 8
    -0.375880215580870     0.298681849207808    -0.000000000000000
     0.298681990668824    -0.720768389337783     0.000000000000000
    -0.000000000000000     0.000000000000000    -0.022205761253713
10 9
     2.786469631514591     0.874031347796703     0.000000000000000
    -0.874155963414315    -4.703912315233486     0.000000000000000
    -0.000000000000000     0.000000000000000     0.004931443580811
10 10
    52.115155903824352     0.000000000000001     0.000000000000000
    -0.000000000000001    52.115155903824380    -0.000000000000001
    -0.000000000000001    -0.000000000000004    13.528368586741376
10 11
     2.786469631514591    -0.874031347796702    -0.000000000000000
     0.874155963414314    -4.703912315233487    -0.000000000000000
    -0.000000000000000     0.000000000000000     0.004931443580811
10 12
     0.616578460145275     0.000000000000000    -0.000000000000000
    -0.000000000000000    -1.008859246733368    -0.000000000000000
    -0.000000000000000     0.000000000000000     0.101491716499343
10 13
    -0.375906607007792    -0.298555678197044     0.000000000000000
    -0.298555819598303    -0.720649090996147     0.000000000000000
     0.000000000000000     0.000000000000000    -0.022201466372834
10 14
    -2.831263047662445    -4.117554255891520    -0.000000000000000
    -2.369368480870423     0.913820363943553     0.000000000000000
     0.000000000000000     0.000000000000000     0.004931443580811
10 15
    -2.831263047662445     4.117554255891520    -0.000000000000000
     2.369368480870424     0.913820363943552    -0.000000000000000
    -0.000000000000000    -0.000000000000000     0.004931443580811
10 16
    -0.375906607007792     0.298555678197044     0.000000000000000
     0.298555819598303    -0.720649090996147     0.000000000000000
    -0.000000000000000     0.000000000000000    -0.022201466372834
10 17
    -0.060826934894593    -0.130883744707255     0.000000000000000
    -0.130883806696115     0.090304631373247    -0.000000000000000
     0.000000000000000    -0.000000000000000     0.000225174468947
10 18
    -0.285560838149442    -0.144425165316407     0.000000000000000
    -0.144650354319761    -0.064788755007388    -0.000000000000000
     0.000000000000000     0.000000000000000     0.011003178035021
10 19
    -0.285560838149442     0.144425165316407    -0.000000000000000
     0.144650354319761    -0.064788755007388    -0.000000000000000
    -0.000000000000000    -0.000000000000000     0.011003178035021
10 20
    -0.060826934894593     0.130883744707255     0.000000000000000
     0.130883806696115     0.090304631373247    -0.000000000000000
    -0.000000000000000    -0.000000000000000     0.000225174468947
10 21
    -0.222597174546844     0.000000000000000    -0.000000000000000
     0.000000000000000     0.566139152491362     0.000000000000000
     0.000000000000000    -0.000000000000000    -0.053998310183965
10 22
    -0.245155147578368    -0.167978516614494    -0.000000000000000
    -0.167753475571059    -0.105194445578462    -0.000000000000000
     0.000000000000000     0.000000000000000     0.011003178035021
10 23
    -0.299311536893139    -0.000000000000000     0.000000000000000
    -0.000000000000000    -0.299311536893139     0.000000000000000
     0.000000000000000     0.000000000000000    -0.001995278945543
10 24
    -0.245155147578368     0.167978516614494    -0.000000000000000
     0.167753475571059    -0.105194445578462    -0.000000000000000
    -0.000000000000000     0.000000000000000     0.011003178035021
10 25
     0.287138850097016    -0.078669491704337    -0.000000000000000
    -0.078669528963602     0.377978576033681     0.000000000000000
    -0.000000000000000    -0.000000000000000    -0.349822342482687
10 26
     0.287138850097016     0.078669491704337    -0.000000000000000
     0.078669528963602     0.377978576033681     0.000000000000000
    -0.000000000000000    -0.000000000000000    -0.349822342482687
10 27
     0.005191595992565    -0.023215670556463    -0.000000000000000
    -0.023440802152853    -0.355541189149395    -0.000000000000000
     0.000000000000000     0.000000000000000     0.011003178035021
10 28
     0.005191595992565     0.023215670556463     0.000000000000000
     0.023440802152853    -0.355541189149395    -0.000000000000000
    -0.000000000000000     0.000000000000000     0.011003178035021
10 29
     0.368955070731810    -0.341532767173383     0.000000000000000
    -0.341532928929353    -0.025413092787293     0.000000000000000
     0.000000000000000     0.000000000000000    -0.053998310183965
10 30
     0.423398439002013     0.000000000000000     0.000000000000000
    -0.000000000000000     0.241718987128684     0.000000000000000
    -0.000000000000000    -0.000000000000000    -0.349822342482687
10 31
     0.368955070731810     0.341532767173383     0.000000000000000
     0.341532928929353    -0.025413092787293     0.000000000000000
    -0.000000000000000    -0.000000000000000    -0.053998310183965
10 32
     0.165870414507167     0.000000000000000     0.000000000000000
    -0.000000000000000    -0.136392718028514    -0.000000000000000
    -0.000000000000000     0.000000000000000     0.000225174468947
10 33
     0.384582767873914     0.354800851113096     0.000000000000000
     0.354801019153066    -0.025106062941704    -0.000000000000000
    -0.000000000000000    -0.000000000000000     0.004684487930264
10 34
     1.366892227041772     0.589046549531507    -0.000000000000000
     0.020123395503025    -0.259911499723141    -0.000000000000000
    -0.000000000000000    -0.000000000000000     0.275184982234260
10 35
     1.366892227041772    -0.589046549531506    -0.000000000000000
    -0.020123395503025    -0.259911499723141    -0.000000000000000
    -0.000000000000000     0.000000000000000     0.275184982234260
10 36
     0.384582767873914    -0.354800851113096    -0.000000000000000
    -0.354801019153066    -0.025106062941704    -0.000000000000000
     0.000000000000000     0.000000000000000     0.004684487930264
10 37
     1.254429949629959    -0.000000000000000    -0.000000000000000
    -0.000000000000000    -1.863310105615872     0.000000000000000
    -0.000000000000000     0.000000000000000    -0.210802570416274
10 38
     0.410567814117106     0.572257412456686     0.000000000000000
     1.141181116499301     0.696412913201525    -0.000000000000000
    -0.000000000000000    -0.000000000000000     0.275184982234260
10 39
     0.690474661237987     0.000000000000000    -0.000000000000000
    -0.000000000000000     0.690474661237987     0.000000000000000
    -0.000000000000000    -0.000000000000000    -0.058303007933635
10 40
     0.410567814117106    -0.572257412456686    -0.000000000000000
    -1.141181116499301     0.696412913201525    -0.000000000000000
     0.000000000000000    -0.000000000000000     0.275184982234260
10 41
   -11.632987343547780     6.466577682670317     0.000000000000000
     6.466580745356088   -19.099949843440704     0.000000000000000
    -0.000000000000000     0.000000000000001    -4.828565844896779
10 42
   -11.632987343547784    -6.466577682670318    -0.000000000000000
    -6.466580745356088   -19.099949843440704     0.000000000000000
     0.000000000000001     0.000000000000001    -4.828565844896780
10 43
    -0.116988950180932     0.836595608264090     0.000000000000000
     0.267672571479229     1.223969677499563    -0.000000000000000
    -0.000000000000000    -0.000000000000000     0.275184982234260
10 44
    -0.116988950180932    -0.836595608264090    -0.000000000000000
    -0.267672571479229     1.223969677499563    -0.000000000000000
     0.000000000000000    -0.000000000000000     0.275184982234260
10 45
    -1.083875091804413     1.350020725422764    -0.000000000000000
     1.350021364816500     0.474994935818502     0.000000000000000
    -0.000000000000000    -0.000000000000000    -0.210802570416274
10 46
   -22.833431093387151    -0.000000000000000     0.000000000000000
     0.000000000000001    -7.899506093601333     0.000000000000000
     0.000000000000001     0.000000000000001    -4.828565844896779
10 47
    -1.083875091804413    -1.350020725422764     0.000000000000000
    -1.350021364816500     0.474994935818502     0.000000000000000
     0.000000000000000    -0.000000000000000    -0.210802570416274
10 48
    -0.229950478349514     0.000000000000000    -0.000000000000000
     0.000000000000000     0.589427183281724    -0.000000000000000
     0.000000000000000    -0.000000000000000     0.004684487930264
10 49
     0.175880950761524    -0.000000000000000     0.000000000000000
    -0.000000000000000    -0.080918172781197    -0.000000000000000
    -0.000000000000000     0.000000000000000     0.004511465586277
10 50
     0.182322924692932     0.162855741066934    -0.000000000000000
     0.162855818198298    -0.005726731727017    -0.000000000000000
    -0.000000000000000    -0.000000000000000     0.001132007888846
10 51
     0.228742585166786     0.000000000000000     0.000000000000000
    -0.000000000000000     0.041683239050426     0.000000000000000
    -0.000000000000000    -0.000000000000000    -0.001741880973676
10 52
     0.182322924692932    -0.162855741066934    -0.000000000000000
    -0.162855818198298    -0.005726731727017    -0.000000000000000
     0.000000000000000     0.000000000000000     0.001132007888846
10 53
     0.047523980388294    -0.076580720963621    -0.000000000000000
    -0.189230788362082    -0.216296140613404    -0.000000000000000
     0.000000000000000     0.000000000000000     0.036036811570408
10 54
     0.047523980388294     0.076580720963621     0.000000000000000
     0.189230788362082    -0.216296140613404    -0.000000000000000
    -0.000000000000000     0.000000000000000     0.036036811570408
10 55
     0.088448075579516     0.080999053694746     0.000000000000000
     0.080999092057333     0.181977748637696     0.000000000000000
    -0.000000000000000    -0.000000000000000    -0.001741880973676
10 56
     0.088448075579516    -0.080999053694746     0.000000000000000
    -0.080999092057333     0.181977748637696     0.000000000000000
     0.000000000000000    -0.000000000000000    -0.001741880973676
10 57
    -0.265440858658879    -0.008540407457354     0.000000000000000
     0.104109619626232     0.096668698433769    -0.000000000000000
    -0.000000000000000    -0.000000000000000     0.036036811570408
10 58
    -0.536010959954983     0.000000000000000     0.000000000000000
     0.000000000000000    -0.536010959954983    -0.000000000000000
     0.000000000000000     0.000000000000000     0.700876702223261
10 59
    -0.265440858658879     0.008540407457354     0.000000000000000
    -0.104109619626232     0.096668698433769    -0.000000000000000
     0.000000000000000    -0.000000000000000     0.036036811570408
10 60
    -0.099751559936991    -0.000000000000000     0.000000000000000
     0.000000000000000     0.276347752902907    -0.000000000000000
     0.000000000000000    -0.000000000000000     0.001132007888846
10 61
    -0.016718391895517     0.111197255996295    -0.000000000000000
     0.111197308661286     0.111681169875844    -0.000000000000000
    -0.000000000000000    -0.000000000000000     0.004511465586277
10 62
    -0.035241362067080     0.237015280169441     0.000000000000000
     0.124365361295603    -0.133530798158030    -0.000000000000000
    -0.000000000000000     0.000000000000000     0.036036811570408
10 63
    -0.035241362067080    -0.237015280169441     0.000000000000000
    -0.124365361295603    -0.133530798158030    -0.000000000000000
     0.000000000000000     0.000000000000000     0.036036811570408
10 64
    -0.016718391895517    -0.111197255996295    -0.000000000000000
    -0.111197308661286     0.111681169875844    -0.000000000000000
     0.000000000000000    -0.000000000000000     0.004511465586277
11 1
    -0.602499820013706     0.703835006538669    -0.000000000000000
     0.703835339887399     0.210219033425615     0.000000000000000
     0.000000000000000    -0.000000000000000     0.101491716499343
11 2
    -0.893020332990324    -0.000000000000000    -0.000000000000000
    -0.000000000000000    -0.203535365013615    -0.000000000000000
     0.000000000000000    -0.000000000000000    -0.022201466372834
11 3
    -0.602499820013707    -0.703835006538669     0.000000000000000
    -0.703835339887399     0.210219033425615     0.000000000000000
    -0.000000000000000     0.000000000000000     0.101491716499343
11 4
    -0.893212476216238    -0.000000000000000     0.000000000000000
     0.000000000000000    -0.203436128702414    -0.000000000000000
     0.000000000000000    -0.000000000000000    -0.022205761253713
11 5
    -0.375880215580870     0.298681849207808     0.000000000000000
     0.298681990668824    -0.720768389337783    -0.000000000000000
     0.000000000000000    -0.000000000000000    -0.022205761253713
11 6
    -2.831370609430486     2.369305257895033     0.000000000000000
     4.117494105207735     0.913927925711594     0.000000000000000
     0.000000000000000     0.000000000000000     0.004931443580811
11 7
    -2.831370609430487    -2.369305257895033    -0.000000000000000
    -4.117494105207735     0.913927925711593     0.000000000000000
    -0.000000000000000     0.000000000000000     0.004931443580811
11 8
    -0.375880215580870    -0.298681849207808    -0.000000000000000
    -0.298681990668824    -0.720768389337783    -0.000000000000000
    -0.000000000000000    -0.000000000000000    -0.022205761253713
11 9
     0.616578460145275    -0.000000000000000    -0.000000000000000
    -0.000000000000000    -1.008859246733368     0.000000000000000
    -0.000000000000000    -0.000000000000000     0.101491716499343
11 10
     2.786469631514591     0.874031347796702    -0.000000000000000
    -0.874155963414314    -4.703912315233487     0.000000000000000
    -0.000000000000000    -0.000000000000000     0.004931443580811
11 11
    52.115155903824352     0.000000000000004     0.000000000000000
     0.000000000000007    52.115155903824380     0.000000000000001
    -0.000000000000001     0.000000000000004    13.528368586741376
11 12
     2.786469631514591    -0.874031347796703     0.000000000000000
     0.874155963414314    -4.703912315233486    -0.000000000000000
    -0.000000000000000    -0.000000000000000     0.004931443580811
11 13
    -0.375906607007792     0.298555678197044     0.000000000000000
     0.298555819598303    -0.720649090996147    -0.000000000000000
     0.000000000000000    -0.000000000000000    -0.022201466372834
11 14
    -0.375906607007792    -0.298555678197044     0.000000000000000
    -0.298555819598303    -0.720649090996147    -0.000000000000000
    -0.000000000000000    -0.000000000000000    -0.022201466372834
11 15
    -2.831263047662445    -4.117554255891520    -0.000000000000000
    -2.369368480870424     0.913820363943552     0.000000000000000
    -0.000000000000000     0.000000000000000     0.004931443580811
11 16
    -2.831263047662445     4.117554255891520    -0.000000000000000
     2.369368480870423     0.913820363943553    -0.000000000000000
     0.000000000000000    -0.000000000000000     0.004931443580811
11 17
    -0.060826934894593     0.130883744707255     0.000000000000000
     0.130883806696115     0.090304631373247     0.000000000000000
     0.000000000000000     0.000000000000000     0.000225174468947
11 18
    -0.060826934894594    -0.130883744707255     0.000000000000000
    -0.130883806696115     0.090304631373247     0.000000000000000
    -0.000000000000000     0.000000000000000     0.000225174468947
11 19
    -0.285560838149442    -0.144425165316407    -0.000000000000000
    -0.144650354319761    -0.064788755007388     0.000000000000000
    -0.000000000000000     0.000000000000000     0.011003178035021
11 20
    -0.285560838149442     0.144425165316407     0.000000000000000
     0.144650354319761    -0.064788755007388     0.000000000000000
     0.000000000000000    -0.000000000000000     0.011003178035021
11 21
    -0.245155147578368     0.167978516614494    -0.000000000000000
     0.167753475571059    -0.105194445578462     0.000000000000000
     0.000000000000000    -0.000000000000000     0.011003178035021
11 22
    -0.222597174546844     0.000000000000000    -0.000000000000000
     0.000000000000000     0.566139152491362    -0.000000000000000
     0.000000000000000     0.000000000000000    -0.053998310183965
11 23
    -0.245155147578368    -0.167978516614494    -0.000000000000000
    -0.167753475571059    -0.105194445578462     0.000000000000000
    -0.000000000000000    -0.000000000000000     0.011003178035021
11 24
    -0.299311536893139    -0.000000000000000     0.000000000000000
    -0.000000000000000    -0.299311536893139    -0.000000000000000
     0.000000000000000    -0.000000000000000    -0.001995278945543
11 25
     0.005191595992565     0.023215670556463    -0.000000000000000
     0.023440802152853    -0.355541189149395     0.000000000000000
     0.000000000000000    -0.000000000000000     0.011003178035021
11 26
     0.287138850097016    -0.078669491704337    -0.000000000000000
    -0.078669528963602     0.377978576033681    -0.000000000000000
    -0.000000000000000     0.000000000000000    -0.349822342482687
11 27
     0.287138850097016     0.078669491704337    -0.000000000000000
     0.078669528963602     0.377978576033681    -0.000000000000000
    -0.000000000000000     0.000000000000000    -0.349822342482687
11 28
     0.005191595992565    -0.023215670556463     0.000000000000000
    -0.023440802152853    -0.355541189149395     0.000000000000000
    -0.000000000000000    -0.000000000000000     0.011003178035021
11 29
     0.165870414507167    -0.000000000000000     0.000000000000000
    -0.000000000000000    -0.136392718028514     0.000000000000000
    -0.000000000000000    -0.000000000000000     0.000225174468947
11 30
     0.368955070731810    -0.341532767173383     0.000000000000000
    -0.341532928929353    -0.025413092787293    -0.000000000000000
    -0.000000000000000     0.000000000000000    -0.053998310183965
11 31
     0.423398439002013     0.000000000000000     0.000000000000000
     0.000000000000000     0.241718987128684    -0.000000000000000
    -0.000000000000000     0.000000000000000    -0.349822342482687
11 32
     0.368955070731810     0.341532767173383     0.000000000000000
     0.341532928929353    -0.025413092787293    -0.000000000000000
     0.000000000000000    -0.000000000000000    -0.053998310183965
11 33
     0.384582767873914    -0.354800851113096     0.000000000000000
    -0.354801019153066    -0.025106062941704     0.000000000000000
    -0.000000000000000     0.000000000000000     0.004684487930264
11 34
     0.384582767873914     0.354800851113096    -0.000000000000000
     0.354801019153066    -0.025106062941704     0.000000000000000
     0.000000000000000    -0.000000000000000     0.004684487930264
11 35
     1.366892227041772     0.589046549531506    -0.000000000000000
     0.020123395503025    -0.259911499723141     0.000000000000000
    -0.000000000000000    -0.000000000000000     0.275184982234260
11 36
     1.366892227041772    -0.589046549531507    -0.000000000000000
    -0.020123395503025    -0.259911499723141     0.000000000000000
    -0.000000000000000     0.000000000000000     0.275184982234260
11 37
     0.410567814117106    -0.572257412456686     0.000000000000000
    -1.141181116499301     0.696412913201525     0.000000000000000
    -0.000000000000000     0.000000000000000     0.275184982234260
11 38
     1.254429949629959    -0.000000000000000    -0.000000000000000
    -0.000000000000000    -1.863310105615872    -0.000000000000000
    -0.000000000000000    -0.000000000000000    -0.210802570416274
11 39
     0.410567814117106     0.572257412456686    -0.000000000000000
     1.141181116499301     0.696412913201525     0.000000000000000
     0.000000000000000     0.000000000000000     0.275184982234260
11 40
     0.690474661237987     0.000000000000000    -0.000000000000000
     0.000000000000000     0.690474661237987    -0.000000000000000
    -0.000000000000000     0.000000000000000    -0.058303007933635
11 41
    -0.116988950180932    -0.836595608264090     0.000000000000000
    -0.267672571479229     1.223969677499563     0.000000000000000
    -0.000000000000000     0.000000000000000     0.275184982234260
11 42
   -11.632987343547784     6.466577682670315    -0.000000000000000
     6.466580745356086   -19.099949843440704    -0.000000000000000
     0.000000000000001    -0.000000000000001    -4.828565844896780
11 43
   -11.632987343547780    -6.466577682670319     0.000000000000000
    -6.466580745356091   -19.099949843440704    -0.000000000000000
    -0.000000000000000    -0.000000000000001    -4.828565844896779
11 44
    -0.116988950180932     0.836595608264090    -0.000000000000000
     0.267672571479229     1.223969677499563     0.000000000000000
     0.000000000000000     0.000000000000000     0.275184982234260
11 45
    -0.229950478349514     0.000000000000000    -0.000000000000000
     0.000000000000000     0.589427183281724     0.000000000000000
     0.000000000000000     0.000000000000000     0.004684487930264
11 46
    -1.083875091804413     1.350020725422764     0.000000000000000
     1.350021364816500     0.474994935818502    -0.000000000000000
     0.000000000000000     0.000000000000000    -0.210802570416274
11 47
   -22.833431093387151    -0.000000000000000     0.000000000000000
    -0.000000000000002    -7.899506093601333    -0.000000000000000
     0.000000000000001    -0.000000000000001    -4.828565844896779
11 48
    -1.083875091804413    -1.350020725422764    -0.000000000000000
    -1.350021364816500     0.474994935818502    -0.000000000000000
    -0.000000000000000     0.000000000000000    -0.210802570416274
11 49
     0.182322924692932    -0.162855741066934    -0.000000000000000
    -0.162855818198298    -0.005726731727017     0.000000000000000
    -0.000000000000000     0.000000000000000     0.001132007888846
11 50
     0.175880950761524    -0.000000000000000     0.000000000000000
     0.000000000000000    -0.080918172781197     0.000000000000000
    -0.000000000000000    -0.000000000000000     0.004511465586277
11 51
     0.182322924692932     0.162855741066934    -0.000000000000000
     0.162855818198298    -0.005726731727017     0.000000000000000
     0.000000000000000    -0.000000000000000     0.001132007888846
11 52
     0.228742585166786    -0.000000000000000     0.000000000000000
     0.000000000000000     0.041683239050426    -0.000000000000000
    -0.000000000000000     0.000000000000000    -0.001741880973676
11 53
     0.088448075579516    -0.080999053694746     0.000000000000000
    -0.080999092057333     0.181977748637696    -0.000000000000000
    -0.000000000000000     0.000000000000000    -0.001741880973676
11 54
     0.047523980388294    -0.076580720963621     0.000000000000000
    -0.189230788362082    -0.216296140613404     0.000000000000000
    -0.000000000000000    -0.000000000000000     0.036036811570408
11 55
     0.047523980388294     0.076580720963621    -0.000000000000000
     0.189230788362082    -0.216296140613404     0.000000000000000
     0.000000000000000    -0.000000000000000     0.036036811570408
11 56
     0.088448075579516     0.080999053694746     0.000000000000000
     0.080999092057333     0.181977748637696    -0.000000000000000
     0.000000000000000     0.000000000000000    -0.001741880973676
11 57
    -0.099751559936991     0.000000000000000     0.000000000000000
     0.000000000000000     0.276347752902907     0.000000000000000
     0.000000000000000     0.000000000000000     0.001132007888846
11 58
    -0.265440858658879    -0.008540407457354     0.000000000000000
     0.104109619626232     0.096668698433769     0.000000000000000
     0.000000000000000     0.000000000000000     0.036036811570408
11 59
    -0.536010959954983    -0.000000000000000     0.000000000000000
    -0.000000000000000    -0.536010959954983     0.000000000000000
     0.000000000000000    -0.000000000000000     0.700876702223261
11 60
    -0.265440858658879     0.008540407457354     0.000000000000000
    -0.104109619626232     0.096668698433769     0.000000000000000
    -0.000000000000000     0.000000000000000     0.036036811570408
11 61
    -0.016718391895517    -0.111197255996295    -0.000000000000000
    -0.111197308661286     0.111681169875844     0.000000000000000
    -0.000000000000000     0.000000000000000     0.004511465586277
11 62
    -0.016718391895517     0.111197255996295    -0.000000000000000
     0.111197308661286     0.111681169875844     0.000000000000000
     0.000000000000000     0.000000000000000     0.004511465586277
11 63
    -0.035241362067080     0.237015280169441     0.000000000000000
     0.124365361295603    -0.133530798158030     0.000000000000000
     0.000000000000000    -0.000000000000000     0.036036811570408
11 64
    -0.035241362067080    -0.237015280169441     0.000000000000000
    -0.124365361295603    -0.133530798158030     0.000000000000000
    -0.000000000000000    -0.000000000000000     0.036036811570408
12 1
    -0.893212158935448     0.000000183182194     0.000000000000000
     0.000000041721177    -0.203436200965630    -0.000000000000000
     0.000000000000000     0.000000000000000    -0.022205761253713
12 2
    -0.602499750342065     0.703835380112350    -0.000000000000000
     0.703835046763619     0.210218963753941    -0.000000000000000
     0.000000000000000    -0.000000000000000     0.101491716499343
12 3
    -0.893020015777785     0.000000183142788     0.000000000000000
     0.000000041741529    -0.203535437312081     0.000000000000000
     0.000000000000000    -0.000000000000000    -0.022201466372834
12 4
    -0.602499461653666    -0.703835132988084    -0.000000000000000
    -0.703835132988084     0.210219252442477    -0.000000000000000
     0.000000000000000     0.000000000000000     0.101491716499343
12 5
    -0.375880020808884    -0.298681878217139     0.000000000000000
    -0.298681736756123    -0.720768584109861     0.000000000000000
     0.000000000000000     0.000000000000000    -0.022205761253713
12 6
    -0.375880143317688     0.298682032390001     0.000000000000000
     0.298682032390001    -0.720768706618723     0.000000000000000
     0.000000000000000    -0.000000000000000    -0.022205761253713
12 7
    -2.831370089593398     2.369306680168138     0.000000000000000
     4.117492455189235     0.913927405925203     0.000000000000000
     0.000000000000000    -0.000000000000000     0.004931443580811
12 8
    -2.831369117787597    -2.369305518839354     0.000000000000000
    -4.117492830050372     0.913929094776671     0.000000000000000
     0.000000000000000     0.000000000000000     0.004931443580811
12 9
     2.786468820972500    -0.874032229720244    -0.000000000000000
     0.874156617592458    -4.703914165399686     0.000000000000000
    -0.000000000000000     0.000000000000000     0.004931443580811
12 10
     0.616578241128517    -0.000000126449415    -0.000000000000000
     0.000000206899315    -1.008859605093578    -0.000000000000000
    -0.000000000000000     0.000000000000000     0.101491716499343
12 11
     2.786468462475538     0.874031086808262    -0.000000000000000
    -0.874154688212834    -4.703913806851612    -0.000000000000000
    -0.000000000000000    -0.000000000000000     0.004931443580811
12 12
    52.115137391837216    -0.000010687903281    -0.000000000000001
    -0.000010687903284    52.115174415820285    -0.000000000000000
    -0.000000000000004    -0.000000000000001    13.528368586741376
12 13
    -2.831262886398734     4.117556299143843    -0.000000000000000
     2.369367451831141     0.913820202628822    -0.000000000000000
     0.000000000000000    -0.000000000000000     0.004931443580811
12 14
    -0.375906534709360     0.298555861339832     0.000000000000000
     0.298555861339832    -0.720649408208836     0.000000000000000
     0.000000000000000    -0.000000000000000    -0.022201466372834
12 15
    -0.375906412252307    -0.298555707156145     0.000000000000000
    -0.298555565754885    -0.720649285751725     0.000000000000000
     0.000000000000000     0.000000000000000    -0.022201466372834
12 16
    -2.831261197522594    -4.117555137859178    -0.000000000000000
    -2.369367826648161     0.913821174460555    -0.000000000000000
     0.000000000000000     0.000000000000000     0.004931443580811
12 17
    -0.285560766333551     0.144425275181658    -0.000000000000000
     0.144650316225093    -0.064788807686462    -0.000000000000000
     0.000000000000000    -0.000000000000000     0.011003178035021
12 18
    -0.060826940130026     0.130883803673436    -0.000000000000000
     0.130883741684576     0.090304636608682    -0.000000000000000
     0.000000000000000    -0.000000000000000     0.000225174468947
12 19
    -0.060826886446111    -0.130883778724364    -0.000000000000000
    -0.130883778724364     0.090304690292622    -0.000000000000000
     0.000000000000000     0.000000000000000     0.000225174468947
12 20
    -0.285560707095421    -0.144425158054631    -0.000000000000000
    -0.144650289651021    -0.064788748355967    -0.000000000000000
     0.000000000000000     0.000000000000000     0.011003178035021
12 21
    -0.299311430573754     0.000000061383540     0.000000000000000
     0.000000061383540    -0.299311643212575     0.000000000000000
     0.000000000000000     0.000000000000000    -0.001995278945543
12 22
    -0.245155094945487     0.167978626559711    -0.000000000000000
     0.167753437556356    -0.105194517348219    -0.000000000000000
     0.000000000000000    -0.000000000000000     0.011003178035021
12 23
    -0.222597095477408     0.000000045650772     0.000000000000000
    -0.000000116105198     0.566139353591512     0.000000000000000
     0.000000000000000     0.000000000000000    -0.053998310183965
12 24
    -0.245155026046599    -0.167978526005680    -0.000000000000000
    -0.167753394409290    -0.105194448541635    -0.000000000000000
     0.000000000000000     0.000000000000000     0.011003178035021
12 25
     0.005191598909568    -0.023215679867683    -0.000000000000000
    -0.023440720911118    -0.355541310635053    -0.000000000000000
     0.000000000000000     0.000000000000000     0.011003178035021
12 26
     0.005191589387316     0.023215677738273    -0.000000000000000
     0.023440866741627    -0.355541320249647    -0.000000000000000
    -0.000000000000000     0.000000000000000     0.011003178035021
12 27
     0.287138764235260    -0.078669578535922     0.000000000000000
    -0.078669578535922     0.377978726430432     0.000000000000000
    -0.000000000000000    -0.000000000000000    -0.349822342482687
12 28
     0.287138731967798     0.078669460761650     0.000000000000000
     0.078669423502385     0.377978694162955     0.000000000000000
    -0.000000000000000    -0.000000000000000    -0.349822342482687
12 29
     0.368954869631755     0.341532812824155     0.000000000000000
     0.341532812824155    -0.025413171856767     0.000000000000000
    -0.000000000000000    -0.000000000000000    -0.053998310183965
12 30
     0.165870355587820    -0.000000034017109    -0.000000000000000
     0.000000027971751    -0.136392766477020    -0.000000000000000
    -0.000000000000000     0.000000000000000     0.000225174468947
12 31
     0.368955009716501    -0.341532964156567     0.000000000000000
    -0.341532802400597    -0.025413031771955     0.000000000000000
    -0.000000000000000     0.000000000000000    -0.053998310183965
12 32
     0.423398288605332    -0.000000086831585     0.000000000000000
    -0.000000049572319     0.241719072990480     0.000000000000000
    -0.000000000000000    -0.000000000000000    -0.349822342482687
12 33
     1.366891862306822    -0.589047039094261    -0.000000000000000
    -0.020123335051647    -0.259911587920205    -0.000000000000000
    -0.000000000000000     0.000000000000000     0.275184982234260
12 34
     0.384582704028493    -0.354801056014245    -0.000000000000000
    -0.354800887974276    -0.025105999096253    -0.000000000000000
    -0.000000000000000     0.000000000000000     0.004684487930264
12 35
     0.384582558501645     0.354800898271901    -0.000000000000000
     0.354800898271901    -0.025106144623170    -0.000000000000000
    -0.000000000000000    -0.000000000000000     0.004684487930264
12 36
     1.366891620700616     0.589046478443076    -0.000000000000000
     0.020123441658216    -0.259911596174115    -0.000000000000000
    -0.000000000000000    -0.000000000000000     0.275184982234260
12 37
     0.690474415972328    -0.000000141604228     0.000000000000000
    -0.000000141604228     0.690474906503762     0.000000000000000
    -0.000000000000000    -0.000000000000000    -0.058303007933635
12 38
     0.410567785637977    -0.572257699930373    -0.000000000000000
    -1.141180853958854     0.696413394612853    -0.000000000000000
    -0.000000000000000     0.000000000000000     0.275184982234260
12 39
     1.254429504039983    -0.000000257261555     0.000000000000000
     0.000000382132182    -1.863310767488381     0.000000000000000
    -0.000000000000000     0.000000000000000    -0.210802570416274
12 40
     0.410567550918086     0.572257531529875    -0.000000000000000
     1.141180568314736     0.696412926540439    -0.000000000000000
    -0.000000000000000    -0.000000000000000     0.275184982234260
12 41
    -0.116989080195989     0.836595929426347    -0.000000000000000
     0.267672225383733     1.223970057374914    -0.000000000000000
     0.000000000000000    -0.000000000000000     0.275184982234260
12 42
    -0.116988737053854    -0.836595881441588    -0.000000000000000
    -0.267672727413107     1.223970167164801    -0.000000000000000
     0.000000000000000     0.000000000000000     0.275184982234260
12 43
   -11.632984537539578     6.466582365406061     0.000000000000000
     6.466582365406061   -19.099957954178848     0.000000000000000
     0.000000000000001    -0.000000000000000    -4.828565844896779
12 44
   -11.632981885176529    -6.466577593963233     0.000000000000000
    -6.466574531277461   -19.099955301814543     0.000000000000000
     0.000000000000001     0.000000000000001    -4.828565844896779
12 45
    -1.083874429932217    -1.350020982684318     0.000000000000000
    -1.350020982684319     0.474995381408690     0.000000000000000
     0.000000000000000     0.000000000000000    -0.210802570416274
12 46
    -0.229950396668087     0.000000047158805    -0.000000000000000
    -0.000000120881165     0.589427392654092    -0.000000000000000
     0.000000000000000    -0.000000000000000     0.004684487930264
12 47
    -1.083874983663303     1.350021427251814     0.000000000000000
     1.350020787858078     0.474994827677341     0.000000000000000
     0.000000000000000    -0.000000000000000    -0.210802570416274
12 48
   -22.833422982652849     0.000004682735744     0.000000000000000
     0.000001620049973    -7.899508899610870     0.000000000000000
     0.000000000000002     0.000000000000000    -4.828565844896780
12 49
     0.228742503914419    -0.000000046911087     0.000000000000000
    -0.000000008548500     0.041683253856867     0.000000000000000
    -0.000000000000000    -0.000000000000000    -0.001741880973676
12 50
     0.182322893328290    -0.162855836306687    -0.000000000000000
    -0.162855759175323    -0.005726700362360    -0.000000000000000
    -0.000000000000000     0.000000000000000     0.001132007888846
12 51
     0.175880888286303    -0.000000036070094    -0.000000000000000
     0.000000016594896    -0.080918201524408    -0.000000000000000
    -0.000000000000000    -0.000000000000000     0.004511465586277
12 52
     0.182322826530585     0.162855761524227    -0.000000000000000
     0.162855761524227    -0.005726767160096    -0.000000000000000
    -0.000000000000000    -0.000000000000000     0.001132007888846
12 53
     0.088448027550116     0.080999064327539     0.000000000000000
     0.080999025964952     0.181977796667120     0.000000000000000
    -0.000000000000000    -0.000000000000000    -0.001741880973676
12 54
     0.088448060773083    -0.080999100605833     0.000000000000000
    -0.080999100605833     0.181977829890102     0.000000000000000
    -0.000000000000000     0.000000000000000    -0.001741880973676
12 55
     0.047523979212513    -0.076580757912445    -0.000000000000000
    -0.189230676786283    -0.216296178636756    -0.000000000000000
     0.000000000000000     0.000000000000000     0.036036811570408
12 56
     0.047523947801791     0.076580738419777    -0.000000000000000
     0.189230765503363    -0.216296256252579    -0.000000000000000
    -0.000000000000000     0.000000000000000     0.036036811570408
12 57
    -0.265440766122291     0.008540464928279    -0.000000000000000
    -0.104109602470182     0.096668754122830    -0.000000000000000
     0.000000000000000    -0.000000000000000     0.036036811570408
12 58
    -0.099751524503929     0.000000020457293    -0.000000000000000
    -0.000000056674071     0.276347851065301    -0.000000000000000
     0.000000000000000    -0.000000000000000     0.001132007888846
12 59
    -0.265440762619316    -0.008540356053761    -0.000000000000000
     0.104109562820077     0.096668711420720    -0.000000000000000
     0.000000000000000     0.000000000000000     0.036036811570408
12 60
    -0.536010769556857     0.000000109926435    -0.000000000000000
     0.000000109926435    -0.536011150353199    -0.000000000000000
     0.000000000000000     0.000000000000000     0.700876702223261
12 61
    -0.035241300941214    -0.237015357133034    -0.000000000000000
    -0.124365289734573    -0.133530820084792    -0.000000000000000
     0.000000000000000     0.000000000000000     0.036036811570408
12 62
    -0.016718363152320    -0.111197292066390    -0.000000000000000
    -0.111197292066390     0.111681232351095    -0.000000000000000
     0.000000000000000     0.000000000000000     0.004511465586277
12 63
    -0.016718408761529     0.111197298923687    -0.000000000000000
     0.111197246258696     0.111681186741864    -0.000000000000000
     0.000000000000000    -0.000000000000000     0.004511465586277
12 64
    -0.035241398156558     0.237015371587802    -0.000000000000000
     0.124365344504216    -0.133530871095096    -0.000000000000000
     0.000000000000000    -0.000000000000000     0.036036811570408
13 1
    -2.831262886398735    -4.117556299143843    -0.000000000000000
    -2.369367451831141     0.913820202628822     0.000000000000000
     0.000000000000000     0.000000000000000     0.004931443580811
13 2
    -2.831261197522593     4.117555137859178     0.000000000000000
     2.369367826648160     0.913821174460555    -0.000000000000000
     0.000000000000000    -0.000000000000000     0.004931443580811
13 3
    -0.375906412252307     0.298555707156145     0.000000000000000
     0.298555565754885    -0.720649285751725    -0.000000000000000
     0.000000000000000    -0.000000000000000    -0.022201466372834
13 4
    -0.375906534709360    -0.298555861339832     0.000000000000000
    -0.298555861339832    -0.720649408208836    -0.000000000000000
    -0.000000000000000    -0.000000000000000    -0.022201466372834
13 5
    -0.602499750342065    -0.703835380112349    -0.000000000000000
    -0.703835046763619     0.210218963753941     0.000000000000000
    -0.000000000000000     0.000000000000000     0.101491716499343
13 6
    -0.893212158935448    -0.000000183182194     0.000000000000000
    -0.000000041721177    -0.203436200965630    -0.000000000000000
     0.000000000000000    -0.000000000000000    -0.022205761253713
13 7
    -0.602499461653666     0.703835132988084    -0.000000000000000
     0.703835132988084     0.210219252442477     0.000000000000000
     0.000000000000000    -0.000000000000000     0.101491716499343
13 8
    -0.893020015777785    -0.000000183142788     0.000000000000000
    -0.000000041741529    -0.203535437312081    -0.000000000000000
     0.000000000000000    -0.000000000000000    -0.022201466372834
13 9
    -2.831370089593399    -2.369306680168138    -0.000000000000000
    -4.117492455189234     0.913927405925203     0.000000000000000
    -0.000000000000000     0.000000000000000     0.004931443580811
13 10
    -0.375880143317688    -0.298682032390001     0.000000000000000
    -0.298682032390001    -0.720768706618723    -0.000000000000000
     0.000000000000000    -0.000000000000000    -0.022205761253713
13 11
    -0.375880020808884     0.298681878217139     0.000000000000000
     0.298681736756123    -0.720768584109861    -0.000000000000000
     0.000000000000000    -0.000000000000000    -0.022205761253713
13 12
    -2.831369117787597     2.369305518839355    -0.000000000000000
     4.117492830050372     0.913929094776672     0.000000000000000
     0.000000000000000    -0.000000000000000     0.004931443580811
13 13
    52.115137391837216     0.000010687903295    -0.000000000000001
     0.000010687903291    52.115174415820285     0.000000000000000
    -0.000000000000003     0.000000000000003    13.528368586741376
13 14
     2.786468462475538    -0.874031086808263     0.000000000000000
     0.874154688212833    -4.703913806851610    -0.000000000000000
    -0.000000000000000    -0.000000000000000     0.004931443580811
13 15
     0.616578241128517     0.000000126449415    -0.000000000000000
    -0.000000206899315    -1.008859605093578     0.000000000000000
    -0.000000000000000    -0.000000000000000     0.101491716499343
13 16
     2.786468820972501     0.874032229720243    -0.000000000000000
    -0.874156617592459    -4.703914165399686    -0.000000000000000
    -0.000000000000000    -0.000000000000000     0.004931443580811
13 17
     0.423398288605332     0.000000086831585     0.000000000000000
     0.000000049572319     0.241719072990480    -0.000000000000000
    -0.000000000000000     0.000000000000000    -0.349822342482687
13 18
     0.368955009716501     0.341532964156567     0.000000000000000
     0.341532802400597    -0.025413031771955    -0.000000000000000
     0.000000000000000    -0.000000000000000    -0.053998310183965
13 19
     0.165870355587820     0.000000034017109    -0.000000000000000
    -0.000000027971751    -0.136392766477020     0.000000000000000
    -0.000000000000000    -0.000000000000000     0.000225174468947
13 20
     0.368954869631755    -0.341532812824155     0.000000000000000
    -0.341532812824155    -0.025413171856767    -0.000000000000000
    -0.000000000000000     0.000000000000000    -0.053998310183965
13 21
    -0.285560766333551    -0.144425275181658    -0.000000000000000
    -0.144650316225093    -0.064788807686462     0.000000000000000
     0.000000000000000     0.000000000000000     0.011003178035021
13 22
    -0.285560707095421     0.144425158054631    -0.000000000000000
     0.144650289651021    -0.064788748355967     0.000000000000000
     0.000000000000000    -0.000000000000000     0.011003178035021
13 23
    -0.060826886446111     0.130883778724364    -0.000000000000000
     0.130883778724364     0.090304690292622     0.000000000000000
     0.000000000000000    -0.000000000000000     0.000225174468947
13 24
    -0.060826940130026    -0.130883803673436    -0.000000000000000
    -0.130883741684576     0.090304636608682     0.000000000000000
    -0.000000000000000     0.000000000000000     0.000225174468947
13 25
    -0.245155094945487    -0.167978626559711    -0.000000000000000
    -0.167753437556356    -0.105194517348219     0.000000000000000
     0.000000000000000     0.000000000000000     0.011003178035021
13 26
    -0.299311430573754    -0.000000061383540     0.000000000000000
    -0.000000061383540    -0.299311643212575    -0.000000000000000
     0.000000000000000    -0.000000000000000    -0.001995278945543
13 27
    -0.245155026046599     0.167978526005680    -0.000000000000000
     0.167753394409290    -0.105194448541635     0.000000000000000
     0.000000000000000    -0.000000000000000     0.011003178035021
13 28
    -0.222597095477408    -0.000000045650772     0.000000000000000
     0.000000116105198     0.566139353591512    -0.000000000000000
     0.000000000000000     0.000000000000000    -0.053998310183965
13 29
     0.287138764235260     0.078669578535922     0.000000000000000
     0.078669578535922     0.377978726430432    -0.000000000000000
    -0.000000000000000     0.000000000000000    -0.349822342482687
13 30
     0.005191589387316    -0.023215677738273    -0.000000000000000
    -0.023440866741627    -0.355541320249647     0.000000000000000
     0.000000000000000    -0.000000000000000     0.011003178035021
13 31
     0.005191598909568     0.023215679867683    -0.000000000000000
     0.023440720911118    -0.355541310635053     0.000000000000000
     0.000000000000000    -0.000000000000000     0.011003178035021
13 32
     0.287138731967798    -0.078669460761650     0.000000000000000
    -0.078669423502385     0.377978694162955    -0.000000000000000
    -0.000000000000000     0.000000000000000    -0.349822342482687
13 33
   -22.833422982652849    -0.000004682735746     0.000000000000000
    -0.000001620049973    -7.899508899610865    -0.000000000000000
     0.000000000000001    -0.000000000000000    -4.828565844896779
13 34
    -1.083874983663303    -1.350021427251814     0.000000000000000
    -1.350020787858077     0.474994827677341    -0.000000000000000
    -0.000000000000000     0.000000000000000    -0.210802570416274
13 35
    -0.229950396668087    -0.000000047158805    -0.000000000000000
     0.000000120881165     0.589427392654092     0.000000000000000
     0.000000000000000     0.000000000000000     0.004684487930264
13 36
    -1.083874429932216     1.350020982684319     0.000000000000000
     1.350020982684318     0.474995381408690    -0.000000000000000
     0.000000000000000    -0.000000000000000    -0.210802570416274
13 37
     1.366891862306822     0.589047039094261    -0.000000000000000
     0.020123335051646    -0.259911587920205     0.000000000000000
    -0.000000000000000    -0.000000000000000     0.275184982234260
13 38
     1.366891620700616    -0.589046478443077    -0.000000000000000
    -0.020123441658216    -0.259911596174114     0.000000000000000
    -0.000000000000000     0.000000000000000     0.275184982234260
13 39
     0.384582558501645    -0.354800898271901    -0.000000000000000
    -0.354800898271901    -0.025106144623170     0.000000000000000
    -0.000000000000000     0.000000000000000     0.004684487930264
13 40
     0.384582704028493     0.354801056014245    -0.000000000000000
     0.354800887974276    -0.025105999096253     0.000000000000000
     0.000000000000000    -0.000000000000000     0.004684487930264
13 41
     0.410567785637978     0.572257699930373    -0.000000000000000
     1.141180853958853     0.696413394612853     0.000000000000000
     0.000000000000000     0.000000000000000     0.275184982234260
13 42
     0.690474415972328     0.000000141604228     0.000000000000000
     0.000000141604228     0.690474906503762    -0.000000000000000
    -0.000000000000000     0.000000000000000    -0.058303007933635
13 43
     0.410567550918086    -0.572257531529875    -0.000000000000000
    -1.141180568314736     0.696412926540439     0.000000000000000
    -0.000000000000000     0.000000000000000     0.275184982234260
13 44
     1.254429504039983     0.000000257261554     0.000000000000000
    -0.000000382132182    -1.863310767488381    -0.000000000000000
    -0.000000000000000    -0.000000000000000    -0.210802570416274
13 45
   -11.632984537539578    -6.466582365406063     0.000000000000000
    -6.466582365406063   -19.099957954178848    -0.000000000000000
     0.000000000000000    -0.000000000000001    -4.828565844896779
13 46
    -0.116988737053854     0.836595881441588    -0.000000000000000
     0.267672727413107     1.223970167164801     0.000000000000000
     0.000000000000000     0.000000000000000     0.275184982234260
13 47
    -0.116989080195990    -0.836595929426347    -0.000000000000000
    -0.267672225383732     1.223970057374913     0.000000000000000
    -0.000000000000000     0.000000000000000     0.275184982234260
13 48
   -11.632981885176530     6.466577593963227     0.000000000000000
     6.466574531277456   -19.099955301814546    -0.000000000000000
     0.000000000000001    -0.000000000000001    -4.828565844896780
13 49
    -0.035241300941214     0.237015357133034    -0.000000000000000
     0.124365289734573    -0.133530820084792     0.000000000000000
     0.000000000000000    -0.000000000000000     0.036036811570408
13 50
    -0.035241398156558    -0.237015371587803    -0.000000000000000
    -0.124365344504216    -0.133530871095096     0.000000000000000
    -0.000000000000000     0.000000000000000     0.036036811570408
13 51
    -0.016718408761529    -0.111197298923687    -0.000000000000000
    -0.111197246258696     0.111681186741864     0.000000000000000
    -0.000000000000000     0.000000000000000     0.004511465586277
13 52
    -0.016718363152320     0.111197292066390    -0.000000000000000
     0.111197292066390     0.111681232351095     0.000000000000000
     0.000000000000000    -0.000000000000000     0.004511465586277
13 53
     0.182322893328290     0.162855836306687    -0.000000000000000
     0.162855759175323    -0.005726700362360     0.000000000000000
     0.000000000000000    -0.000000000000000     0.001132007888846
13 54
     0.228742503914419     0.000000046911087     0.000000000000000
     0.000000008548500     0.041683253856867    -0.000000000000000
    -0.000000000000000     0.000000000000000    -0.001741880973676
13 55
     0.182322826530585    -0.162855761524227    -0.000000000000000
    -0.162855761524227    -0.005726767160096     0.000000000000000
    -0.000000000000000     0.000000000000000     0.001132007888846
13 56
     0.175880888286303     0.000000036070094    -0.000000000000000
    -0.000000016594896    -0.080918201524408     0.000000000000000
    -0.000000000000000    -0.000000000000000     0.004511465586277
13 57
     0.047523979212513     0.076580757912445    -0.000000000000000
     0.189230676786283    -0.216296178636756     0.000000000000000
     0.000000000000000    -0.000000000000000     0.036036811570408
13 58
     0.088448060773083     0.080999100605833     0.000000000000000
     0.080999100605833     0.181977829890102    -0.000000000000000
    -0.000000000000000     0.000000000000000    -0.001741880973676
13 59
     0.088448027550116    -0.080999064327539     0.000000000000000
    -0.080999025964952     0.181977796667120    -0.000000000000000
    -0.000000000000000     0.000000000000000    -0.001741880973676
13 60
     0.047523947801791    -0.076580738419777    -0.000000000000000
    -0.189230765503363    -0.216296256252579     0.000000000000000
    -0.000000000000000    -0.000000000000000     0.036036811570408
13 61
    -0.536010769556857    -0.000000109926435    -0.000000000000000
    -0.000000109926435    -0.536011150353199     0.000000000000000
     0.000000000000000    -0.000000000000000     0.700876702223261
13 62
    -0.265440762619316     0.008540356053761    -0.000000000000000
    -0.104109562820077     0.096668711420720     0.000000000000000
     0.000000000000000     0.000000000000000     0.036036811570408
13 63
    -0.099751524503929    -0.000000020457293    -0.000000000000000
     0.000000056674071     0.276347851065301     0.000000000000000
     0.000000000000000     0.000000000000000     0.001132007888846
13 64
    -0.265440766122291    -0.008540464928279    -0.000000000000000
     0.104109602470182     0.096668754122830     0.000000000000000
     0.000000000000000     0.000000000000000     0.036036811570408
14 1
    -0.375906412252307    -0.298555707156145    -0.000000000000000
    -0.298555565754885    -0.720649285751725    -0.000000000000000
    -0.000000000000000    -0.000000000000000    -0.022201466372834
14 2
    -2.831261197522593    -4.117555137859178    -0.000000000000000
    -2.369367826648160     0.913821174460555    -0.000000000000000
    -0.000000000000000    -0.000000000000000     0.004931443580811
14 3
    -2.831262886398734     4.117556299143843     0.000000000000000
     2.369367451831141     0.913820202628822     0.000000000000000
    -0.000000000000000     0.000000000000000     0.004931443580811
14 4
    -0.375906534709360     0.298555861339832    -0.000000000000000
     0.298555861339832    -0.720649408208836    -0.000000000000000
     0.000000000000000    -0.000000000000000    -0.022201466372834
14 5
    -0.893020015777785     0.000000183142788    -0.000000000000000
     0.000000041741529    -0.203535437312081    -0.000000000000000
    -0.000000000000000    -0.000000000000000    -0.022201466372834
14 6
    -0.602499461653666    -0.703835132988084     0.000000000000000
    -0.703835132988084     0.210219252442477     0.000000000000000
    -0.000000000000000    -0.000000000000000     0.101491716499343
14 7
    -0.893212158935448     0.000000183182194    -0.000000000000000
     0.000000041721177    -0.203436200965630    -0.000000000000000
    -0.000000000000000    -0.000000000000000    -0.022205761253713
14 8
    -0.602499750342065     0.703835380112349     0.000000000000000
     0.703835046763619     0.210218963753941     0.000000000000000
     0.000000000000000     0.000000000000000     0.101491716499343
14 9
    -2.831370089593399     2.369306680168138     0.000000000000000
     4.117492455189234     0.913927405925203     0.000000000000000
     0.000000000000000     0.000000000000000     0.004931443580811
14 10
    -2.831369117787597    -2.369305518839355     0.000000000000000
    -4.117492830050372     0.913929094776672     0.000000000000000
    -0.000000000000000    -0.000000000000000     0.004931443580811
14 11
    -0.375880020808884    -0.298681878217139    -0.000000000000000
    -0.298681736756123    -0.720768584109861    -0.000000000000000
    -0.000000000000000    -0.000000000000000    -0.022205761253713
14 12
    -0.375880143317688     0.298682032390001    -0.000000000000000
     0.298682032390001    -0.720768706618723    -0.000000000000000
    -0.000000000000000    -0.000000000000000    -0.022205761253713
14 13
     2.786468462475538     0.874031086808263    -0.000000000000000
    -0.874154688212834    -4.703913806851610    -0.000000000000000
     0.000000000000000    -0.000000000000000     0.004931443580811
14 14
    52.115137391837209    -0.000010687903291     0.000000000000001
    -0.000010687903288    52.115174415820285     0.000000000000000
     0.000000000000003     0.000000000000003    13.528368586741376
14 15
     2.786468820972500    -0.874032229720243     0.000000000000000
     0.874156617592459    -4.703914165399686    -0.000000000000000
     0.000000000000000    -0.000000000000000     0.004931443580811
14 16
     0.616578241128517    -0.000000126449415     0.000000000000000
     0.000000206899315    -1.008859605093578     0.000000000000000
     0.000000000000000    -0.000000000000000     0.101491716499343
14 17
     0.368955009716501    -0.341532964156567    -0.000000000000000
    -0.341532802400597    -0.025413031771955    -0.000000000000000
    -0.000000000000000    -0.000000000000000    -0.053998310183965
14 18
     0.423398288605332    -0.000000086831585    -0.000000000000000
    -0.000000049572319     0.241719072990480    -0.000000000000000
     0.000000000000000     0.000000000000000    -0.349822342482687
14 19
     0.368954869631755     0.341532812824155    -0.000000000000000
     0.341532812824155    -0.025413171856767    -0.000000000000000
     0.000000000000000     0.000000000000000    -0.053998310183965
14 20
     0.165870355587820    -0.000000034017109     0.000000000000000
     0.000000027971751    -0.136392766477020     0.000000000000000
     0.000000000000000    -0.000000000000000     0.000225174468947
14 21
    -0.060826886446111    -0.130883778724364     0.000000000000000
    -0.130883778724364     0.090304690292622     0.000000000000000
    -0.000000000000000    -0.000000000000000     0.000225174468947
14 22
    -0.285560707095421    -0.144425158054631     0.000000000000000
    -0.144650289651021    -0.064788748355967     0.000000000000000
    -0.000000000000000    -0.000000000000000     0.011003178035021
14 23
    -0.285560766333551     0.144425275181658     0.000000000000000
     0.144650316225093    -0.064788807686462     0.000000000000000
    -0.000000000000000     0.000000000000000     0.011003178035021
14 24
    -0.060826940130026     0.130883803673436     0.000000000000000
     0.130883741684576     0.090304636608682     0.000000000000000
     0.000000000000000     0.000000000000000     0.000225174468947
14 25
    -0.222597095477408     0.000000045650772    -0.000000000000000
    -0.000000116105198     0.566139353591512    -0.000000000000000
    -0.000000000000000     0.000000000000000    -0.053998310183965
14 26
    -0.245155026046599    -0.167978526005680     0.000000000000000
    -0.167753394409290    -0.105194448541635     0.000000000000000
    -0.000000000000000    -0.000000000000000     0.011003178035021
14 27
    -0.299311430573754     0.000000061383540    -0.000000000000000
     0.000000061383540    -0.299311643212575    -0.000000000000000
    -0.000000000000000    -0.000000000000000    -0.001995278945543
14 28
    -0.245155094945487     0.167978626559711     0.000000000000000
     0.167753437556356    -0.105194517348219     0.000000000000000
    -0.000000000000000     0.000000000000000     0.011003178035021
14 29
     0.287138764235260    -0.078669578535922    -0.000000000000000
    -0.078669578535922     0.377978726430432    -0.000000000000000
     0.000000000000000     0.000000000000000    -0.349822342482687
14 30
     0.287138731967798     0.078669460761650    -0.000000000000000
     0.078669423502385     0.377978694162955    -0.000000000000000
     0.000000000000000     0.000000000000000    -0.349822342482687
14 31
     0.005191598909568    -0.023215679867683     0.000000000000000
    -0.023440720911118    -0.355541310635053     0.000000000000000
    -0.000000000000000    -0.000000000000000     0.011003178035021
14 32
     0.005191589387316     0.023215677738273     0.000000000000000
     0.023440866741627    -0.355541320249647     0.000000000000000
    -0.000000000000000    -0.000000000000000     0.011003178035021
14 33
    -1.083874983663303     1.350021427251814    -0.000000000000000
     1.350020787858077     0.474994827677341    -0.000000000000000
     0.000000000000000     0.000000000000000    -0.210802570416274
14 34
   -22.833422982652845     0.000004682735746    -0.000000000000000
     0.000001620049973    -7.899508899610865    -0.000000000000000
    -0.000000000000001    -0.000000000000000    -4.828565844896779
14 35
    -1.083874429932216    -1.350020982684319    -0.000000000000000
    -1.350020982684318     0.474995381408690    -0.000000000000000
    -0.000000000000000    -0.000000000000000    -0.210802570416274
14 36
    -0.229950396668087     0.000000047158805     0.000000000000000
    -0.000000120881165     0.589427392654092     0.000000000000000
    -0.000000000000000     0.000000000000000     0.004684487930264
14 37
     0.384582558501645     0.354800898271901     0.000000000000000
     0.354800898271901    -0.025106144623170     0.000000000000000
     0.000000000000000     0.000000000000000     0.004684487930264
14 38
     1.366891620700616     0.589046478443077     0.000000000000000
     0.020123441658216    -0.259911596174114     0.000000000000000
     0.000000000000000     0.000000000000000     0.275184982234260
14 39
     1.366891862306822    -0.589047039094261     0.000000000000000
    -0.020123335051647    -0.259911587920205     0.000000000000000
     0.000000000000000    -0.000000000000000     0.275184982234260
14 40
     0.384582704028493    -0.354801056014245     0.000000000000000
    -0.354800887974276    -0.025105999096253     0.000000000000000
    -0.000000000000000    -0.000000000000000     0.004684487930264
14 41
     1.254429504039983    -0.000000257261554    -0.000000000000000
     0.000000382132182    -1.863310767488381    -0.000000000000000
     0.000000000000000    -0.000000000000000    -0.210802570416274
14 42
     0.410567550918086     0.572257531529875     0.000000000000000
     1.141180568314736     0.696412926540439     0.000000000000000
     0.000000000000000     0.000000000000000     0.275184982234260
14 43
     0.690474415972328    -0.000000141604228    -0.000000000000000
    -0.000000141604228     0.690474906503762    -0.000000000000000
     0.000000000000000     0.000000000000000    -0.058303007933635
14 44
     0.410567785637978    -0.572257699930373     0.000000000000000
    -1.141180853958853     0.696413394612853     0.000000000000000
    -0.000000000000000     0.000000000000000     0.275184982234260
14 45
   -11.632984537539578     6.466582365406062    -0.000000000000000
     6.466582365406062   -19.099957954178848    -0.000000000000000
    -0.000000000000000    -0.000000000000001    -4.828565844896779
14 46
   -11.632981885176530    -6.466577593963228    -0.000000000000000
    -6.466574531277457   -19.099955301814546    -0.000000000000000
    -0.000000000000001    -0.000000000000001    -4.828565844896780
14 47
    -0.116989080195990     0.836595929426347     0.000000000000000
     0.267672225383732     1.223970057374913     0.000000000000000
     0.000000000000000     0.000000000000000     0.275184982234260
14 48
    -0.116988737053854    -0.836595881441588     0.000000000000000
    -0.267672727413107     1.223970167164801     0.000000000000000
    -0.000000000000000     0.000000000000000     0.275184982234260
14 49
    -0.016718408761529     0.111197298923687     0.000000000000000
     0.111197246258696     0.111681186741864     0.000000000000000
     0.000000000000000     0.000000000000000     0.004511465586277
14 50
    -0.035241398156558     0.237015371587803     0.000000000000000
     0.124365344504216    -0.133530871095096     0.000000000000000
     0.000000000000000     0.000000000000000     0.036036811570408
14 51
    -0.035241300941214    -0.237015357133034     0.000000000000000
    -0.124365289734573    -0.133530820084792     0.000000000000000
    -0.000000000000000    -0.000000000000000     0.036036811570408
14 52
    -0.016718363152320    -0.111197292066390     0.000000000000000
    -0.111197292066390     0.111681232351095     0.000000000000000
    -0.000000000000000    -0.000000000000000     0.004511465586277
14 53
     0.175880888286303    -0.000000036070094     0.000000000000000
     0.000000016594896    -0.080918201524408     0.000000000000000
     0.000000000000000    -0.000000000000000     0.004511465586277
14 54
     0.182322826530585     0.162855761524227     0.000000000000000
     0.162855761524227    -0.005726767160096     0.000000000000000
     0.000000000000000     0.000000000000000     0.001132007888846
14 55
     0.228742503914419    -0.000000046911087    -0.000000000000000
    -0.000000008548500     0.041683253856867    -0.000000000000000
     0.000000000000000     0.000000000000000    -0.001741880973676
14 56
     0.182322893328290    -0.162855836306687     0.000000000000000
    -0.162855759175323    -0.005726700362360     0.000000000000000
    -0.000000000000000    -0.000000000000000     0.001132007888846
14 57
     0.047523979212513    -0.076580757912445     0.000000000000000
    -0.189230676786283    -0.216296178636756     0.000000000000000
    -0.000000000000000    -0.000000000000000     0.036036811570408
14 58
     0.047523947801791     0.076580738419777     0.000000000000000
     0.189230765503363    -0.216296256252579     0.000000000000000
     0.000000000000000    -0.000000000000000     0.036036811570408
14 59
     0.088448027550116     0.080999064327539    -0.000000000000000
     0.080999025964952     0.181977796667120    -0.000000000000000
     0.000000000000000     0.000000000000000    -0.001741880973676
14 60
     0.088448060773083    -0.080999100605833    -0.000000000000000
    -0.080999100605833     0.181977829890102    -0.000000000000000
     0.000000000000000     0.000000000000000    -0.001741880973676
14 61
    -0.265440762619316    -0.008540356053761     0.000000000000000
     0.104109562820077     0.096668711420720     0.000000000000000
    -0.000000000000000     0.000000000000000     0.036036811570408
14 62
    -0.536010769556857     0.000000109926435     0.000000000000000
     0.000000109926435    -0.536011150353199     0.000000000000000
    -0.000000000000000    -0.000000000000000     0.700876702223261
14 63
    -0.265440766122291     0.008540464928279     0.000000000000000
    -0.104109602470182     0.096668754122830     0.000000000000000
    -0.000000000000000     0.000000000000000     0.036036811570408
14 64
    -0.099751524503929     0.000000020457293     0.000000000000000
    -0.000000056674071     0.276347851065301     0.000000000000000
    -0.000000000000000     0.000000000000000     0.001132007888846
15 1
    -0.375906412252307     0.298555707156145     0.000000000000000
     0.298555565754885    -0.720649285751725    -0.000000000000000
     0.000000000000000    -0.000000000000000    -0.022201466372834
15 2
    -0.375906534709360    -0.298555861339832     0.000000000000000
    -0.298555861339832    -0.720649408208836    -0.000000000000000
    -0.000000000000000    -0.000000000000000    -0.022201466372834
15 3
    -2.831262886398735    -4.117556299143843    -0.000000000000000
    -2.369367451831141     0.913820202628822     0.000000000000000
     0.000000000000000     0.000000000000000     0.004931443580811
15 4
    -2.831261197522593     4.117555137859178     0.000000000000000
     2.369367826648160     0.913821174460555    -0.000000000000000
     0.000000000000000    -0.000000000000000     0.004931443580811
15 5
    -0.602499461653666     0.703835132988084    -0.000000000000000
     0.703835132988084     0.210219252442477     0.000000000000000
     0.000000000000000    -0.000000000000000     0.101491716499343
15 6
    -0.893020015777785    -0.000000183142788     0.000000000000000
    -0.000000041741529    -0.203535437312081    -0.000000000000000
     0.000000000000000    -0.000000000000000    -0.022201466372834
15 7
    -0.602499750342065    -0.703835380112349    -0.000000000000000
    -0.703835046763619     0.210218963753941     0.000000000000000
    -0.000000000000000     0.000000000000000     0.101491716499343
15 8
    -0.893212158935448    -0.000000183182194     0.000000000000000
    -0.000000041721177    -0.203436200965630    -0.000000000000000
     0.000000000000000    -0.000000000000000    -0.022205761253713
15 9
    -0.375880020808884     0.298681878217139     0.000000000000000
     0.298681736756123    -0.720768584109861    -0.000000000000000
     0.000000000000000    -0.000000000000000    -0.022205761253713
15 10
    -2.831369117787597     2.369305518839355    -0.000000000000000
     4.117492830050372     0.913929094776672     0.000000000000000
     0.000000000000000    -0.000000000000000     0.004931443580811
15 11
    -2.831370089593399    -2.369306680168138    -0.000000000000000
    -4.117492455189234     0.913927405925203     0.000000000000000
    -0.000000000000000     0.000000000000000     0.004931443580811
15 12
    -0.375880143317688    -0.298682032390001     0.000000000000000
    -0.298682032390001    -0.720768706618723    -0.000000000000000
     0.000000000000000    -0.000000000000000    -0.022205761253713
15 13
     0.616578241128517     0.000000126449415    -0.000000000000000
    -0.000000206899315    -1.008859605093578     0.000000000000000
    -0.000000000000000    -0.000000000000000     0.101491716499343
15 14
     2.786468820972501     0.874032229720243    -0.000000000000000
    -0.874156617592459    -4.703914165399686    -0.000000000000000
    -0.000000000000000    -0.000000000000000     0.004931443580811
15 15
    52.115137391837216     0.000010687903295    -0.000000000000001
     0.000010687903291    52.115174415820285     0.000000000000000
    -0.000000000000003     0.000000000000003    13.528368586741376
15 16
     2.786468462475538    -0.874031086808263     0.000000000000000
     0.874154688212833    -4.703913806851610    -0.000000000000000
    -0.000000000000000    -0.000000000000000     0.004931443580811
15 17
     0.165870355587820     0.000000034017109    -0.000000000000000
    -0.000000027971751    -0.136392766477020     0.000000000000000
    -0.000000000000000    -0.000000000000000     0.000225174468947
15 18
     0.368954869631755    -0.341532812824155     0.000000000000000
    -0.341532812824155    -0.025413171856767    -0.000000000000000
    -0.000000000000000     0.000000000000000    -0.053998310183965
15 19
     0.423398288605332     0.000000086831585     0.000000000000000
     0.000000049572319     0.241719072990480    -0.000000000000000
    -0.000000000000000     0.000000000000000    -0.349822342482687
15 20
     0.368955009716501     0.341532964156567     0.000000000000000
     0.341532802400597    -0.025413031771955    -0.000000000000000
     0.000000000000000    -0.000000000000000    -0.053998310183965
15 21
    -0.060826886446111     0.130883778724364    -0.000000000000000
     0.130883778724364     0.090304690292622     0.000000000000000
     0.000000000000000    -0.000000000000000     0.000225174468947
15 22
    -0.060826940130026    -0.130883803673436    -0.000000000000000
    -0.130883741684576     0.090304636608682     0.000000000000000
    -0.000000000000000     0.000000000000000     0.000225174468947
15 23
    -0.285560766333551    -0.144425275181658    -0.000000000000000
    -0.144650316225093    -0.064788807686462     0.000000000000000
     0.000000000000000     0.000000000000000     0.011003178035021
15 24
    -0.285560707095421     0.144425158054631    -0.000000000000000
     0.144650289651021    -0.064788748355967     0.000000000000000
     0.000000000000000    -0.000000000000000     0.011003178035021
15 25
    -0.245155026046599     0.167978526005680    -0.000000000000000
     0.167753394409290    -0.105194448541635     0.000000000000000
     0.000000000000000    -0.000000000000000     0.011003178035021
15 26
    -0.222597095477408    -0.000000045650772     0.000000000000000
     0.000000116105198     0.566139353591512    -0.000000000000000
     0.000000000000000     0.000000000000000    -0.053998310183965
15 27
    -0.245155094945487    -0.167978626559711    -0.000000000000000
    -0.167753437556356    -0.105194517348219     0.000000000000000
     0.000000000000000     0.000000000000000     0.011003178035021
15 28
    -0.299311430573754    -0.000000061383540     0.000000000000000
    -0.000000061383540    -0.299311643212575    -0.000000000000000
     0.000000000000000    -0.000000000000000    -0.001995278945543
15 29
     0.005191598909568     0.023215679867683    -0.000000000000000
     0.023440720911118    -0.355541310635053     0.000000000000000
     0.000000000000000    -0.000000000000000     0.011003178035021
15 30
     0.287138731967798    -0.078669460761650     0.000000000000000
    -0.078669423502385     0.377978694162955    -0.000000000000000
    -0.000000000000000     0.000000000000000    -0.349822342482687
15 31
     0.287138764235260     0.078669578535922     0.000000000000000
     0.078669578535922     0.377978726430432    -0.000000000000000
    -0.000000000000000     0.000000000000000    -0.349822342482687
15 32
     0.005191589387316    -0.023215677738273    -0.000000000000000
    -0.023440866741627    -0.355541320249647     0.000000000000000
     0.000000000000000    -0.000000000000000     0.011003178035021
15 33
    -0.229950396668087    -0.000000047158805    -0.000000000000000
     0.000000120881165     0.589427392654092     0.000000000000000
     0.000000000000000     0.000000000000000     0.004684487930264
15 34
    -1.083874429932216     1.350020982684319     0.000000000000000
     1.350020982684318     0.474995381408690    -0.000000000000000
     0.000000000000000    -0.000000000000000    -0.210802570416274
15 35
   -22.833422982652849    -0.000004682735746     0.000000000000000
    -0.000001620049973    -7.899508899610865    -0.000000000000000
     0.000000000000001    -0.000000000000000    -4.828565844896779
15 36
    -1.083874983663303    -1.350021427251814     0.000000000000000
    -1.350020787858077     0.474994827677341    -0.000000000000000
    -0.000000000000000     0.000000000000000    -0.210802570416274
15 37
     0.384582558501645    -0.354800898271901    -0.000000000000000
    -0.354800898271901    -0.025106144623170     0.000000000000000
    -0.000000000000000     0.000000000000000     0.004684487930264
15 38
     0.384582704028493     0.354801056014245    -0.000000000000000
     0.354800887974276    -0.025105999096253     0.000000000000000
     0.000000000000000    -0.000000000000000     0.004684487930264
15 39
     1.366891862306822     0.589047039094261    -0.000000000000000
     0.020123335051646    -0.259911587920205     0.000000000000000
    -0.000000000000000    -0.000000000000000     0.275184982234260
15 40
     1.366891620700616    -0.589046478443077    -0.000000000000000
    -0.020123441658216    -0.259911596174114     0.000000000000000
    -0.000000000000000     0.000000000000000     0.275184982234260
15 41
     0.410567550918086    -0.572257531529875    -0.000000000000000
    -1.141180568314736     0.696412926540439     0.000000000000000
    -0.000000000000000     0.000000000000000     0.275184982234260
15 42
     1.254429504039983     0.000000257261554     0.000000000000000
    -0.000000382132182    -1.863310767488381    -0.000000000000000
    -0.000000000000000    -0.000000000000000    -0.210802570416274
15 43
     0.410567785637978     0.572257699930373    -0.000000000000000
     1.141180853958853     0.696413394612853     0.000000000000000
     0.000000000000000     0.000000000000000     0.275184982234260
15 44
     0.690474415972328     0.000000141604228     0.000000000000000
     0.000000141604228     0.690474906503762    -0.000000000000000
    -0.000000000000000     0.000000000000000    -0.058303007933635
15 45
    -0.116989080195990    -0.836595929426347    -0.000000000000000
    -0.267672225383732     1.223970057374913     0.000000000000000
    -0.000000000000000     0.000000000000000     0.275184982234260
15 46
   -11.632981885176530     6.466577593963227     0.000000000000000
     6.466574531277456   -19.099955301814546    -0.000000000000000
     0.000000000000001    -0.000000000000001    -4.828565844896780
15 47
   -11.632984537539578    -6.466582365406063     0.000000000000000
    -6.466582365406063   -19.099957954178848    -0.000000000000000
     0.000000000000000    -0.000000000000001    -4.828565844896779
15 48
    -0.116988737053854     0.836595881441588    -0.000000000000000
     0.267672727413107     1.223970167164801     0.000000000000000
     0.000000000000000     0.000000000000000     0.275184982234260
15 49
    -0.016718408761529    -0.111197298923687    -0.000000000000000
    -0.111197246258696     0.111681186741864     0.000000000000000
    -0.000000000000000     0.000000000000000     0.004511465586277
15 50
    -0.016718363152320     0.111197292066390    -0.000000000000000
     0.111197292066390     0.111681232351095     0.000000000000000
     0.000000000000000    -0.000000000000000     0.004511465586277
15 51
    -0.035241300941214     0.237015357133034    -0.000000000000000
     0.124365289734573    -0.133530820084792     0.000000000000000
     0.000000000000000    -0.000000000000000     0.036036811570408
15 52
    -0.035241398156558    -0.237015371587803    -0.000000000000000
    -0.124365344504216    -0.133530871095096     0.000000000000000
    -0.000000000000000     0.000000000000000     0.036036811570408
15 53
     0.182322826530585    -0.162855761524227    -0.000000000000000
    -0.162855761524227    -0.005726767160096     0.000000000000000
    -0.000000000000000     0.000000000000000     0.001132007888846
15 54
     0.175880888286303     0.000000036070094    -0.000000000000000
    -0.000000016594896    -0.080918201524408     0.000000000000000
    -0.000000000000000    -0.000000000000000     0.004511465586277
15 55
     0.182322893328290     0.162855836306687    -0.000000000000000
     0.162855759175323    -0.005726700362360     0.000000000000000
     0.000000000000000    -0.000000000000000     0.001132007888846
15 56
     0.228742503914419     0.000000046911087     0.000000000000000
     0.000000008548500     0.041683253856867    -0.000000000000000
    -0.000000000000000     0.000000000000000    -0.001741880973676
15 57
     0.088448027550116    -0.080999064327539     0.000000000000000
    -0.080999025964952     0.181977796667120    -0.000000000000000
    -0.000000000000000     0.000000000000000    -0.001741880973676
15 58
     0.047523947801791    -0.076580738419777    -0.000000000000000
    -0.189230765503363    -0.216296256252579     0.000000000000000
    -0.000000000000000    -0.000000000000000     0.036036811570408
15 59
     0.047523979212513     0.076580757912445    -0.000000000000000
     0.189230676786283    -0.216296178636756     0.000000000000000
     0.000000000000000    -0.000000000000000     0.036036811570408
15 60
     0.088448060773083     0.080999100605833     0.000000000000000
     0.080999100605833     0.181977829890102    -0.000000000000000
    -0.000000000000000     0.000000000000000    -0.001741880973676
15 61
    -0.099751524503929    -0.000000020457293    -0.000000000000000
     0.000000056674071     0.276347851065301     0.000000000000000
     0.000000000000000     0.000000000000000     0.001132007888846
15 62
    -0.265440766122291    -0.008540464928279    -0.000000000000000
     0.104109602470182     0.096668754122830     0.000000000000000
     0.000000000000000     0.000000000000000     0.036036811570408
15 63
    -0.536010769556857    -0.000000109926435    -0.000000000000000
    -0.000000109926435    -0.536011150353199     0.000000000000000
     0.000000000000000    -0.000000000000000     0.700876702223261
15 64
    -0.265440762619316     0.008540356053761    -0.000000000000000
    -0.104109562820077     0.096668711420720     0.000000000000000
     0.000000000000000     0.000000000000000     0.036036811570408
16 1
    -2.831262886398734     4.117556299143843    -0.000000000000000
     2.369367451831141     0.913820202628822    -0.000000000000000
     0.000000000000000    -0.000000000000000     0.004931443580811
16 2
    -0.375906534709360     0.298555861339832     0.000000000000000
     0.298555861339832    -0.720649408208836     0.000000000000000
     0.000000000000000    -0.000000000000000    -0.022201466372834
16 3
    -0.375906412252307    -0.298555707156145     0.000000000000000
    -0.298555565754885    -0.720649285751725     0.000000000000000
     0.000000000000000     0.000000000000000    -0.022201466372834
16 4
    -2.831261197522594    -4.117555137859178    -0.000000000000000
    -2.369367826648161     0.913821174460555    -0.000000000000000
     0.000000000000000     0.000000000000000     0.004931443580811
16 5
    -0.893212158935448     0.000000183182194     0.000000000000000
     0.000000041721177    -0.203436200965630    -0.000000000000000
     0.000000000000000     0.000000000000000    -0.022205761253713
16 6
    -0.602499750342065     0.703835380112350    -0.000000000000000
     0.703835046763619     0.210218963753941    -0.000000000000000
     0.000000000000000    -0.000000000000000     0.101491716499343
16 7
    -0.893020015777785     0.000000183142788     0.000000000000000
     0.000000041741529    -0.203535437312081     0.000000000000000
     0.000000000000000    -0.000000000000000    -0.022201466372834
16 8
    -0.602499461653666    -0.703835132988084    -0.000000000000000
    -0.703835132988084     0.210219252442477    -0.000000000000000
     0.000000000000000     0.000000000000000     0.101491716499343
16 9
    -0.375880020808884    -0.298681878217139     0.000000000000000
    -0.298681736756123    -0.720768584109861     0.000000000000000
     0.000000000000000     0.000000000000000    -0.022205761253713
16 10
    -0.375880143317688     0.298682032390001     0.000000000000000
     0.298682032390001    -0.720768706618723     0.000000000000000
     0.000000000000000    -0.000000000000000    -0.022205761253713
16 11
    -2.831370089593398     2.369306680168138     0.000000000000000
     4.117492455189235     0.913927405925203     0.000000000000000
     0.000000000000000    -0.000000000000000     0.004931443580811
16 12
    -2.831369117787597    -2.369305518839354     0.000000000000000
    -4.117492830050372     0.913929094776671     0.000000000000000
     0.000000000000000     0.000000000000000     0.004931443580811
16 13
     2.786468820972500    -0.874032229720244    -0.000000000000000
     0.874156617592458    -4.703914165399686     0.000000000000000
    -0.000000000000000     0.000000000000000     0.004931443580811
16 14
     0.616578241128517    -0.000000126449415    -0.000000000000000
     0.000000206899315    -1.008859605093578    -0.000000000000000
    -0.000000000000000     0.000000000000000     0.101491716499343
16 15
     2.786468462475538     0.874031086808262    -0.000000000000000
    -0.874154688212834    -4.703913806851612    -0.000000000000000
    -0.000000000000000    -0.000000000000000     0.004931443580811
16 16
    52.115137391837216    -0.000010687903281    -0.000000000000001
    -0.000010687903284    52.115174415820285    -0.000000000000000
    -0.000000000000004    -0.000000000000001    13.528368586741376
16 17
     0.368954869631755     0.341532812824155     0.000000000000000
     0.341532812824155    -0.025413171856767     0.000000000000000
    -0.000000000000000    -0.000000000000000    -0.053998310183965
16 18
     0.165870355587820    -0.000000034017109    -0.000000000000000
     0.000000027971751    -0.136392766477020    -0.000000000000000
    -0.000000000000000     0.000000000000000     0.000225174468947
16 19
     0.368955009716501    -0.341532964156567     0.000000000000000
    -0.341532802400597    -0.025413031771955     0.000000000000000
    -0.000000000000000     0.000000000000000    -0.053998310183965
16 20
     0.423398288605332    -0.000000086831585     0.000000000000000
    -0.000000049572319     0.241719072990480     0.000000000000000
    -0.000000000000000    -0.000000000000000    -0.349822342482687
16 21
    -0.285560766333551     0.144425275181658    -0.000000000000000
     0.144650316225093    -0.064788807686462    -0.000000000000000
     0.000000000000000    -0.000000000000000     0.011003178035021
16 22
    -0.060826940130026     0.130883803673436    -0.000000000000000
     0.130883741684576     0.090304636608682    -0.000000000000000
     0.000000000000000    -0.000000000000000     0.000225174468947
16 23
    -0.060826886446111    -0.130883778724364    -0.000000000000000
    -0.130883778724364     0.090304690292622    -0.000000000000000
     0.000000000000000     0.000000000000000     0.000225174468947
16 24
    -0.285560707095421    -0.144425158054631    -0.000000000000000
    -0.144650289651021    -0.064788748355967    -0.000000000000000
     0.000000000000000     0.000000000000000     0.011003178035021
16 25
    -0.299311430573754     0.000000061383540     0.000000000000000
     0.000000061383540    -0.299311643212575     0.000000000000000
     0.000000000000000     0.000000000000000    -0.001995278945543
16 26
    -0.245155094945487     0.167978626559711    -0.000000000000000
     0.167753437556356    -0.105194517348219    -0.000000000000000
     0.000000000000000    -0.000000000000000     0.011003178035021
16 27
    -0.222597095477408     0.000000045650772     0.000000000000000
    -0.000000116105198     0.566139353591512     0.000000000000000
     0.000000000000000     0.000000000000000    -0.053998310183965
16 28
    -0.245155026046599    -0.167978526005680    -0.000000000000000
    -0.167753394409290    -0.105194448541635    -0.000000000000000
     0.000000000000000     0.000000000000000     0.011003178035021
16 29
     0.005191598909568    -0.023215679867683    -0.000000000000000
    -0.023440720911118    -0.355541310635053    -0.000000000000000
     0.000000000000000     0.000000000000000     0.011003178035021
16 30
     0.005191589387316     0.023215677738273    -0.000000000000000
     0.023440866741627    -0.355541320249647    -0.000000000000000
    -0.000000000000000     0.000000000000000     0.011003178035021
16 31
     0.287138764235260    -0.078669578535922     0.000000000000000
    -0.078669578535922     0.377978726430432     0.000000000000000
    -0.000000000000000    -0.000000000000000    -0.349822342482687
16 32
     0.287138731967798     0.078669460761650     0.000000000000000
     0.078669423502385     0.377978694162955     0.000000000000000
    -0.000000000000000    -0.000000000000000    -0.349822342482687
16 33
    -1.083874429932217    -1.350020982684318     0.000000000000000
    -1.350020982684319     0.474995381408690     0.000000000000000
     0.000000000000000     0.000000000000000    -0.210802570416274
16 34
    -0.229950396668087     0.000000047158805    -0.000000000000000
    -0.000000120881165     0.589427392654092    -0.000000000000000
     0.000000000000000    -0.000000000000000     0.004684487930264
16 35
    -1.083874983663303     1.350021427251814     0.000000000000000
     1.350020787858078     0.474994827677341     0.000000000000000
     0.000000000000000    -0.000000000000000    -0.210802570416274
16 36
   -22.833422982652849     0.000004682735744     0.000000000000000
     0.000001620049973    -7.899508899610870     0.000000000000000
     0.000000000000002     0.000000000000000    -4.828565844896780
16 37
     1.366891862306822    -0.589047039094261    -0.000000000000000
    -0.020123335051647    -0.259911587920205    -0.000000000000000
    -0.000000000000000     0.000000000000000     0.275184982234260
16 38
     0.384582704028493    -0.354801056014245    -0.000000000000000
    -0.354800887974276    -0.025105999096253    -0.000000000000000
    -0.000000000000000     0.000000000000000     0.004684487930264
16 39
     0.384582558501645     0.354800898271901    -0.000000000000000
     0.354800898271901    -0.025106144623170    -0.000000000000000
    -0.000000000000000    -0.000000000000000     0.004684487930264
16 40
     1.366891620700616     0.589046478443076    -0.000000000000000
     0.020123441658216    -0.259911596174115    -0.000000000000000
    -0.000000000000000    -0.000000000000000     0.275184982234260
16 41
     0.690474415972328    -0.000000141604228     0.000000000000000
    -0.000000141604228     0.690474906503762     0.000000000000000
    -0.000000000000000    -0.000000000000000    -0.058303007933635
16 42
     0.410567785637977    -0.572257699930373    -0.000000000000000
    -1.141180853958854     0.696413394612853    -0.000000000000000
    -0.000000000000000     0.000000000000000     0.275184982234260
16 43
     1.254429504039983    -0.000000257261555     0.000000000000000
     0.000000382132182    -1.863310767488381     0.000000000000000
    -0.000000000000000     0.000000000000000    -0.210802570416274
16 44
     0.410567550918086     0.572257531529875    -0.000000000000000
     1.141180568314736     0.696412926540439    -0.000000000000000
    -0.000000000000000    -0.000000000000000     0.275184982234260
16 45
    -0.116989080195989     0.836595929426347    -0.000000000000000
     0.267672225383733     1.223970057374914    -0.000000000000000
     0.000000000000000    -0.000000000000000     0.275184982234260
16 46
    -0.116988737053854    -0.836595881441588    -0.000000000000000
    -0.267672727413107     1.223970167164801    -0.000000000000000
     0.000000000000000     0.000000000000000     0.275184982234260
16 47
   -11.632984537539578     6.466582365406061     0.000000000000000
     6.466582365406061   -19.099957954178848     0.000000000000000
     0.000000000000001    -0.000000000000000    -4.828565844896779
16 48
   -11.632981885176529    -6.466577593963233     0.000000000000000
    -6.466574531277461   -19.099955301814543     0.000000000000000
     0.000000000000001     0.000000000000001    -4.828565844896779
16 49
    -0.035241300941214    -0.237015357133034    -0.000000000000000
    -0.124365289734573    -0.133530820084792    -0.000000000000000
     0.000000000000000     0.000000000000000     0.036036811570408
16 50
    -0.016718363152320    -0.111197292066390    -0.000000000000000
    -0.111197292066390     0.111681232351095    -0.000000000000000
     0.000000000000000     0.000000000000000     0.004511465586277
16 51
    -0.016718408761529     0.111197298923687    -0.000000000000000
     0.111197246258696     0.111681186741864    -0.000000000000000
     0.000000000000000    -0.000000000000000     0.004511465586277
16 52
    -0.035241398156558     0.237015371587802    -0.000000000000000
     0.124365344504216    -0.133530871095096    -0.000000000000000
     0.000000000000000    -0.000000000000000     0.036036811570408
16 53
     0.228742503914419    -0.000000046911087     0.000000000000000
    -0.000000008548500     0.041683253856867     0.000000000000000
    -0.000000000000000    -0.000000000000000    -0.001741880973676
16 54
     0.182322893328290    -0.162855836306687    -0.000000000000000
    -0.162855759175323    -0.005726700362360    -0.000000000000000
    -0.000000000000000     0.000000000000000     0.001132007888846
16 55
     0.175880888286303    -0.000000036070094    -0.000000000000000
     0.000000016594896    -0.080918201524408    -0.000000000000000
    -0.000000000000000    -0.000000000000000     0.004511465586277
16 56
     0.182322826530585     0.162855761524227    -0.000000000000000
     0.162855761524227    -0.005726767160096    -0.000000000000000
    -0.000000000000000    -0.000000000000000     0.001132007888846
16 57
     0.088448027550116     0.080999064327539     0.000000000000000
     0.080999025964952     0.181977796667120     0.000000000000000
    -0.000000000000000    -0.000000000000000    -0.001741880973676
16 58
     0.088448060773083    -0.080999100605833     0.000000000000000
    -0.080999100605833     0.181977829890102     0.000000000000000
    -0.000000000000000     0.000000000000000    -0.001741880973676
16 59
     0.047523979212513    -0.076580757912445    -0.000000000000000
    -0.189230676786283    -0.216296178636756    -0.000000000000000
     0.000000000000000     0.000000000000000     0.036036811570408
16 60
     0.047523947801791     0.076580738419777    -0.000000000000000
     0.189230765503363    -0.216296256252579    -0.000000000000000
    -0.000000000000000     0.000000000000000     0.036036811570408
16 61
    -0.265440766122291     0.008540464928279    -0.000000000000000
    -0.104109602470182     0.096668754122830    -0.000000000000000
     0.000000000000000    -0.000000000000000     0.036036811570408
16 62
    -0.099751524503929     0.000000020457293    -0.000000000000000
    -0.000000056674071     0.276347851065301    -0.000000000000000
     0.000000000000000    -0.000000000000000     0.001132007888846
16 63
    -0.265440762619316    -0.008540356053761    -0.000000000000000
     0.104109562820077     0.096668711420720    -0.000000000000000
     0.000000000000000     0.000000000000000     0.036036811570408
16 64
    -0.536010769556857     0.000000109926435    -0.000000000000000
     0.000000109926435    -0.536011150353199    -0.000000000000000
     0.000000000000000     0.000000000000000     0.700876702223261
17 1
     0.287138731967798     0.078669460761650     0.000000000000000
     0.078669423502385     0.377978694162955     0.000000000000000
    -0.000000000000000    -0.000000000000000    -0.349822342482687
17 2
     0.287138764235260    -0.078669578535922     0.000000000000000
    -0.078669578535922     0.377978726430432     0.000000000000000
    -0.000000000000000    -0.000000000000000    -0.349822342482687
17 3
     0.005191589387316     0.023215677738273    -0.000000000000000
     0.023440866741627    -0.355541320249647    -0.000000000000000
    -0.000000000000000     0.000000000000000     0.011003178035021
17 4
     0.005191598909568    -0.023215679867683    -0.000000000000000
    -0.023440720911118    -0.355541310635053    -0.000000000000000
     0.000000000000000     0.000000000000000     0.011003178035021
17 5
    -0.245155026046599    -0.167978526005680    -0.000000000000000
    -0.167753394409290    -0.105194448541635    -0.000000000000000
     0.000000000000000     0.000000000000000     0.011003178035021
17 6
    -0.222597095477408     0.000000045650772     0.000000000000000
    -0.000000116105198     0.566139353591512     0.000000000000000
     0.000000000000000     0.000000000000000    -0.053998310183965
17 7
    -0.245155094945487     0.167978626559711    -0.000000000000000
     0.167753437556356    -0.105194517348219    -0.000000000000000
     0.000000000000000    -0.000000000000000     0.011003178035021
17 8
    -0.299311430573754     0.000000061383540     0.000000000000000
     0.000000061383540    -0.299311643212575     0.000000000000000
     0.000000000000000     0.000000000000000    -0.001995278945543
17 9
    -0.285560707095421    -0.144425158054631    -0.000000000000000
    -0.144650289651021    -0.064788748355967    -0.000000000000000
     0.000000000000000     0.000000000000000     0.011003178035021
17 10
    -0.060826886446111    -0.130883778724364    -0.000000000000000
    -0.130883778724364     0.090304690292622    -0.000000000000000
     0.000000000000000     0.000000000000000     0.000225174468947
17 11
    -0.060826940130026     0.130883803673436    -0.000000000000000
     0.130883741684576     0.090304636608682    -0.000000000000000
     0.000000000000000    -0.000000000000000     0.000225174468947
17 12
    -0.285560766333551     0.144425275181658    -0.000000000000000
     0.144650316225093    -0.064788807686462    -0.000000000000000
     0.000000000000000    -0.000000000000000     0.011003178035021
17 13
     0.423398288605332    -0.000000086831585     0.000000000000000
    -0.000000049572319     0.241719072990480     0.000000000000000
    -0.000000000000000    -0.000000000000000    -0.349822342482687
17 14
     0.368955009716501    -0.341532964156567     0.000000000000000
    -0.341532802400597    -0.025413031771955     0.000000000000000
    -0.000000000000000     0.000000000000000    -0.053998310183965
17 15
     0.165870355587820    -0.000000034017109    -0.000000000000000
     0.000000027971751    -0.136392766477020    -0.000000000000000
    -0.000000000000000     0.000000000000000     0.000225174468947
17 16
     0.368954869631755     0.341532812824155     0.000000000000000
     0.341532812824155    -0.025413171856767     0.000000000000000
    -0.000000000000000    -0.000000000000000    -0.053998310183965
17 17
    52.115137391837216    -0.000010687903281    -0.000000000000001
    -0.000010687903284    52.115174415820285    -0.000000000000000
    -0.000000000000004    -0.000000000000001    13.528368586741376
17 18
     2.786468462475538     0.874031086808262    -0.000000000000000
    -0.874154688212834    -4.703913806851612    -0.000000000000000
    -0.000000000000000    -0.000000000000000     0.004931443580811
17 19
     0.616578241128517    -0.000000126449415    -0.000000000000000
     0.000000206899315    -1.008859605093578    -0.000000000000000
    -0.000000000000000     0.000000000000000     0.101491716499343
17 20
     2.786468820972500    -0.874032229720244    -0.000000000000000
     0.874156617592458    -4.703914165399686     0.000000000000000
    -0.000000000000000     0.000000000000000     0.004931443580811
17 21
    -2.831369117787597    -2.369305518839354     0.000000000000000
    -4.117492830050372     0.913929094776671     0.000000000000000
     0.000000000000000     0.000000000000000     0.004931443580811
17 22
    -2.831370089593398     2.369306680168138     0.000000000000000
     4.117492455189235     0.913927405925203     0.000000000000000
     0.000000000000000    -0.000000000000000     0.004931443580811
17 23
    -0.375880143317688     0.298682032390001     0.000000000000000
     0.298682032390001    -0.720768706618723     0.000000000000000
     0.000000000000000    -0.000000000000000    -0.022205761253713
17 24
    -0.375880020808884    -0.298681878217139     0.000000000000000
    -0.298681736756123    -0.720768584109861     0.000000000000000
     0.000000000000000     0.000000000000000    -0.022205761253713
17 25
    -0.602499461653666    -0.703835132988084    -0.000000000000000
    -0.703835132988084     0.210219252442477    -0.000000000000000
     0.000000000000000     0.000000000000000     0.101491716499343
17 26
    -0.893020015777785     0.000000183142788     0.000000000000000
     0.000000041741529    -0.203535437312081     0.000000000000000
     0.000000000000000    -0.000000000000000    -0.022201466372834
17 27
    -0.602499750342065     0.703835380112350    -0.000000000000000
     0.703835046763619     0.210218963753941    -0.000000000000000
     0.000000000000000    -0.000000000000000     0.101491716499343
17 28
    -0.893212158935448     0.000000183182194     0.000000000000000
     0.000000041721177    -0.203436200965630    -0.000000000000000
     0.000000000000000     0.000000000000000    -0.022205761253713
17 29
    -2.831261197522594    -4.117555137859178    -0.000000000000000
    -2.369367826648161     0.913821174460555    -0.000000000000000
     0.000000000000000     0.000000000000000     0.004931443580811
17 30
    -0.375906412252307    -0.298555707156145     0.000000000000000
    -0.298555565754885    -0.720649285751725     0.000000000000000
     0.000000000000000     0.000000000000000    -0.022201466372834
17 31
    -0.375906534709360     0.298555861339832     0.000000000000000
     0.298555861339832    -0.720649408208836     0.000000000000000
     0.000000000000000    -0.000000000000000    -0.022201466372834
17 32
    -2.831262886398734     4.117556299143843    -0.000000000000000
     2.369367451831141     0.913820202628822    -0.000000000000000
     0.000000000000000    -0.000000000000000     0.004931443580811
17 33
    -0.536010769556857     0.000000109926435    -0.000000000000000
     0.000000109926435    -0.536011150353199    -0.000000000000000
     0.000000000000000     0.000000000000000     0.700876702223261
17 34
    -0.265440762619316    -0.008540356053761    -0.000000000000000
     0.104109562820077     0.096668711420720    -0.000000000000000
     0.000000000000000     0.000000000000000     0.036036811570408
17 35
    -0.099751524503929     0.000000020457293    -0.000000000000000
    -0.000000056674071     0.276347851065301    -0.000000000000000
     0.000000000000000    -0.000000000000000     0.001132007888846
17 36
    -0.265440766122291     0.008540464928279    -0.000000000000000
    -0.104109602470182     0.096668754122830    -0.000000000000000
     0.000000000000000    -0.000000000000000     0.036036811570408
17 37
     0.047523947801791     0.076580738419777    -0.000000000000000
     0.189230765503363    -0.216296256252579    -0.000000000000000
    -0.000000000000000     0.000000000000000     0.036036811570408
17 38
     0.047523979212513    -0.076580757912445    -0.000000000000000
    -0.189230676786283    -0.216296178636756    -0.000000000000000
     0.000000000000000     0.000000000000000     0.036036811570408
17 39
     0.088448060773083    -0.080999100605833     0.000000000000000
    -0.080999100605833     0.181977829890102     0.000000000000000
    -0.000000000000000     0.000000000000000    -0.001741880973676
17 40
     0.088448027550116     0.080999064327539     0.000000000000000
     0.080999025964952     0.181977796667120     0.000000000000000
    -0.000000000000000    -0.000000000000000    -0.001741880973676
17 41
     0.182322826530585     0.162855761524227    -0.000000000000000
     0.162855761524227    -0.005726767160096    -0.000000000000000
    -0.000000000000000    -0.000000000000000     0.001132007888846
17 42
     0.175880888286303    -0.000000036070094    -0.000000000000000
     0.000000016594896    -0.080918201524408    -0.000000000000000
    -0.000000000000000    -0.000000000000000     0.004511465586277
17 43
     0.182322893328290    -0.162855836306687    -0.000000000000000
    -0.162855759175323    -0.005726700362360    -0.000000000000000
    -0.000000000000000     0.000000000000000     0.001132007888846
17 44
     0.228742503914419    -0.000000046911087     0.000000000000000
    -0.000000008548500     0.041683253856867     0.000000000000000
    -0.000000000000000    -0.000000000000000    -0.001741880973676
17 45
    -0.035241398156558     0.237015371587802    -0.000000000000000
     0.124365344504216    -0.133530871095096    -0.000000000000000
     0.000000000000000    -0.000000000000000     0.036036811570408
17 46
    -0.016718408761529     0.111197298923687    -0.000000000000000
     0.111197246258696     0.111681186741864    -0.000000000000000
     0.000000000000000    -0.000000000000000     0.004511465586277
17 47
    -0.016718363152320    -0.111197292066390    -0.000000000000000
    -0.111197292066390     0.111681232351095    -0.000000000000000
     0.000000000000000     0.000000000000000     0.004511465586277
17 48
    -0.035241300941214    -0.237015357133034    -0.000000000000000
    -0.124365289734573    -0.133530820084792    -0.000000000000000
     0.000000000000000     0.000000000000000     0.036036811570408
17 49
   -11.632981885176529    -6.466577593963233     0.000000000000000
    -6.466574531277461   -19.099955301814543     0.000000000000000
     0.000000000000001     0.000000000000001    -4.828565844896779
17 50
   -11.632984537539578     6.466582365406061     0.000000000000000
     6.466582365406061   -19.099957954178848     0.000000000000000
     0.000000000000001    -0.000000000000000    -4.828565844896779
17 51
    -0.116988737053854    -0.836595881441588    -0.000000000000000
    -0.267672727413107     1.223970167164801    -0.000000000000000
     0.000000000000000     0.000000000000000     0.275184982234260
17 52
    -0.116989080195989     0.836595929426347    -0.000000000000000
     0.267672225383733     1.223970057374914    -0.000000000000000
     0.000000000000000    -0.000000000000000     0.275184982234260
17 53
     0.410567550918086     0.572257531529875    -0.000000000000000
     1.141180568314736     0.696412926540439    -0.000000000000000
    -0.000000000000000    -0.000000000000000     0.275184982234260
17 54
     1.254429504039983    -0.000000257261555     0.000000000000000
     0.000000382132182    -1.863310767488381     0.000000000000000
    -0.000000000000000     0.000000000000000    -0.210802570416274
17 55
     0.410567785637977    -0.572257699930373    -0.000000000000000
    -1.141180853958854     0.696413394612853    -0.000000000000000
    -0.000000000000000     0.000000000000000     0.275184982234260
17 56
     0.690474415972328    -0.000000141604228     0.000000000000000
    -0.000000141604228     0.690474906503762     0.000000000000000
    -0.000000000000000    -0.000000000000000    -0.058303007933635
17 57
     1.366891620700616     0.589046478443076    -0.000000000000000
     0.020123441658216    -0.259911596174115    -0.000000000000000
    -0.000000000000000    -0.000000000000000     0.275184982234260
17 58
     0.384582558501645     0.354800898271901    -0.000000000000000
     0.354800898271901    -0.025106144623170    -0.000000000000000
    -0.000000000000000    -0.000000000000000     0.004684487930264
17 59
     0.384582704028493    -0.354801056014245    -0.000000000000000
    -0.354800887974276    -0.025105999096253    -0.000000000000000
    -0.000000000000000     0.000000000000000     0.004684487930264
17 60
     1.366891862306822    -0.589047039094261    -0.000000000000000
    -0.020123335051647    -0.259911587920205    -0.000000000000000
    -0.000000000000000     0.000000000000000     0.275184982234260
17 61
   -22.833422982652849     0.000004682735744     0.000000000000000
     0.000001620049973    -7.899508899610870     0.000000000000000
     0.000000000000002     0.000000000000000    -4.828565844896780
17 62
    -1.083874983663303     1.350021427251814     0.000000000000000
     1.350020787858078     0.474994827677341     0.000000000000000
     0.000000000000000    -0.000000000000000    -0.210802570416274
17 63
    -0.229950396668087     0.000000047158805    -0.000000000000000
    -0.000000120881165     0.589427392654092    -0.000000000000000
     0.000000000000000    -0.000000000000000     0.004684487930264
17 64
    -1.083874429932217    -1.350020982684318     0.000000000000000
    -1.350020982684319     0.474995381408690     0.000000000000000
     0.000000000000000     0.000000000000000    -0.210802570416274
18 1
     0.005191589387316    -0.023215677738273    -0.000000000000000
    -0.023440866741627    -0.355541320249647     0.000000000000000
     0.000000000000000    -0.000000000000000     0.011003178035021
18 2
     0.287138764235260     0.078669578535922     0.000000000000000
     0.078669578535922     0.377978726430432    -0.000000000000000
    -0.000000000000000     0.000000000000000    -0.349822342482687
18 3
     0.287138731967798    -0.078669460761650     0.000000000000000
    -0.078669423502385     0.377978694162955    -0.000000000000000
    -0.000000000000000     0.000000000000000    -0.349822342482687
18 4
     0.005191598909568     0.023215679867683    -0.000000000000000
     0.023440720911118    -0.355541310635053     0.000000000000000
     0.000000000000000    -0.000000000000000     0.011003178035021
18 5
    -0.299311430573754    -0.000000061383540     0.000000000000000
    -0.000000061383540    -0.299311643212575    -0.000000000000000
     0.000000000000000    -0.000000000000000    -0.001995278945543
18 6
    -0.245155094945487    -0.167978626559711    -0.000000000000000
    -0.167753437556356    -0.105194517348219     0.000000000000000
     0.000000000000000     0.000000000000000     0.011003178035021
18 7
    -0.222597095477408    -0.000000045650772     0.000000000000000
     0.000000116105198     0.566139353591512    -0.000000000000000
     0.000000000000000     0.000000000000000    -0.053998310183965
18 8
    -0.245155026046599     0.167978526005680    -0.000000000000000
     0.167753394409290    -0.105194448541635     0.000000000000000
     0.000000000000000    -0.000000000000000     0.011003178035021
18 9
    -0.285560707095421     0.144425158054631    -0.000000000000000
     0.144650289651021    -0.064788748355967     0.000000000000000
     0.000000000000000    -0.000000000000000     0.011003178035021
18 10
    -0.285560766333551    -0.144425275181658    -0.000000000000000
    -0.144650316225093    -0.064788807686462     0.000000000000000
     0.000000000000000     0.000000000000000     0.011003178035021
18 11
    -0.060826940130026    -0.130883803673436    -0.000000000000000
    -0.130883741684576     0.090304636608682     0.000000000000000
    -0.000000000000000     0.000000000000000     0.000225174468947
18 12
    -0.060826886446111     0.130883778724364    -0.000000000000000
     0.130883778724364     0.090304690292622     0.000000000000000
     0.000000000000000    -0.000000000000000     0.000225174468947
18 13
     0.368955009716501     0.341532964156567     0.000000000000000
     0.341532802400597    -0.025413031771955    -0.000000000000000
     0.000000000000000    -0.000000000000000    -0.053998310183965
18 14
     0.423398288605332     0.000000086831585     0.000000000000000
     0.000000049572319     0.241719072990480    -0.000000000000000
    -0.000000000000000     0.000000000000000    -0.349822342482687
18 15
     0.368954869631755    -0.341532812824155     0.000000000000000
    -0.341532812824155    -0.025413171856767    -0.000000000000000
    -0.000000000000000     0.000000000000000    -0.053998310183965
18 16
     0.165870355587820     0.000000034017109    -0.000000000000000
    -0.000000027971751    -0.136392766477020     0.000000000000000
    -0.000000000000000    -0.000000000000000     0.000225174468947
18 17
     2.786468462475538    -0.874031086808263     0.000000000000000
     0.874154688212833    -4.703913806851610    -0.000000000000000
    -0.000000000000000    -0.000000000000000     0.004931443580811
18 18
    52.115137391837216     0.000010687903295    -0.000000000000001
     0.000010687903291    52.115174415820285     0.000000000000000
    -0.000000000000003     0.000000000000003    13.528368586741376
18 19
     2.786468820972501     0.874032229720243    -0.000000000000000
    -0.874156617592459    -4.703914165399686    -0.000000000000000
    -0.000000000000000    -0.000000000000000     0.004931443580811
18 20
     0.616578241128517     0.000000126449415    -0.000000000000000
    -0.000000206899315    -1.008859605093578     0.000000000000000
    -0.000000000000000    -0.000000000000000     0.101491716499343
18 21
    -0.375880143317688    -0.298682032390001     0.000000000000000
    -0.298682032390001    -0.720768706618723    -0.000000000000000
     0.000000000000000    -0.000000000000000    -0.022205761253713
18 22
    -2.831370089593399    -2.369306680168138    -0.000000000000000
    -4.117492455189234     0.913927405925203     0.000000000000000
    -0.000000000000000     0.000000000000000     0.004931443580811
18 23
    -2.831369117787597     2.369305518839355    -0.000000000000000
     4.117492830050372     0.913929094776672     0.000000000000000
     0.000000000000000    -0.000000000000000     0.004931443580811
18 24
    -0.375880020808884     0.298681878217139     0.000000000000000
     0.298681736756123    -0.720768584109861    -0.000000000000000
     0.000000000000000    -0.000000000000000    -0.022205761253713
18 25
    -0.893212158935448    -0.000000183182194     0.000000000000000
    -0.000000041721177    -0.203436200965630    -0.000000000000000
     0.000000000000000    -0.000000000000000    -0.022205761253713
18 26
    -0.602499750342065    -0.703835380112349    -0.000000000000000
    -0.703835046763619     0.210218963753941     0.000000000000000
    -0.000000000000000     0.000000000000000     0.101491716499343
18 27
    -0.893020015777785    -0.000000183142788     0.000000000000000
    -0.000000041741529    -0.203535437312081    -0.000000000000000
     0.000000000000000    -0.000000000000000    -0.022201466372834
18 28
    -0.602499461653666     0.703835132988084    -0.000000000000000
     0.703835132988084     0.210219252442477     0.000000000000000
     0.000000000000000    -0.000000000000000     0.101491716499343
18 29
    -2.831261197522593     4.117555137859178     0.000000000000000
     2.369367826648160     0.913821174460555    -0.000000000000000
     0.000000000000000    -0.000000000000000     0.004931443580811
18 30
    -2.831262886398735    -4.117556299143843    -0.000000000000000
    -2.369367451831141     0.913820202628822     0.000000000000000
     0.000000000000000     0.000000000000000     0.004931443580811
18 31
    -0.375906534709360    -0.298555861339832     0.000000000000000
    -0.298555861339832    -0.720649408208836    -0.000000000000000
    -0.000000000000000    -0.000000000000000    -0.022201466372834
18 32
    -0.375906412252307     0.298555707156145     0.000000000000000
     0.298555565754885    -0.720649285751725    -0.000000000000000
     0.000000000000000    -0.000000000000000    -0.022201466372834
18 33
    -0.265440762619316     0.008540356053761    -0.000000000000000
    -0.104109562820077     0.096668711420720     0.000000000000000
     0.000000000000000     0.000000000000000     0.036036811570408
18 34
    -0.536010769556857    -0.000000109926435    -0.000000000000000
    -0.000000109926435    -0.536011150353199     0.000000000000000
     0.000000000000000    -0.000000000000000     0.700876702223261
18 35
    -0.265440766122291    -0.008540464928279    -0.000000000000000
     0.104109602470182     0.096668754122830     0.000000000000000
     0.000000000000000     0.000000000000000     0.036036811570408
18 36
    -0.099751524503929    -0.000000020457293    -0.000000000000000
     0.000000056674071     0.276347851065301     0.000000000000000
     0.000000000000000     0.000000000000000     0.001132007888846
18 37
     0.088448060773083     0.080999100605833     0.000000000000000
     0.080999100605833     0.181977829890102    -0.000000000000000
    -0.000000000000000     0.000000000000000    -0.001741880973676
18 38
     0.047523979212513     0.076580757912445    -0.000000000000000
     0.189230676786283    -0.216296178636756     0.000000000000000
     0.000000000000000    -0.000000000000000     0.036036811570408
18 39
     0.047523947801791    -0.076580738419777    -0.000000000000000
    -0.189230765503363    -0.216296256252579     0.000000000000000
    -0.000000000000000    -0.000000000000000     0.036036811570408
18 40
     0.088448027550116    -0.080999064327539     0.000000000000000
    -0.080999025964952     0.181977796667120    -0.000000000000000
    -0.000000000000000     0.000000000000000    -0.001741880973676
18 41
     0.228742503914419     0.000000046911087     0.000000000000000
     0.000000008548500     0.041683253856867    -0.000000000000000
    -0.000000000000000     0.000000000000000    -0.001741880973676
18 42
     0.182322893328290     0.162855836306687    -0.000000000000000
     0.162855759175323    -0.005726700362360     0.000000000000000
     0.000000000000000    -0.000000000000000     0.001132007888846
18 43
     0.175880888286303     0.000000036070094    -0.000000000000000
    -0.000000016594896    -0.080918201524408     0.000000000000000
    -0.000000000000000    -0.000000000000000     0.004511465586277
18 44
     0.182322826530585    -0.162855761524227    -0.000000000000000
    -0.162855761524227    -0.005726767160096     0.000000000000000
    -0.000000000000000     0.000000000000000     0.001132007888846
18 45
    -0.035241398156558    -0.237015371587803    -0.000000000000000
    -0.124365344504216    -0.133530871095096     0.000000000000000
    -0.000000000000000     0.000000000000000     0.036036811570408
18 46
    -0.035241300941214     0.237015357133034    -0.000000000000000
     0.124365289734573    -0.133530820084792     0.000000000000000
     0.000000000000000    -0.000000000000000     0.036036811570408
18 47
    -0.016718363152320     0.111197292066390    -0.000000000000000
     0.111197292066390     0.111681232351095     0.000000000000000
     0.000000000000000    -0.000000000000000     0.004511465586277
18 48
    -0.016718408761529    -0.111197298923687    -0.000000000000000
    -0.111197246258696     0.111681186741864     0.000000000000000
    -0.000000000000000     0.000000000000000     0.004511465586277
18 49
    -0.116988737053854     0.836595881441588    -0.000000000000000
     0.267672727413107     1.223970167164801     0.000000000000000
     0.000000000000000     0.000000000000000     0.275184982234260
18 50
   -11.632984537539578    -6.466582365406063     0.000000000000000
    -6.466582365406063   -19.099957954178848    -0.000000000000000
     0.000000000000000    -0.000000000000001    -4.828565844896779
18 51
   -11.632981885176530     6.466577593963227     0.000000000000000
     6.466574531277456   -19.099955301814546    -0.000000000000000
     0.000000000000001    -0.000000000000001    -4.828565844896780
18 52
    -0.116989080195990    -0.836595929426347    -0.000000000000000
    -0.267672225383732     1.223970057374913     0.000000000000000
    -0.000000000000000     0.000000000000000     0.275184982234260
18 53
     0.690474415972328     0.000000141604228     0.000000000000000
     0.000000141604228     0.690474906503762    -0.000000000000000
    -0.000000000000000     0.000000000000000    -0.058303007933635
18 54
     0.410567785637978     0.572257699930373    -0.000000000000000
     1.141180853958853     0.696413394612853     0.000000000000000
     0.000000000000000     0.000000000000000     0.275184982234260
18 55
     1.254429504039983     0.000000257261554     0.000000000000000
    -0.000000382132182    -1.863310767488381    -0.000000000000000
    -0.000000000000000    -0.000000000000000    -0.210802570416274
18 56
     0.410567550918086    -0.572257531529875    -0.000000000000000
    -1.141180568314736     0.696412926540439     0.000000000000000
    -0.000000000000000     0.000000000000000     0.275184982234260
18 57
     1.366891620700616    -0.589046478443077    -0.000000000000000
    -0.020123441658216    -0.259911596174114     0.000000000000000
    -0.000000000000000     0.000000000000000     0.275184982234260
18 58
     1.366891862306822     0.589047039094261    -0.000000000000000
     0.020123335051646    -0.259911587920205     0.000000000000000
    -0.000000000000000    -0.000000000000000     0.275184982234260
18 59
     0.384582704028493     0.354801056014245    -0.000000000000000
     0.354800887974276    -0.025105999096253     0.000000000000000
     0.000000000000000    -0.000000000000000     0.004684487930264
18 60
     0.384582558501645    -0.354800898271901    -0.000000000000000
    -0.354800898271901    -0.025106144623170     0.000000000000000
    -0.000000000000000     0.000000000000000     0.004684487930264
18 61
    -1.083874983663303    -1.350021427251814     0.000000000000000
    -1.350020787858077     0.474994827677341    -0.000000000000000
    -0.000000000000000     0.000000000000000    -0.210802570416274
18 62
   -22.833422982652849    -0.000004682735746     0.000000000000000
    -0.000001620049973    -7.899508899610865    -0.000000000000000
     0.000000000000001    -0.000000000000000    -4.828565844896779
18 63
    -1.083874429932216     1.350020982684319     0.000000000000000
     1.350020982684318     0.474995381408690    -0.000000000000000
     0.000000000000000    -0.000000000000000    -0.210802570416274
18 64
    -0.229950396668087    -0.000000047158805    -0.000000000000000
     0.000000120881165     0.589427392654092     0.000000000000000
     0.000000000000000     0.000000000000000     0.004684487930264
19 1
     0.005191589387316     0.023215677738273     0.000000000000000
     0.023440866741627    -0.355541320249647     0.000000000000000
    -0.000000000000000    -0.000000000000000     0.011003178035021
19 2
     0.005191598909568    -0.023215679867683     0.000000000000000
    -0.023440720911118    -0.355541310635053     0.000000000000000
    -0.000000000000000    -0.000000000000000     0.011003178035021
19 3
     0.287138731967798     0.078669460761650    -0.000000000000000
     0.078669423502385     0.377978694162955    -0.000000000000000
     0.000000000000000     0.000000000000000    -0.349822342482687
19 4
     0.287138764235260    -0.078669578535922    -0.000000000000000
    -0.078669578535922     0.377978726430432    -0.000000000000000
     0.000000000000000     0.000000000000000    -0.349822342482687
19 5
    -0.245155094945487     0.167978626559711     0.000000000000000
     0.167753437556356    -0.105194517348219     0.000000000000000
    -0.000000000000000     0.000000000000000     0.011003178035021
19 6
    -0.299311430573754     0.000000061383540    -0.000000000000000
     0.000000061383540    -0.299311643212575    -0.000000000000000
    -0.000000000000000    -0.000000000000000    -0.001995278945543
19 7
    -0.245155026046599    -0.167978526005680     0.000000000000000
    -0.167753394409290    -0.105194448541635     0.000000000000000
    -0.000000000000000    -0.000000000000000     0.011003178035021
19 8
    -0.222597095477408     0.000000045650772    -0.000000000000000
    -0.000000116105198     0.566139353591512    -0.000000000000000
    -0.000000000000000     0.000000000000000    -0.053998310183965
19 9
    -0.060826940130026     0.130883803673436     0.000000000000000
     0.130883741684576     0.090304636608682     0.000000000000000
     0.000000000000000     0.000000000000000     0.000225174468947
19 10
    -0.285560766333551     0.144425275181658     0.000000000000000
     0.144650316225093    -0.064788807686462     0.000000000000000
    -0.000000000000000     0.000000000000000     0.011003178035021
19 11
    -0.285560707095421    -0.144425158054631     0.000000000000000
    -0.144650289651021    -0.064788748355967     0.000000000000000
    -0.000000000000000    -0.000000000000000     0.011003178035021
19 12
    -0.060826886446111    -0.130883778724364     0.000000000000000
    -0.130883778724364     0.090304690292622     0.000000000000000
    -0.000000000000000    -0.000000000000000     0.000225174468947
19 13
     0.165870355587820    -0.000000034017109     0.000000000000000
     0.000000027971751    -0.136392766477020     0.000000000000000
     0.000000000000000    -0.000000000000000     0.000225174468947
19 14
     0.368954869631755     0.341532812824155    -0.000000000000000
     0.341532812824155    -0.025413171856767    -0.000000000000000
     0.000000000000000     0.000000000000000    -0.053998310183965
19 15
     0.423398288605332    -0.000000086831585    -0.000000000000000
    -0.000000049572319     0.241719072990480    -0.000000000000000
     0.000000000000000     0.000000000000000    -0.349822342482687
19 16
     0.368955009716501    -0.341532964156567    -0.000000000000000
    -0.341532802400597    -0.025413031771955    -0.000000000000000
    -0.000000000000000    -0.000000000000000    -0.053998310183965
19 17
     0.616578241128517    -0.000000126449415     0.000000000000000
     0.000000206899315    -1.008859605093578     0.000000000000000
     0.000000000000000    -0.000000000000000     0.101491716499343
19 18
     2.786468820972500    -0.874032229720243     0.000000000000000
     0.874156617592459    -4.703914165399686    -0.000000000000000
     0.000000000000000    -0.000000000000000     0.004931443580811
19 19
    52.115137391837209    -0.000010687903291     0.000000000000001
    -0.000010687903288    52.115174415820285     0.000000000000000
     0.000000000000003     0.000000000000003    13.528368586741376
19 20
     2.786468462475538     0.874031086808263    -0.000000000000000
    -0.874154688212834    -4.703913806851610    -0.000000000000000
     0.000000000000000    -0.000000000000000     0.004931443580811
19 21
    -0.375880143317688     0.298682032390001    -0.000000000000000
     0.298682032390001    -0.720768706618723    -0.000000000000000
    -0.000000000000000    -0.000000000000000    -0.022205761253713
19 22
    -0.375880020808884    -0.298681878217139    -0.000000000000000
    -0.298681736756123    -0.720768584109861    -0.000000000000000
    -0.000000000000000    -0.000000000000000    -0.022205761253713
19 23
    -2.831369117787597    -2.369305518839355     0.000000000000000
    -4.117492830050372     0.913929094776672     0.000000000000000
    -0.000000000000000    -0.000000000000000     0.004931443580811
19 24
    -2.831370089593399     2.369306680168138     0.000000000000000
     4.117492455189234     0.913927405925203     0.000000000000000
     0.000000000000000     0.000000000000000     0.004931443580811
19 25
    -0.602499750342065     0.703835380112349     0.000000000000000
     0.703835046763619     0.210218963753941     0.000000000000000
     0.000000000000000     0.000000000000000     0.101491716499343
19 26
    -0.893212158935448     0.000000183182194    -0.000000000000000
     0.000000041721177    -0.203436200965630    -0.000000000000000
    -0.000000000000000    -0.000000000000000    -0.022205761253713
19 27
    -0.602499461653666    -0.703835132988084     0.000000000000000
    -0.703835132988084     0.210219252442477     0.000000000000000
    -0.000000000000000    -0.000000000000000     0.101491716499343
19 28
    -0.893020015777785     0.000000183142788    -0.000000000000000
     0.000000041741529    -0.203535437312081    -0.000000000000000
    -0.000000000000000    -0.000000000000000    -0.022201466372834
19 29
    -0.375906534709360     0.298555861339832    -0.000000000000000
     0.298555861339832    -0.720649408208836    -0.000000000000000
     0.000000000000000    -0.000000000000000    -0.022201466372834
19 30
    -2.831262886398734     4.117556299143843     0.000000000000000
     2.369367451831141     0.913820202628822     0.000000000000000
    -0.000000000000000     0.000000000000000     0.004931443580811
19 31
    -2.831261197522593    -4.117555137859178    -0.000000000000000
    -2.369367826648160     0.913821174460555    -0.000000000000000
    -0.000000000000000    -0.000000000000000     0.004931443580811
19 32
    -0.375906412252307    -0.298555707156145    -0.000000000000000
    -0.298555565754885    -0.720649285751725    -0.000000000000000
    -0.000000000000000    -0.000000000000000    -0.022201466372834
19 33
    -0.099751524503929     0.000000020457293     0.000000000000000
    -0.000000056674071     0.276347851065301     0.000000000000000
    -0.000000000000000     0.000000000000000     0.001132007888846
19 34
    -0.265440766122291     0.008540464928279     0.000000000000000
    -0.104109602470182     0.096668754122830     0.000000000000000
    -0.000000000000000     0.000000000000000     0.036036811570408
19 35
    -0.536010769556857     0.000000109926435     0.000000000000000
     0.000000109926435    -0.536011150353199     0.000000000000000
    -0.000000000000000    -0.000000000000000     0.700876702223261
19 36
    -0.265440762619316    -0.008540356053761     0.000000000000000
     0.104109562820077     0.096668711420720     0.000000000000000
    -0.000000000000000     0.000000000000000     0.036036811570408
19 37
     0.088448060773083    -0.080999100605833    -0.000000000000000
    -0.080999100605833     0.181977829890102    -0.000000000000000
     0.000000000000000     0.000000000000000    -0.001741880973676
19 38
     0.088448027550116     0.080999064327539    -0.000000000000000
     0.080999025964952     0.181977796667120    -0.000000000000000
     0.000000000000000     0.000000000000000    -0.001741880973676
19 39
     0.047523947801791     0.076580738419777     0.000000000000000
     0.189230765503363    -0.216296256252579     0.000000000000000
     0.000000000000000    -0.000000000000000     0.036036811570408
19 40
     0.047523979212513    -0.076580757912445     0.000000000000000
    -0.189230676786283    -0.216296178636756     0.000000000000000
    -0.000000000000000    -0.000000000000000     0.036036811570408
19 41
     0.182322893328290    -0.162855836306687     0.000000000000000
    -0.162855759175323    -0.005726700362360     0.000000000000000
    -0.000000000000000    -0.000000000000000     0.001132007888846
19 42
     0.228742503914419    -0.000000046911087    -0.000000000000000
    -0.000000008548500     0.041683253856867    -0.000000000000000
     0.000000000000000     0.000000000000000    -0.001741880973676
19 43
     0.182322826530585     0.162855761524227     0.000000000000000
     0.162855761524227    -0.005726767160096     0.000000000000000
     0.000000000000000     0.000000000000000     0.001132007888846
19 44
     0.175880888286303    -0.000000036070094     0.000000000000000
     0.000000016594896    -0.080918201524408     0.000000000000000
     0.000000000000000    -0.000000000000000     0.004511465586277
19 45
    -0.016718363152320    -0.111197292066390     0.000000000000000
    -0.111197292066390     0.111681232351095     0.000000000000000
    -0.000000000000000    -0.000000000000000     0.004511465586277
19 46
    -0.035241300941214    -0.237015357133034     0.000000000000000
    -0.124365289734573    -0.133530820084792     0.000000000000000
    -0.000000000000000    -0.000000000000000     0.036036811570408
19 47
    -0.035241398156558     0.237015371587803     0.000000000000000
     0.124365344504216    -0.133530871095096     0.000000000000000
     0.000000000000000     0.000000000000000     0.036036811570408
19 48
    -0.016718408761529     0.111197298923687     0.000000000000000
     0.111197246258696     0.111681186741864     0.000000000000000
     0.000000000000000     0.000000000000000     0.004511465586277
19 49
    -0.116988737053854    -0.836595881441588     0.000000000000000
    -0.267672727413107     1.223970167164801     0.000000000000000
    -0.000000000000000     0.000000000000000     0.275184982234260
19 50
    -0.116989080195990     0.836595929426347     0.000000000000000
     0.267672225383732     1.223970057374913     0.000000000000000
     0.000000000000000     0.000000000000000     0.275184982234260
19 51
   -11.632981885176530    -6.466577593963228    -0.000000000000000
    -6.466574531277457   -19.099955301814546    -0.000000000000000
    -0.000000000000001    -0.000000000000001    -4.828565844896780
19 52
   -11.632984537539578     6.466582365406062    -0.000000000000000
     6.466582365406062   -19.099957954178848    -0.000000000000000
    -0.000000000000000    -0.000000000000001    -4.828565844896779
19 53
     0.410567785637978    -0.572257699930373     0.000000000000000
    -1.141180853958853     0.696413394612853     0.000000000000000
    -0.000000000000000     0.000000000000000     0.275184982234260
19 54
     0.690474415972328    -0.000000141604228    -0.000000000000000
    -0.000000141604228     0.690474906503762    -0.000000000000000
     0.000000000000000     0.000000000000000    -0.058303007933635
19 55
     0.410567550918086     0.572257531529875     0.000000000000000
     1.141180568314736     0.696412926540439     0.000000000000000
     0.000000000000000     0.000000000000000     0.275184982234260
19 56
     1.254429504039983    -0.000000257261554    -0.000000000000000
     0.000000382132182    -1.863310767488381    -0.000000000000000
     0.000000000000000    -0.000000000000000    -0.210802570416274
19 57
     0.384582704028493    -0.354801056014245     0.000000000000000
    -0.354800887974276    -0.025105999096253     0.000000000000000
    -0.000000000000000    -0.000000000000000     0.004684487930264
19 58
     1.366891862306822    -0.589047039094261     0.000000000000000
    -0.020123335051647    -0.259911587920205     0.000000000000000
     0.000000000000000    -0.000000000000000     0.275184982234260
19 59
     1.366891620700616     0.589046478443077     0.000000000000000
     0.020123441658216    -0.259911596174114     0.000000000000000
     0.000000000000000     0.000000000000000     0.275184982234260
19 60
     0.384582558501645     0.354800898271901     0.000000000000000
     0.354800898271901    -0.025106144623170     0.000000000000000
     0.000000000000000     0.000000000000000     0.004684487930264
19 61
    -0.229950396668087     0.000000047158805     0.000000000000000
    -0.000000120881165     0.589427392654092     0.000000000000000
    -0.000000000000000     0.000000000000000     0.004684487930264
19 62
    -1.083874429932216    -1.350020982684319    -0.000000000000000
    -1.350020982684318     0.474995381408690    -0.000000000000000
    -0.000000000000000    -0.000000000000000    -0.210802570416274
19 63
   -22.833422982652845     0.000004682735746    -0.000000000000000
     0.000001620049973    -7.899508899610865    -0.000000000000000
    -0.000000000000001    -0.000000000000000    -4.828565844896779
19 64
    -1.083874983663303     1.350021427251814    -0.000000000000000
     1.350020787858077     0.474994827677341    -0.000000000000000
     0.000000000000000     0.000000000000000    -0.210802570416274
20 1
     0.287138731967798    -0.078669460761650     0.000000000000000
    -0.078669423502385     0.377978694162955    -0.000000000000000
    -0.000000000000000     0.000000000000000    -0.349822342482687
20 2
     0.005191598909568     0.023215679867683    -0.000000000000000
     0.023440720911118    -0.355541310635053     0.000000000000000
     0.000000000000000    -0.000000000000000     0.011003178035021
20 3
     0.005191589387316    -0.023215677738273    -0.000000000000000
    -0.023440866741627    -0.355541320249647     0.000000000000000
     0.000000000000000    -0.000000000000000     0.011003178035021
20 4
     0.287138764235260     0.078669578535922     0.000000000000000
     0.078669578535922     0.377978726430432    -0.000000000000000
    -0.000000000000000     0.000000000000000    -0.349822342482687
20 5
    -0.222597095477408    -0.000000045650772     0.000000000000000
     0.000000116105198     0.566139353591512    -0.000000000000000
     0.000000000000000     0.000000000000000    -0.053998310183965
20 6
    -0.245155026046599     0.167978526005680    -0.000000000000000
     0.167753394409290    -0.105194448541635     0.000000000000000
     0.000000000000000    -0.000000000000000     0.011003178035021
20 7
    -0.299311430573754    -0.000000061383540     0.000000000000000
    -0.000000061383540    -0.299311643212575    -0.000000000000000
     0.000000000000000    -0.000000000000000    -0.001995278945543
20 8
    -0.245155094945487    -0.167978626559711    -0.000000000000000
    -0.167753437556356    -0.105194517348219     0.000000000000000
     0.000000000000000     0.000000000000000     0.011003178035021
20 9
    -0.060826940130026    -0.130883803673436    -0.000000000000000
    -0.130883741684576     0.090304636608682     0.000000000000000
    -0.000000000000000     0.000000000000000     0.000225174468947
20 10
    -0.060826886446111     0.130883778724364    -0.000000000000000
     0.130883778724364     0.090304690292622     0.000000000000000
     0.000000000000000    -0.000000000000000     0.000225174468947
20 11
    -0.285560707095421     0.144425158054631    -0.000000000000000
     0.144650289651021    -0.064788748355967     0.000000000000000
     0.000000000000000    -0.000000000000000     0.011003178035021
20 12
    -0.285560766333551    -0.144425275181658    -0.000000000000000
    -0.144650316225093    -0.064788807686462     0.000000000000000
     0.000000000000000     0.000000000000000     0.011003178035021
20 13
     0.368954869631755    -0.341532812824155     0.000000000000000
    -0.341532812824155    -0.025413171856767    -0.000000000000000
    -0.000000000000000     0.000000000000000    -0.053998310183965
20 14
     0.165870355587820     0.000000034017109    -0.000000000000000
    -0.000000027971751    -0.136392766477020     0.000000000000000
    -0.000000000000000    -0.000000000000000     0.000225174468947
20 15
     0.368955009716501     0.341532964156567     0.000000000000000
     0.341532802400597    -0.025413031771955    -0.000000000000000
     0.000000000000000    -0.000000000000000    -0.053998310183965
20 16
     0.423398288605332     0.000000086831585     0.000000000000000
     0.000000049572319     0.241719072990480    -0.000000000000000
    -0.000000000000000     0.000000000000000    -0.349822342482687
20 17
     2.786468820972501     0.874032229720243    -0.000000000000000
    -0.874156617592459    -4.703914165399686    -0.000000000000000
    -0.000000000000000    -0.000000000000000     0.004931443580811
20 18
     0.616578241128517     0.000000126449415    -0.000000000000000
    -0.000000206899315    -1.008859605093578     0.000000000000000
    -0.000000000000000    -0.000000000000000     0.101491716499343
20 19
     2.786468462475538    -0.874031086808263     0.000000000000000
     0.874154688212833    -4.703913806851610    -0.000000000000000
    -0.000000000000000    -0.000000000000000     0.004931443580811
20 20
    52.115137391837216     0.000010687903295    -0.000000000000001
     0.000010687903291    52.115174415820285     0.000000000000000
    -0.000000000000003     0.000000000000003    13.528368586741376
20 21
    -2.831369117787597     2.369305518839355    -0.000000000000000
     4.117492830050372     0.913929094776672     0.000000000000000
     0.000000000000000    -0.000000000000000     0.004931443580811
20 22
    -0.375880020808884     0.298681878217139     0.000000000000000
     0.298681736756123    -0.720768584109861    -0.000000000000000
     0.000000000000000    -0.000000000000000    -0.022205761253713
20 23
    -0.375880143317688    -0.298682032390001     0.000000000000000
    -0.298682032390001    -0.720768706618723    -0.000000000000000
     0.000000000000000    -0.000000000000000    -0.022205761253713
20 24
    -2.831370089593399    -2.369306680168138    -0.000000000000000
    -4.117492455189234     0.913927405925203     0.000000000000000
    -0.000000000000000     0.000000000000000     0.004931443580811
20 25
    -0.893020015777785    -0.000000183142788     0.000000000000000
    -0.000000041741529    -0.203535437312081    -0.000000000000000
     0.000000000000000    -0.000000000000000    -0.022201466372834
20 26
    -0.602499461653666     0.703835132988084    -0.000000000000000
     0.703835132988084     0.210219252442477     0.000000000000000
     0.000000000000000    -0.000000000000000     0.101491716499343
20 27
    -0.893212158935448    -0.000000183182194     0.000000000000000
    -0.000000041721177    -0.203436200965630    -0.000000000000000
     0.000000000000000    -0.000000000000000    -0.022205761253713
20 28
    -0.602499750342065    -0.703835380112349    -0.000000000000000
    -0.703835046763619     0.210218963753941     0.000000000000000
    -0.000000000000000     0.000000000000000     0.101491716499343
20 29
    -0.375906534709360    -0.298555861339832     0.000000000000000
    -0.298555861339832    -0.720649408208836    -0.000000000000000
    -0.000000000000000    -0.000000000000000    -0.022201466372834
20 30
    -0.375906412252307     0.298555707156145     0.000000000000000
     0.298555565754885    -0.720649285751725    -0.000000000000000
     0.000000000000000    -0.000000000000000    -0.022201466372834
20 31
    -2.831261197522593     4.117555137859178     0.000000000000000
     2.369367826648160     0.913821174460555    -0.000000000000000
     0.000000000000000    -0.000000000000000     0.004931443580811
20 32
    -2.831262886398735    -4.117556299143843    -0.000000000000000
    -2.369367451831141     0.913820202628822     0.000000000000000
     0.000000000000000     0.000000000000000     0.004931443580811
20 33
    -0.265440766122291    -0.008540464928279    -0.000000000000000
     0.104109602470182     0.096668754122830     0.000000000000000
     0.000000000000000     0.000000000000000     0.036036811570408
20 34
    -0.099751524503929    -0.000000020457293    -0.000000000000000
     0.000000056674071     0.276347851065301     0.000000000000000
     0.000000000000000     0.000000000000000     0.001132007888846
20 35
    -0.265440762619316     0.008540356053761    -0.000000000000000
    -0.104109562820077     0.096668711420720     0.000000000000000
     0.000000000000000     0.000000000000000     0.036036811570408
20 36
    -0.536010769556857    -0.000000109926435    -0.000000000000000
    -0.000000109926435    -0.536011150353199     0.000000000000000
     0.000000000000000    -0.000000000000000     0.700876702223261
20 37
     0.047523947801791    -0.076580738419777    -0.000000000000000
    -0.189230765503363    -0.216296256252579     0.000000000000000
    -0.000000000000000    -0.000000000000000     0.036036811570408
20 38
     0.088448027550116    -0.080999064327539     0.000000000000000
    -0.080999025964952     0.181977796667120    -0.000000000000000
    -0.000000000000000     0.000000000000000    -0.001741880973676
20 39
     0.088448060773083     0.080999100605833     0.000000000000000
     0.080999100605833     0.181977829890102    -0.000000000000000
    -0.000000000000000     0.000000000000000    -0.001741880973676
20 40
     0.047523979212513     0.076580757912445    -0.000000000000000
     0.189230676786283    -0.216296178636756     0.000000000000000
     0.000000000000000    -0.000000000000000     0.036036811570408
20 41
     0.175880888286303     0.000000036070094    -0.000000000000000
    -0.000000016594896    -0.080918201524408     0.000000000000000
    -0.000000000000000    -0.000000000000000     0.004511465586277
20 42
     0.182322826530585    -0.162855761524227    -0.000000000000000
    -0.162855761524227    -0.005726767160096     0.000000000000000
    -0.000000000000000     0.000000000000000     0.001132007888846
20 43
     0.228742503914419     0.000000046911087     0.000000000000000
     0.000000008548500     0.041683253856867    -0.000000000000000
    -0.000000000000000     0.000000000000000    -0.001741880973676
20 44
     0.182322893328290     0.162855836306687    -0.000000000000000
     0.162855759175323    -0.005726700362360     0.000000000000000
     0.000000000000000    -0.000000000000000     0.001132007888846
20 45
    -0.016718363152320     0.111197292066390    -0.000000000000000
     0.111197292066390     0.111681232351095     0.000000000000000
     0.000000000000000    -0.000000000000000     0.004511465586277
20 46
    -0.016718408761529    -0.111197298923687    -0.000000000000000
    -0.111197246258696     0.111681186741864     0.000000000000000
    -0.000000000000000     0.000000000000000     0.004511465586277
20 47
    -0.035241398156558    -0.237015371587803    -0.000000000000000
    -0.124365344504216    -0.133530871095096     0.000000000000000
    -0.000000000000000     0.000000000000000     0.036036811570408
20 48
    -0.035241300941214     0.237015357133034    -0.000000000000000
     0.124365289734573    -0.133530820084792     0.000000000000000
     0.000000000000000    -0.000000000000000     0.036036811570408
20 49
   -11.632981885176530     6.466577593963227     0.000000000000000
     6.466574531277456   -19.099955301814546    -0.000000000000000
     0.000000000000001    -0.000000000000001    -4.828565844896780
20 50
    -0.116989080195990    -0.836595929426347    -0.000000000000000
    -0.267672225383732     1.223970057374913     0.000000000000000
    -0.000000000000000     0.000000000000000     0.275184982234260
20 51
    -0.116988737053854     0.836595881441588    -0.000000000000000
     0.267672727413107     1.223970167164801     0.000000000000000
     0.000000000000000     0.000000000000000     0.275184982234260
20 52
   -11.632984537539578    -6.466582365406063     0.000000000000000
    -6.466582365406063   -19.099957954178848    -0.000000000000000
     0.000000000000000    -0.000000000000001    -4.828565844896779
20 53
     1.254429504039983     0.000000257261554     0.000000000000000
    -0.000000382132182    -1.863310767488381    -0.000000000000000
    -0.000000000000000    -0.000000000000000    -0.210802570416274
20 54
     0.410567550918086    -0.572257531529875    -0.000000000000000
    -1.141180568314736     0.696412926540439     0.000000000000000
    -0.000000000000000     0.000000000000000     0.275184982234260
20 55
     0.690474415972328     0.000000141604228     0.000000000000000
     0.000000141604228     0.690474906503762    -0.000000000000000
    -0.000000000000000     0.000000000000000    -0.058303007933635
20 56
     0.410567785637978     0.572257699930373    -0.000000000000000
     1.141180853958853     0.696413394612853     0.000000000000000
     0.000000000000000     0.000000000000000     0.275184982234260
20 57
     0.384582704028493     0.354801056014245    -0.000000000000000
     0.354800887974276    -0.025105999096253     0.000000000000000
     0.000000000000000    -0.000000000000000     0.004684487930264
20 58
     0.384582558501645    -0.354800898271901    -0.000000000000000
    -0.354800898271901    -0.025106144623170     0.000000000000000
    -0.000000000000000     0.000000000000000     0.004684487930264
20 59
     1.366891620700616    -0.589046478443077    -0.000000000000000
    -0.020123441658216    -0.259911596174114     0.000000000000000
    -0.000000000000000     0.000000000000000     0.275184982234260
20 60
     1.366891862306822     0.589047039094261    -0.000000000000000
     0.020123335051646    -0.259911587920205     0.000000000000000
    -0.000000000000000    -0.000000000000000     0.275184982234260
20 61
    -1.083874429932216     1.350020982684319     0.000000000000000
     1.350020982684318     0.474995381408690    -0.000000000000000
     0.000000000000000    -0.000000000000000    -0.210802570416274
20 62
    -0.229950396668087    -0.000000047158805    -0.000000000000000
     0.000000120881165     0.589427392654092     0.000000000000000
     0.000000000000000     0.000000000000000     0.004684487930264
20 63
    -1.083874983663303    -1.350021427251814     0.000000000000000
    -1.350020787858077     0.474994827677341    -0.000000000000000
    -0.000000000000000     0.000000000000000    -0.210802570416274
20 64
   -22.833422982652849    -0.000004682735746     0.000000000000000
    -0.000001620049973    -7.899508899610865    -0.000000000000000
     0.000000000000001    -0.000000000000000    -4.828565844896779
21 1
     0.423398288605332    -0.000000086831585     0.000000000000000
    -0.000000049572319     0.241719072990480     0.000000000000000
    -0.000000000000000    -0.000000000000000    -0.349822342482687
21 2
     0.368955009716501    -0.341532964156567     0.000000000000000
    -0.341532802400597    -0.025413031771955     0.000000000000000
    -0.000000000000000     0.000000000000000    -0.053998310183965
21 3
     0.165870355587820    -0.000000034017109    -0.000000000000000
     0.000000027971751    -0.136392766477020    -0.000000000000000
    -0.000000000000000     0.000000000000000     0.000225174468947
21 4
     0.368954869631755     0.341532812824155     0.000000000000000
     0.341532812824155    -0.025413171856767     0.000000000000000
    -0.000000000000000    -0.000000000000000    -0.053998310183965
21 5
     0.287138731967798     0.078669460761650     0.000000000000000
     0.078669423502385     0.377978694162955     0.000000000000000
    -0.000000000000000    -0.000000000000000    -0.349822342482687
21 6
     0.287138764235260    -0.078669578535922     0.000000000000000
    -0.078669578535922     0.377978726430432     0.000000000000000
    -0.000000000000000    -0.000000000000000    -0.349822342482687
21 7
     0.005191589387316     0.023215677738273    -0.000000000000000
     0.023440866741627    -0.355541320249647    -0.000000000000000
    -0.000000000000000     0.000000000000000     0.011003178035021
21 8
     0.005191598909568    -0.023215679867683    -0.000000000000000
    -0.023440720911118    -0.355541310635053    -0.000000000000000
     0.000000000000000     0.000000000000000     0.011003178035021
21 9
    -0.245155026046599    -0.167978526005680    -0.000000000000000
    -0.167753394409290    -0.105194448541635    -0.000000000000000
     0.000000000000000     0.000000000000000     0.011003178035021
21 10
    -0.222597095477408     0.000000045650772     0.000000000000000
    -0.000000116105198     0.566139353591512     0.000000000000000
     0.000000000000000     0.000000000000000    -0.053998310183965
21 11
    -0.245155094945487     0.167978626559711    -0.000000000000000
     0.167753437556356    -0.105194517348219    -0.000000000000000
     0.000000000000000    -0.000000000000000     0.011003178035021
21 12
    -0.299311430573754     0.000000061383540     0.000000000000000
     0.000000061383540    -0.299311643212575     0.000000000000000
     0.000000000000000     0.000000000000000    -0.001995278945543
21 13
    -0.285560707095421    -0.144425158054631    -0.000000000000000
    -0.144650289651021    -0.064788748355967    -0.000000000000000
     0.000000000000000     0.000000000000000     0.011003178035021
21 14
    -0.060826886446111    -0.130883778724364    -0.000000000000000
    -0.130883778724364     0.090304690292622    -0.000000000000000
     0.000000000000000     0.000000000000000     0.000225174468947
21 15
    -0.060826940130026     0.130883803673436    -0.000000000000000
     0.130883741684576     0.090304636608682    -0.000000000000000
     0.000000000000000    -0.000000000000000     0.000225174468947
21 16
    -0.285560766333551     0.144425275181658    -0.000000000000000
     0.144650316225093    -0.064788807686462    -0.000000000000000
     0.000000000000000    -0.000000000000000     0.011003178035021
21 17
    -2.831261197522594    -4.117555137859178    -0.000000000000000
    -2.369367826648161     0.913821174460555    -0.000000000000000
     0.000000000000000     0.000000000000000     0.004931443580811
21 18
    -0.375906412252307    -0.298555707156145     0.000000000000000
    -0.298555565754885    -0.720649285751725     0.000000000000000
     0.000000000000000     0.000000000000000    -0.022201466372834
21 19
    -0.375906534709360     0.298555861339832     0.000000000000000
     0.298555861339832    -0.720649408208836     0.000000000000000
     0.000000000000000    -0.000000000000000    -0.022201466372834
21 20
    -2.831262886398734     4.117556299143843    -0.000000000000000
     2.369367451831141     0.913820202628822    -0.000000000000000
     0.000000000000000    -0.000000000000000     0.004931443580811
21 21
    52.115137391837216    -0.000010687903281    -0.000000000000001
    -0.000010687903284    52.115174415820285    -0.000000000000000
    -0.000000000000004    -0.000000000000001    13.528368586741376
21 22
     2.786468462475538     0.874031086808262    -0.000000000000000
    -0.874154688212834    -4.703913806851612    -0.000000000000000
    -0.000000000000000    -0.000000000000000     0.004931443580811
21 23
     0.616578241128517    -0.000000126449415    -0.000000000000000
     0.000000206899315    -1.008859605093578    -0.000000000000000
    -0.000000000000000     0.000000000000000     0.101491716499343
21 24
     2.786468820972500    -0.874032229720244    -0.000000000000000
     0.874156617592458    -4.703914165399686     0.000000000000000
    -0.000000000000000     0.000000000000000     0.004931443580811
21 25
    -2.831369117787597    -2.369305518839354     0.000000000000000
    -4.117492830050372     0.913929094776671     0.000000000000000
     0.000000000000000     0.000000000000000     0.004931443580811
21 26
    -2.831370089593398     2.369306680168138     0.000000000000000
     4.117492455189235     0.913927405925203     0.000000000000000
     0.000000000000000    -0.000000000000000     0.004931443580811
21 27
    -0.375880143317688     0.298682032390001     0.000000000000000
     0.298682032390001    -0.720768706618723     0.000000000000000
     0.000000000000000    -0.000000000000000    -0.022205761253713
21 28
    -0.375880020808884    -0.298681878217139     0.000000000000000
    -0.298681736756123    -0.720768584109861     0.000000000000000
     0.000000000000000     0.000000000000000    -0.022205761253713
21 29
    -0.602499461653666    -0.703835132988084    -0.000000000000000
    -0.703835132988084     0.210219252442477    -0.000000000000000
     0.000000000000000     0.000000000000000     0.101491716499343
21 30
    -0.893020015777785     0.000000183142788     0.000000000000000
     0.000000041741529    -0.203535437312081     0.000000000000000
     0.000000000000000    -0.000000000000000    -0.022201466372834
21 31
    -0.602499750342065     0.703835380112350    -0.000000000000000
     0.703835046763619     0.210218963753941    -0.000000000000000
     0.000000000000000    -0.000000000000000     0.101491716499343
21 32
    -0.893212158935448     0.000000183182194     0.000000000000000
     0.000000041721177    -0.203436200965630    -0.000000000000000
     0.000000000000000     0.000000000000000    -0.022205761253713
21 33
    -0.035241398156558     0.237015371587802    -0.000000000000000
     0.124365344504216    -0.133530871095096    -0.000000000000000
     0.000000000000000    -0.000000000000000     0.036036811570408
21 34
    -0.016718408761529     0.111197298923687    -0.000000000000000
     0.111197246258696     0.111681186741864    -0.000000000000000
     0.000000000000000    -0.000000000000000     0.004511465586277
21 35
    -0.016718363152320    -0.111197292066390    -0.000000000000000
    -0.111197292066390     0.111681232351095    -0.000000000000000
     0.000000000000000     0.000000000000000     0.004511465586277
21 36
    -0.035241300941214    -0.237015357133034    -0.000000000000000
    -0.124365289734573    -0.133530820084792    -0.000000000000000
     0.000000000000000     0.000000000000000     0.036036811570408
21 37
    -0.536010769556857     0.000000109926435    -0.000000000000000
     0.000000109926435    -0.536011150353199    -0.000000000000000
     0.000000000000000     0.000000000000000     0.700876702223261
21 38
    -0.265440762619316    -0.008540356053761    -0.000000000000000
     0.104109562820077     0.096668711420720    -0.000000000000000
     0.000000000000000     0.000000000000000     0.036036811570408
21 39
    -0.099751524503929     0.000000020457293    -0.000000000000000
    -0.000000056674071     0.276347851065301    -0.000000000000000
     0.000000000000000    -0.000000000000000     0.001132007888846
21 40
    -0.265440766122291     0.008540464928279    -0.000000000000000
    -0.104109602470182     0.096668754122830    -0.000000000000000
     0.000000000000000    -0.000000000000000     0.036036811570408
21 41
     0.047523947801791     0.076580738419777    -0.000000000000000
     0.189230765503363    -0.216296256252579    -0.000000000000000
    -0.000000000000000     0.000000000000000     0.036036811570408
21 42
     0.047523979212513    -0.076580757912445    -0.000000000000000
    -0.189230676786283    -0.216296178636756    -0.000000000000000
     0.000000000000000     0.000000000000000     0.036036811570408
21 43
     0.088448060773083    -0.080999100605833     0.000000000000000
    -0.080999100605833     0.181977829890102     0.000000000000000
    -0.000000000000000     0.000000000000000    -0.001741880973676
21 44
     0.088448027550116     0.080999064327539     0.000000000000000
     0.080999025964952     0.181977796667120     0.000000000000000
    -0.000000000000000    -0.000000000000000    -0.001741880973676
21 45
     0.182322826530585     0.162855761524227    -0.000000000000000
     0.162855761524227    -0.005726767160096    -0.000000000000000
    -0.000000000000000    -0.000000000000000     0.001132007888846
21 46
     0.175880888286303    -0.000000036070094    -0.000000000000000
     0.000000016594896    -0.080918201524408    -0.000000000000000
    -0.000000000000000    -0.000000000000000     0.004511465586277
21 47
     0.182322893328290    -0.162855836306687    -0.000000000000000
    -0.162855759175323    -0.005726700362360    -0.000000000000000
    -0.000000000000000     0.000000000000000     0.001132007888846
21 48
     0.228742503914419    -0.000000046911087     0.000000000000000
    -0.000000008548500     0.041683253856867     0.000000000000000
    -0.000000000000000    -0.000000000000000    -0.001741880973676
21 49
   -22.833422982652849     0.000004682735744     0.000000000000000
     0.000001620049973    -7.899508899610870     0.000000000000000
     0.000000000000002     0.000000000000000    -4.828565844896780
21 50
    -1.083874983663303     1.350021427251814     0.000000000000000
     1.350020787858078     0.474994827677341     0.000000000000000
     0.000000000000000    -0.000000000000000    -0.210802570416274
21 51
    -0.229950396668087     0.000000047158805    -0.000000000000000
    -0.000000120881165     0.589427392654092    -0.000000000000000
     0.000000000000000    -0.000000000000000     0.004684487930264
21 52
    -1.083874429932217    -1.350020982684318     0.000000000000000
    -1.350020982684319     0.474995381408690     0.000000000000000
     0.000000000000000     0.000000000000000    -0.210802570416274
21 53
   -11.632981885176529    -6.466577593963233     0.000000000000000
    -6.466574531277461   -19.099955301814543     0.000000000000000
     0.000000000000001     0.000000000000001    -4.828565844896779
21 54
   -11.632984537539578     6.466582365406061     0.000000000000000
     6.466582365406061   -19.099957954178848     0.000000000000000
     0.000000000000001    -0.000000000000000    -4.828565844896779
21 55
    -0.116988737053854    -0.836595881441588    -0.000000000000000
    -0.267672727413107     1.223970167164801    -0.000000000000000
     0.000000000000000     0.000000000000000     0.275184982234260
21 56
    -0.116989080195989     0.836595929426347    -0.000000000000000
     0.267672225383733     1.223970057374914    -0.000000000000000
     0.000000000000000    -0.000000000000000     0.275184982234260
21 57
     0.410567550918086     0.572257531529875    -0.000000000000000
     1.141180568314736     0.696412926540439    -0.000000000000000
    -0.000000000000000    -0.000000000000000     0.275184982234260
21 58
     1.254429504039983    -0.000000257261555     0.000000000000000
     0.000000382132182    -1.863310767488381     0.000000000000000
    -0.000000000000000     0.000000000000000    -0.210802570416274
21 59
     0.410567785637977    -0.572257699930373    -0.000000000000000
    -1.141180853958854     0.696413394612853    -0.000000000000000
    -0.000000000000000     0.000000000000000     0.275184982234260
21 60
     0.690474415972328    -0.000000141604228     0.000000000000000
    -0.000000141604228     0.690474906503762     0.000000000000000
    -0.000000000000000    -0.000000000000000    -0.058303007933635
21 61
     1.366891620700616     0.589046478443076    -0.000000000000000
     0.020123441658216    -0.259911596174115    -0.000000000000000
    -0.000000000000000    -0.000000000000000     0.275184982234260
21 62
     0.384582558501645     0.354800898271901    -0.000000000000000
     0.354800898271901    -0.025106144623170    -0.000000000000000
    -0.000000000000000    -0.000000000000000     0.004684487930264
21 63
     0.384582704028493    -0.354801056014245    -0.000000000000000
    -0.354800887974276    -0.025105999096253    -0.000000000000000
    -0.000000000000000     0.000000000000000     0.004684487930264
21 64
     1.366891862306822    -0.589047039094261    -0.000000000000000
    -0.020123335051647    -0.259911587920205    -0.000000000000000
    -0.000000000000000     0.000000000000000     0.275184982234260
22 1
     0.368955070731810     0.341532767173383     0.000000000000000
     0.341532928929353    -0.025413092787293    -0.000000000000000
     0.000000000000000    -0.000000000000000    -0.053998310183965
22 2
     0.423398439002013     0.000000000000000     0.000000000000000
     0.000000000000000     0.241718987128684    -0.000000000000000
    -0.000000000000000     0.000000000000000    -0.349822342482687
22 3
     0.368955070731810    -0.341532767173383     0.000000000000000
    -0.341532928929353    -0.025413092787293    -0.000000000000000
    -0.000000000000000     0.000000000000000    -0.053998310183965
22 4
     0.165870414507167    -0.000000000000000     0.000000000000000
    -0.000000000000000    -0.136392718028514     0.000000000000000
    -0.000000000000000    -0.000000000000000     0.000225174468947
22 5
     0.005191595992565    -0.023215670556463     0.000000000000000
    -0.023440802152853    -0.355541189149395     0.000000000000000
    -0.000000000000000    -0.000000000000000     0.011003178035021
22 6
     0.287138850097016     0.078669491704337    -0.000000000000000
     0.078669528963602     0.377978576033681    -0.000000000000000
    -0.000000000000000     0.000000000000000    -0.349822342482687
22 7
     0.287138850097016    -0.078669491704337    -0.000000000000000
    -0.078669528963602     0.377978576033681    -0.000000000000000
    -0.000000000000000     0.000000000000000    -0.349822342482687
22 8
     0.005191595992565     0.023215670556463    -0.000000000000000
     0.023440802152853    -0.355541189149395     0.000000000000000
     0.000000000000000    -0.000000000000000     0.011003178035021
22 9
    -0.299311536893139    -0.000000000000000     0.000000000000000
    -0.000000000000000    -0.299311536893139    -0.000000000000000
     0.000000000000000    -0.000000000000000    -0.001995278945543
22 10
    -0.245155147578368    -0.167978516614494    -0.000000000000000
    -0.167753475571059    -0.105194445578462     0.000000000000000
    -0.000000000000000    -0.000000000000000     0.011003178035021
22 11
    -0.222597174546844     0.000000000000000    -0.000000000000000
     0.000000000000000     0.566139152491362    -0.000000000000000
     0.000000000000000     0.000000000000000    -0.053998310183965
22 12
    -0.245155147578368     0.167978516614494    -0.000000000000000
     0.167753475571059    -0.105194445578462     0.000000000000000
     0.000000000000000    -0.000000000000000     0.011003178035021
22 13
    -0.285560838149442     0.144425165316407     0.000000000000000
     0.144650354319761    -0.064788755007388     0.000000000000000
     0.000000000000000    -0.000000000000000     0.011003178035021
22 14
    -0.285560838149442    -0.144425165316407    -0.000000000000000
    -0.144650354319761    -0.064788755007388     0.000000000000000
    -0.000000000000000     0.000000000000000     0.011003178035021
22 15
    -0.060826934894594    -0.130883744707255     0.000000000000000
    -0.130883806696115     0.090304631373247     0.000000000000000
    -0.000000000000000     0.000000000000000     0.000225174468947
22 16
    -0.060826934894593     0.130883744707255     0.000000000000000
     0.130883806696115     0.090304631373247     0.000000000000000
     0.000000000000000     0.000000000000000     0.000225174468947
22 17
    -2.831263047662445     4.117554255891520    -0.000000000000000
     2.369368480870423     0.913820363943553    -0.000000000000000
     0.000000000000000    -0.000000000000000     0.004931443580811
22 18
    -2.831263047662445    -4.117554255891520    -0.000000000000000
    -2.369368480870424     0.913820363943552     0.000000000000000
    -0.000000000000000     0.000000000000000     0.004931443580811
22 19
    -0.375906607007792    -0.298555678197044     0.000000000000000
    -0.298555819598303    -0.720649090996147    -0.000000000000000
    -0.000000000000000    -0.000000000000000    -0.022201466372834
22 20
    -0.375906607007792     0.298555678197044     0.000000000000000
     0.298555819598303    -0.720649090996147    -0.000000000000000
     0.000000000000000    -0.000000000000000    -0.022201466372834
22 21
     2.786469631514591    -0.874031347796703     0.000000000000000
     0.874155963414314    -4.703912315233486    -0.000000000000000
    -0.000000000000000    -0.000000000000000     0.004931443580811
22 22
    52.115155903824352     0.000000000000004     0.000000000000000
     0.000000000000007    52.115155903824380     0.000000000000001
    -0.000000000000001     0.000000000000004    13.528368586741376
22 23
     2.786469631514591     0.874031347796702    -0.000000000000000
    -0.874155963414314    -4.703912315233487     0.000000000000000
    -0.000000000000000    -0.000000000000000     0.004931443580811
22 24
     0.616578460145275    -0.000000000000000    -0.000000000000000
    -0.000000000000000    -1.008859246733368     0.000000000000000
    -0.000000000000000    -0.000000000000000     0.101491716499343
22 25
    -0.375880215580870    -0.298681849207808    -0.000000000000000
    -0.298681990668824    -0.720768389337783    -0.000000000000000
    -0.000000000000000    -0.000000000000000    -0.022205761253713
22 26
    -2.831370609430487    -2.369305257895033    -0.000000000000000
    -4.117494105207735     0.913927925711593     0.000000000000000
    -0.000000000000000     0.000000000000000     0.004931443580811
22 27
    -2.831370609430486     2.369305257895033     0.000000000000000
     4.117494105207735     0.913927925711594     0.000000000000000
     0.000000000000000     0.000000000000000     0.004931443580811
22 28
    -0.375880215580870     0.298681849207808     0.000000000000000
     0.298681990668824    -0.720768389337783    -0.000000000000000
     0.000000000000000    -0.000000000000000    -0.022205761253713
22 29
    -0.893212476216238    -0.000000000000000     0.000000000000000
     0.000000000000000    -0.203436128702414    -0.000000000000000
     0.000000000000000    -0.000000000000000    -0.022205761253713
22 30
    -0.602499820013707    -0.703835006538669     0.000000000000000
    -0.703835339887399     0.210219033425615     0.000000000000000
    -0.000000000000000     0.000000000000000     0.101491716499343
22 31
    -0.893020332990324    -0.000000000000000    -0.000000000000000
    -0.000000000000000    -0.203535365013615    -0.000000000000000
     0.000000000000000    -0.000000000000000    -0.022201466372834
22 32
    -0.602499820013706     0.703835006538669    -0.000000000000000
     0.703835339887399     0.210219033425615     0.000000000000000
     0.000000000000000    -0.000000000000000     0.101491716499343
22 33
    -0.035241362067080    -0.237015280169441     0.000000000000000
    -0.124365361295603    -0.133530798158030     0.000000000000000
    -0.000000000000000    -0.000000000000000     0.036036811570408
22 34
    -0.035241362067080     0.237015280169441     0.000000000000000
     0.124365361295603    -0.133530798158030     0.000000000000000
     0.000000000000000    -0.000000000000000     0.036036811570408
22 35
    -0.016718391895517     0.111197255996295    -0.000000000000000
     0.111197308661286     0.111681169875844     0.000000000000000
     0.000000000000000     0.000000000000000     0.004511465586277
22 36
    -0.016718391895517    -0.111197255996295    -0.000000000000000
    -0.111197308661286     0.111681169875844     0.000000000000000
    -0.000000000000000     0.000000000000000     0.004511465586277
22 37
    -0.265440858658879     0.008540407457354     0.000000000000000
    -0.104109619626232     0.096668698433769     0.000000000000000
    -0.000000000000000     0.000000000000000     0.036036811570408
22 38
    -0.536010959954983    -0.000000000000000     0.000000000000000
    -0.000000000000000    -0.536010959954983     0.000000000000000
     0.000000000000000    -0.000000000000000     0.700876702223261
22 39
    -0.265440858658879    -0.008540407457354     0.000000000000000
     0.104109619626232     0.096668698433769     0.000000000000000
     0.000000000000000     0.000000000000000     0.036036811570408
22 40
    -0.099751559936991     0.000000000000000     0.000000000000000
     0.000000000000000     0.276347752902907     0.000000000000000
     0.000000000000000     0.000000000000000     0.001132007888846
22 41
     0.088448075579516     0.080999053694746     0.000000000000000
     0.080999092057333     0.181977748637696    -0.000000000000000
     0.000000000000000     0.000000000000000    -0.001741880973676
22 42
     0.047523980388294     0.076580720963621    -0.000000000000000
     0.189230788362082    -0.216296140613404     0.000000000000000
     0.000000000000000    -0.000000000000000     0.036036811570408
22 43
     0.047523980388294    -0.076580720963621     0.000000000000000
    -0.189230788362082    -0.216296140613404     0.000000000000000
    -0.000000000000000    -0.000000000000000     0.036036811570408
22 44
     0.088448075579516    -0.080999053694746     0.000000000000000
    -0.080999092057333     0.181977748637696    -0.000000000000000
    -0.000000000000000     0.000000000000000    -0.001741880973676
22 45
     0.228742585166786    -0.000000000000000     0.000000000000000
     0.000000000000000     0.041683239050426    -0.000000000000000
    -0.000000000000000     0.000000000000000    -0.001741880973676
22 46
     0.182322924692932     0.162855741066934    -0.000000000000000
     0.162855818198298    -0.005726731727017     0.000000000000000
     0.000000000000000    -0.000000000000000     0.001132007888846
22 47
     0.175880950761524    -0.000000000000000     0.000000000000000
     0.000000000000000    -0.080918172781197     0.000000000000000
    -0.000000000000000    -0.000000000000000     0.004511465586277
22 48
     0.182322924692932    -0.162855741066934    -0.000000000000000
    -0.162855818198298    -0.005726731727017     0.000000000000000
    -0.000000000000000     0.000000000000000     0.001132007888846
22 49
    -1.083875091804413    -1.350020725422764    -0.000000000000000
    -1.350021364816500     0.474994935818502    -0.000000000000000
    -0.000000000000000     0.000000000000000    -0.210802570416274
22 50
   -22.833431093387151    -0.000000000000000     0.000000000000000
    -0.000000000000002    -7.899506093601333    -0.000000000000000
     0.000000000000001    -0.000000000000001    -4.828565844896779
22 51
    -1.083875091804413     1.350020725422764     0.000000000000000
     1.350021364816500     0.474994935818502    -0.000000000000000
     0.000000000000000     0.000000000000000    -0.210802570416274
22 52
    -0.229950478349514     0.000000000000000    -0.000000000000000
     0.000000000000000     0.589427183281724     0.000000000000000
     0.000000000000000     0.000000000000000     0.004684487930264
22 53
    -0.116988950180932     0.836595608264090    -0.000000000000000
     0.267672571479229     1.223969677499563     0.000000000000000
     0.000000000000000     0.000000000000000     0.275184982234260
22 54
   -11.632987343547780    -6.466577682670319     0.000000000000000
    -6.466580745356091   -19.099949843440704    -0.000000000000000
    -0.000000000000000    -0.000000000000001    -4.828565844896779
22 55
   -11.632987343547784     6.466577682670315    -0.000000000000000
     6.466580745356086   -19.099949843440704    -0.000000000000000
     0.000000000000001    -0.000000000000001    -4.828565844896780
22 56
    -0.116988950180932    -0.836595608264090     0.000000000000000
    -0.267672571479229     1.223969677499563     0.000000000000000
    -0.000000000000000     0.000000000000000     0.275184982234260
22 57
     0.690474661237987     0.000000000000000    -0.000000000000000
     0.000000000000000     0.690474661237987    -0.000000000000000
    -0.000000000000000     0.000000000000000    -0.058303007933635
22 58
     0.410567814117106     0.572257412456686    -0.000000000000000
     1.141181116499301     0.696412913201525     0.000000000000000
     0.000000000000000     0.000000000000000     0.275184982234260
22 59
     1.254429949629959    -0.000000000000000    -0.000000000000000
    -0.000000000000000    -1.863310105615872    -0.000000000000000
    -0.000000000000000    -0.000000000000000    -0.210802570416274
22 60
     0.410567814117106    -0.572257412456686     0.000000000000000
    -1.141181116499301     0.696412913201525     0.000000000000000
    -0.000000000000000     0.000000000000000     0.275184982234260
22 61
     1.366892227041772    -0.589046549531507    -0.000000000000000
    -0.020123395503025    -0.259911499723141     0.000000000000000
    -0.000000000000000     0.000000000000000     0.275184982234260
22 62
     1.366892227041772     0.589046549531506    -0.000000000000000
     0.020123395503025    -0.259911499723141     0.000000000000000
    -0.000000000000000    -0.000000000000000     0.275184982234260
22 63
     0.384582767873914     0.354800851113096    -0.000000000000000
     0.354801019153066    -0.025106062941704     0.000000000000000
     0.000000000000000    -0.000000000000000     0.004684487930264
22 64
     0.384582767873914    -0.354800851113096     0.000000000000000
    -0.354801019153066    -0.025106062941704     0.000000000000000
    -0.000000000000000     0.000000000000000     0.004684487930264
23 1
     0.165870414507167     0.000000000000000     0.000000000000000
    -0.000000000000000    -0.136392718028514    -0.000000000000000
    -0.000000000000000     0.000000000000000     0.000225174468947
23 2
     0.368955070731810     0.341532767173383     0.000000000000000
     0.341532928929353    -0.025413092787293     0.000000000000000
    -0.000000000000000    -0.000000000000000    -0.053998310183965
23 3
     0.423398439002013     0.000000000000000     0.000000000000000
    -0.000000000000000     0.241718987128684     0.000000000000000
    -0.000000000000000    -0.000000000000000    -0.349822342482687
23 4
     0.368955070731810    -0.341532767173383     0.000000000000000
    -0.341532928929353    -0.025413092787293     0.000000000000000
     0.000000000000000     0.000000000000000    -0.053998310183965
23 5
     0.005191595992565     0.023215670556463     0.000000000000000
     0.023440802152853    -0.355541189149395    -0.000000000000000
    -0.000000000000000     0.000000000000000     0.011003178035021
23 6
     0.005191595992565    -0.023215670556463    -0.000000000000000
    -0.023440802152853    -0.355541189149395    -0.000000000000000
     0.000000000000000     0.000000000000000     0.011003178035021
23 7
     0.287138850097016     0.078669491704337    -0.000000000000000
     0.078669528963602     0.377978576033681     0.000000000000000
    -0.000000000000000    -0.000000000000000    -0.349822342482687
23 8
     0.287138850097016    -0.078669491704337    -0.000000000000000
    -0.078669528963602     0.377978576033681     0.000000000000000
    -0.000000000000000    -0.000000000000000    -0.349822342482687
23 9
    -0.245155147578368     0.167978516614494    -0.000000000000000
     0.167753475571059    -0.105194445578462    -0.000000000000000
    -0.000000000000000     0.000000000000000     0.011003178035021
23 10
    -0.299311536893139    -0.000000000000000     0.000000000000000
    -0.000000000000000    -0.299311536893139     0.000000000000000
     0.000000000000000     0.000000000000000    -0.001995278945543
23 11
    -0.245155147578368    -0.167978516614494    -0.000000000000000
    -0.167753475571059    -0.105194445578462    -0.000000000000000
     0.000000000000000     0.000000000000000     0.011003178035021
23 12
    -0.222597174546844     0.000000000000000    -0.000000000000000
     0.000000000000000     0.566139152491362     0.000000000000000
     0.000000000000000    -0.000000000000000    -0.053998310183965
23 13
    -0.060826934894593     0.130883744707255     0.000000000000000
     0.130883806696115     0.090304631373247    -0.000000000000000
    -0.000000000000000    -0.000000000000000     0.000225174468947
23 14
    -0.285560838149442     0.144425165316407    -0.000000000000000
     0.144650354319761    -0.064788755007388    -0.000000000000000
    -0.000000000000000    -0.000000000000000     0.011003178035021
23 15
    -0.285560838149442    -0.144425165316407     0.000000000000000
    -0.144650354319761    -0.064788755007388    -0.000000000000000
     0.000000000000000     0.000000000000000     0.011003178035021
23 16
    -0.060826934894593    -0.130883744707255     0.000000000000000
    -0.130883806696115     0.090304631373247    -0.000000000000000
     0.000000000000000    -0.000000000000000     0.000225174468947
23 17
    -0.375906607007792     0.298555678197044     0.000000000000000
     0.298555819598303    -0.720649090996147     0.000000000000000
    -0.000000000000000     0.000000000000000    -0.022201466372834
23 18
    -2.831263047662445     4.117554255891520    -0.000000000000000
     2.369368480870424     0.913820363943552    -0.000000000000000
    -0.000000000000000    -0.000000000000000     0.004931443580811
23 19
    -2.831263047662445    -4.117554255891520    -0.000000000000000
    -2.369368480870423     0.913820363943553     0.000000000000000
     0.000000000000000     0.000000000000000     0.004931443580811
23 20
    -0.375906607007792    -0.298555678197044     0.000000000000000
    -0.298555819598303    -0.720649090996147     0.000000000000000
     0.000000000000000     0.000000000000000    -0.022201466372834
23 21
     0.616578460145275     0.000000000000000    -0.000000000000000
    -0.000000000000000    -1.008859246733368    -0.000000000000000
    -0.000000000000000     0.000000000000000     0.101491716499343
23 22
     2.786469631514591    -0.874031347796702    -0.000000000000000
     0.874155963414314    -4.703912315233487    -0.000000000000000
    -0.000000000000000     0.000000000000000     0.004931443580811
23 23
    52.115155903824352     0.000000000000001     0.000000000000000
    -0.000000000000001    52.115155903824380    -0.000000000000001
    -0.000000000000001    -0.000000000000004    13.528368586741376
23 24
     2.786469631514591     0.874031347796703     0.000000000000000
    -0.874155963414315    -4.703912315233486     0.000000000000000
    -0.000000000000000     0.000000000000000     0.004931443580811
23 25
    -0.375880215580870     0.298681849207808    -0.000000000000000
     0.298681990668824    -0.720768389337783     0.000000000000000
    -0.000000000000000     0.000000000000000    -0.022205761253713
23 26
    -0.375880215580870    -0.298681849207808     0.000000000000000
    -0.298681990668824    -0.720768389337783     0.000000000000000
     0.000000000000000     0.000000000000000    -0.022205761253713
23 27
    -2.831370609430486    -2.369305257895033     0.000000000000000
    -4.117494105207735     0.913927925711594    -0.000000000000000
     0.000000000000000    -0.000000000000000     0.004931443580811
23 28
    -2.831370609430486     2.369305257895033    -0.000000000000000
     4.117494105207735     0.913927925711593    -0.000000000000000
    -0.000000000000000    -0.000000000000000     0.004931443580811
23 29
    -0.602499820013707     0.703835006538669     0.000000000000000
     0.703835339887399     0.210219033425615    -0.000000000000000
    -0.000000000000000    -0.000000000000000     0.101491716499343
23 30
    -0.893212476216238    -0.000000000000000     0.000000000000000
    -0.000000000000000    -0.203436128702414     0.000000000000000
     0.000000000000000     0.000000000000000    -0.022205761253713
23 31
    -0.602499820013706    -0.703835006538669    -0.000000000000000
    -0.703835339887399     0.210219033425615    -0.000000000000000
     0.000000000000000     0.000000000000000     0.101491716499343
23 32
    -0.893020332990324    -0.000000000000000    -0.000000000000000
     0.000000000000000    -0.203535365013615     0.000000000000000
     0.000000000000000     0.000000000000000    -0.022201466372834
23 33
    -0.016718391895517    -0.111197255996295    -0.000000000000000
    -0.111197308661286     0.111681169875844    -0.000000000000000
     0.000000000000000    -0.000000000000000     0.004511465586277
23 34
    -0.035241362067080    -0.237015280169441     0.000000000000000
    -0.124365361295603    -0.133530798158030    -0.000000000000000
     0.000000000000000     0.000000000000000     0.036036811570408
23 35
    -0.035241362067080     0.237015280169441     0.000000000000000
     0.124365361295603    -0.133530798158030    -0.000000000000000
    -0.000000000000000     0.000000000000000     0.036036811570408
23 36
    -0.016718391895517     0.111197255996295    -0.000000000000000
     0.111197308661286     0.111681169875844    -0.000000000000000
    -0.000000000000000    -0.000000000000000     0.004511465586277
23 37
    -0.099751559936991    -0.000000000000000     0.000000000000000
     0.000000000000000     0.276347752902907    -0.000000000000000
     0.000000000000000    -0.000000000000000     0.001132007888846
23 38
    -0.265440858658879     0.008540407457354     0.000000000000000
    -0.104109619626232     0.096668698433769    -0.000000000000000
     0.000000000000000    -0.000000000000000     0.036036811570408
23 39
    -0.536010959954983     0.000000000000000     0.000000000000000
     0.000000000000000    -0.536010959954983    -0.000000000000000
     0.000000000000000     0.000000000000000     0.700876702223261
23 40
    -0.265440858658879    -0.008540407457354     0.000000000000000
     0.104109619626232     0.096668698433769    -0.000000000000000
    -0.000000000000000    -0.000000000000000     0.036036811570408
23 41
     0.088448075579516    -0.080999053694746     0.000000000000000
    -0.080999092057333     0.181977748637696     0.000000000000000
     0.000000000000000    -0.000000000000000    -0.001741880973676
23 42
     0.088448075579516     0.080999053694746     0.000000000000000
     0.080999092057333     0.181977748637696     0.000000000000000
    -0.000000000000000    -0.000000000000000    -0.001741880973676
23 43
     0.047523980388294     0.076580720963621     0.000000000000000
     0.189230788362082    -0.216296140613404    -0.000000000000000
    -0.000000000000000     0.000000000000000     0.036036811570408
23 44
     0.047523980388294    -0.076580720963621    -0.000000000000000
    -0.189230788362082    -0.216296140613404    -0.000000000000000
     0.000000000000000     0.000000000000000     0.036036811570408
23 45
     0.182322924692932    -0.162855741066934    -0.000000000000000
    -0.162855818198298    -0.005726731727017    -0.000000000000000
     0.000000000000000     0.000000000000000     0.001132007888846
23 46
     0.228742585166786     0.000000000000000     0.000000000000000
    -0.000000000000000     0.041683239050426     0.000000000000000
    -0.000000000000000    -0.000000000000000    -0.001741880973676
23 47
     0.182322924692932     0.162855741066934    -0.000000000000000
     0.162855818198298    -0.005726731727017    -0.000000000000000
    -0.000000000000000    -0.000000000000000     0.001132007888846
23 48
     0.175880950761524    -0.000000000000000     0.000000000000000
    -0.000000000000000    -0.080918172781197    -0.000000000000000
    -0.000000000000000     0.000000000000000     0.004511465586277
23 49
    -0.229950478349514     0.000000000000000    -0.000000000000000
     0.000000000000000     0.589427183281724    -0.000000000000000
     0.000000000000000    -0.000000000000000     0.004684487930264
23 50
    -1.083875091804413    -1.350020725422764     0.000000000000000
    -1.350021364816500     0.474994935818502     0.000000000000000
     0.000000000000000    -0.000000000000000    -0.210802570416274
23 51
   -22.833431093387151    -0.000000000000000     0.000000000000000
     0.000000000000001    -7.899506093601333     0.000000000000000
     0.000000000000001     0.000000000000001    -4.828565844896779
23 52
    -1.083875091804413     1.350020725422764    -0.000000000000000
     1.350021364816500     0.474994935818502     0.000000000000000
    -0.000000000000000    -0.000000000000000    -0.210802570416274
23 53
    -0.116988950180932    -0.836595608264090    -0.000000000000000
    -0.267672571479229     1.223969677499563    -0.000000000000000
     0.000000000000000    -0.000000000000000     0.275184982234260
23 54
    -0.116988950180932     0.836595608264090     0.000000000000000
     0.267672571479229     1.223969677499563    -0.000000000000000
    -0.000000000000000    -0.000000000000000     0.275184982234260
23 55
   -11.632987343547784    -6.466577682670318    -0.000000000000000
    -6.466580745356088   -19.099949843440704     0.000000000000000
     0.000000000000001     0.000000000000001    -4.828565844896780
23 56
   -11.632987343547780     6.466577682670317     0.000000000000000
     6.466580745356088   -19.099949843440704     0.000000000000000
    -0.000000000000000     0.000000000000001    -4.828565844896779
23 57
     0.410567814117106    -0.572257412456686    -0.000000000000000
    -1.141181116499301     0.696412913201525    -0.000000000000000
     0.000000000000000    -0.000000000000000     0.275184982234260
23 58
     0.690474661237987     0.000000000000000    -0.000000000000000
    -0.000000000000000     0.690474661237987     0.000000000000000
    -0.000000000000000    -0.000000000000000    -0.058303007933635
23 59
     0.410567814117106     0.572257412456686     0.000000000000000
     1.141181116499301     0.696412913201525    -0.000000000000000
    -0.000000000000000    -0.000000000000000     0.275184982234260
23 60
     1.254429949629959    -0.000000000000000    -0.000000000000000
    -0.000000000000000    -1.863310105615872     0.000000000000000
    -0.000000000000000     0.000000000000000    -0.210802570416274
23 61
     0.384582767873914    -0.354800851113096    -0.000000000000000
    -0.354801019153066    -0.025106062941704    -0.000000000000000
     0.000000000000000     0.000000000000000     0.004684487930264
23 62
     1.366892227041772    -0.589046549531506    -0.000000000000000
    -0.020123395503025    -0.259911499723141    -0.000000000000000
    -0.000000000000000     0.000000000000000     0.275184982234260
23 63
     1.366892227041772     0.589046549531507    -0.000000000000000
     0.020123395503025    -0.259911499723141    -0.000000000000000
    -0.000000000000000    -0.000000000000000     0.275184982234260
23 64
     0.384582767873914     0.354800851113096     0.000000000000000
     0.354801019153066    -0.025106062941704    -0.000000000000000
    -0.000000000000000    -0.000000000000000     0.004684487930264
24 1
     0.368955070731810    -0.341532767173383     0.000000000000000
    -0.341532928929353    -0.025413092787293     0.000000000000000
     0.000000000000000     0.000000000000000    -0.053998310183965
24 2
     0.165870414507167     0.000000000000000     0.000000000000000
    -0.000000000000000    -0.136392718028514    -0.000000000000000
    -0.000000000000000     0.000000000000000     0.000225174468947
24 3
     0.368955070731810     0.341532767173383     0.000000000000000
     0.341532928929353    -0.025413092787293     0.000000000000000
    -0.000000000000000    -0.000000000000000    -0.053998310183965
24 4
     0.423398439002013     0.000000000000000     0.000000000000000
    -0.000000000000000     0.241718987128684     0.000000000000000
    -0.000000000000000    -0.000000000000000    -0.349822342482687
24 5
     0.287138850097016    -0.078669491704337    -0.000000000000000
    -0.078669528963602     0.377978576033681     0.000000000000000
    -0.000000000000000    -0.000000000000000    -0.349822342482687
24 6
     0.005191595992565     0.023215670556463     0.000000000000000
     0.023440802152853    -0.355541189149395    -0.000000000000000
    -0.000000000000000     0.000000000000000     0.011003178035021
24 7
     0.005191595992565    -0.023215670556463    -0.000000000000000
    -0.023440802152853    -0.355541189149395    -0.000000000000000
     0.000000000000000     0.000000000000000     0.011003178035021
24 8
     0.287138850097016     0.078669491704337    -0.000000000000000
     0.078669528963602     0.377978576033681     0.000000000000000
    -0.000000000000000    -0.000000000000000    -0.349822342482687
24 9
    -0.222597174546844     0.000000000000000    -0.000000000000000
     0.000000000000000     0.566139152491362     0.000000000000000
     0.000000000000000    -0.000000000000000    -0.053998310183965
24 10
    -0.245155147578368     0.167978516614494    -0.000000000000000
     0.167753475571059    -0.105194445578462    -0.000000000000000
    -0.000000000000000     0.000000000000000     0.011003178035021
24 11
    -0.299311536893139    -0.000000000000000     0.000000000000000
    -0.000000000000000    -0.299311536893139     0.000000000000000
     0.000000000000000     0.000000000000000    -0.001995278945543
24 12
    -0.245155147578368    -0.167978516614494    -0.000000000000000
    -0.167753475571059    -0.105194445578462    -0.000000000000000
     0.000000000000000     0.000000000000000     0.011003178035021
24 13
    -0.060826934894593    -0.130883744707255     0.000000000000000
    -0.130883806696115     0.090304631373247    -0.000000000000000
     0.000000000000000    -0.000000000000000     0.000225174468947
24 14
    -0.060826934894593     0.130883744707255     0.000000000000000
     0.130883806696115     0.090304631373247    -0.000000000000000
    -0.000000000000000    -0.000000000000000     0.000225174468947
24 15
    -0.285560838149442     0.144425165316407    -0.000000000000000
     0.144650354319761    -0.064788755007388    -0.000000000000000
    -0.000000000000000    -0.000000000000000     0.011003178035021
24 16
    -0.285560838149442    -0.144425165316407     0.000000000000000
    -0.144650354319761    -0.064788755007388    -0.000000000000000
     0.000000000000000     0.000000000000000     0.011003178035021
24 17
    -0.375906607007792    -0.298555678197044     0.000000000000000
    -0.298555819598303    -0.720649090996147     0.000000000000000
     0.000000000000000     0.000000000000000    -0.022201466372834
24 18
    -0.375906607007792     0.298555678197044     0.000000000000000
     0.298555819598303    -0.720649090996147     0.000000000000000
    -0.000000000000000     0.000000000000000    -0.022201466372834
24 19
    -2.831263047662445     4.117554255891520    -0.000000000000000
     2.369368480870424     0.913820363943552    -0.000000000000000
    -0.000000000000000    -0.000000000000000     0.004931443580811
24 20
    -2.831263047662445    -4.117554255891520    -0.000000000000000
    -2.369368480870423     0.913820363943553     0.000000000000000
     0.000000000000000     0.000000000000000     0.004931443580811
24 21
     2.786469631514591     0.874031347796703     0.000000000000000
    -0.874155963414315    -4.703912315233486     0.000000000000000
    -0.000000000000000     0.000000000000000     0.004931443580811
24 22
     0.616578460145275     0.000000000000000    -0.000000000000000
    -0.000000000000000    -1.008859246733368    -0.000000000000000
    -0.000000000000000     0.000000000000000     0.101491716499343
24 23
     2.786469631514591    -0.874031347796702    -0.000000000000000
     0.874155963414314    -4.703912315233487    -0.000000000000000
    -0.000000000000000     0.000000000000000     0.004931443580811
24 24
    52.115155903824352     0.000000000000001     0.000000000000000
    -0.000000000000001    52.115155903824380    -0.000000000000001
    -0.000000000000001    -0.000000000000004    13.528368586741376
24 25
    -2.831370609430486     2.369305257895033    -0.000000000000000
     4.117494105207735     0.913927925711593    -0.000000000000000
    -0.000000000000000    -0.000000000000000     0.004931443580811
24 26
    -0.375880215580870     0.298681849207808    -0.000000000000000
     0.298681990668824    -0.720768389337783     0.000000000000000
    -0.000000000000000     0.000000000000000    -0.022205761253713
24 27
    -0.375880215580870    -0.298681849207808     0.000000000000000
    -0.298681990668824    -0.720768389337783     0.000000000000000
     0.000000000000000     0.000000000000000    -0.022205761253713
24 28
    -2.831370609430486    -2.369305257895033     0.000000000000000
    -4.117494105207735     0.913927925711594    -0.000000000000000
     0.000000000000000    -0.000000000000000     0.004931443580811
24 29
    -0.893020332990324    -0.000000000000000    -0.000000000000000
     0.000000000000000    -0.203535365013615     0.000000000000000
     0.000000000000000     0.000000000000000    -0.022201466372834
24 30
    -0.602499820013707     0.703835006538669     0.000000000000000
     0.703835339887399     0.210219033425615    -0.000000000000000
    -0.000000000000000    -0.000000000000000     0.101491716499343
24 31
    -0.893212476216238    -0.000000000000000     0.000000000000000
    -0.000000000000000    -0.203436128702414     0.000000000000000
     0.000000000000000     0.000000000000000    -0.022205761253713
24 32
    -0.602499820013706    -0.703835006538669    -0.000000000000000
    -0.703835339887399     0.210219033425615    -0.000000000000000
     0.000000000000000     0.000000000000000     0.101491716499343
24 33
    -0.016718391895517     0.111197255996295    -0.000000000000000
     0.111197308661286     0.111681169875844    -0.000000000000000
    -0.000000000000000    -0.000000000000000     0.004511465586277
24 34
    -0.016718391895517    -0.111197255996295    -0.000000000000000
    -0.111197308661286     0.111681169875844    -0.000000000000000
     0.000000000000000    -0.000000000000000     0.004511465586277
24 35
    -0.035241362067080    -0.237015280169441     0.000000000000000
    -0.124365361295603    -0.133530798158030    -0.000000000000000
     0.000000000000000     0.000000000000000     0.036036811570408
24 36
    -0.035241362067080     0.237015280169441     0.000000000000000
     0.124365361295603    -0.133530798158030    -0.000000000000000
    -0.000000000000000     0.000000000000000     0.036036811570408
24 37
    -0.265440858658879    -0.008540407457354     0.000000000000000
     0.104109619626232     0.096668698433769    -0.000000000000000
    -0.000000000000000    -0.000000000000000     0.036036811570408
24 38
    -0.099751559936991    -0.000000000000000     0.000000000000000
     0.000000000000000     0.276347752902907    -0.000000000000000
     0.000000000000000    -0.000000000000000     0.001132007888846
24 39
    -0.265440858658879     0.008540407457354     0.000000000000000
    -0.104109619626232     0.096668698433769    -0.000000000000000
     0.000000000000000    -0.000000000000000     0.036036811570408
24 40
    -0.536010959954983     0.000000000000000     0.000000000000000
     0.000000000000000    -0.536010959954983    -0.000000000000000
     0.000000000000000     0.000000000000000     0.700876702223261
24 41
     0.047523980388294    -0.076580720963621    -0.000000000000000
    -0.189230788362082    -0.216296140613404    -0.000000000000000
     0.000000000000000     0.000000000000000     0.036036811570408
24 42
     0.088448075579516    -0.080999053694746     0.000000000000000
    -0.080999092057333     0.181977748637696     0.000000000000000
     0.000000000000000    -0.000000000000000    -0.001741880973676
24 43
     0.088448075579516     0.080999053694746     0.000000000000000
     0.080999092057333     0.181977748637696     0.000000000000000
    -0.000000000000000    -0.000000000000000    -0.001741880973676
24 44
     0.047523980388294     0.076580720963621     0.000000000000000
     0.189230788362082    -0.216296140613404    -0.000000000000000
    -0.000000000000000     0.000000000000000     0.036036811570408
24 45
     0.175880950761524    -0.000000000000000     0.000000000000000
    -0.000000000000000    -0.080918172781197    -0.000000000000000
    -0.000000000000000     0.000000000000000     0.004511465586277
24 46
     0.182322924692932    -0.162855741066934    -0.000000000000000
    -0.162855818198298    -0.005726731727017    -0.000000000000000
     0.000000000000000     0.000000000000000     0.001132007888846
24 47
     0.228742585166786     0.000000000000000     0.000000000000000
    -0.000000000000000     0.041683239050426     0.000000000000000
    -0.000000000000000    -0.000000000000000    -0.001741880973676
24 48
     0.182322924692932     0.162855741066934    -0.000000000000000
     0.162855818198298    -0.005726731727017    -0.000000000000000
    -0.000000000000000    -0.000000000000000     0.001132007888846
24 49
    -1.083875091804413     1.350020725422764    -0.000000000000000
     1.350021364816500     0.474994935818502     0.000000000000000
    -0.000000000000000    -0.000000000000000    -0.210802570416274
24 50
    -0.229950478349514     0.000000000000000    -0.000000000000000
     0.000000000000000     0.589427183281724    -0.000000000000000
     0.000000000000000    -0.000000000000000     0.004684487930264
24 51
    -1.083875091804413    -1.350020725422764     0.000000000000000
    -1.350021364816500     0.474994935818502     0.000000000000000
     0.000000000000000    -0.000000000000000    -0.210802570416274
24 52
   -22.833431093387151    -0.000000000000000     0.000000000000000
     0.000000000000001    -7.899506093601333     0.000000000000000
     0.000000000000001     0.000000000000001    -4.828565844896779
24 53
   -11.632987343547780     6.466577682670317     0.000000000000000
     6.466580745356088   -19.099949843440704     0.000000000000000
    -0.000000000000000     0.000000000000001    -4.828565844896779
24 54
    -0.116988950180932    -0.836595608264090    -0.000000000000000
    -0.267672571479229     1.223969677499563    -0.000000000000000
     0.000000000000000    -0.000000000000000     0.275184982234260
24 55
    -0.116988950180932     0.836595608264090     0.000000000000000
     0.267672571479229     1.223969677499563    -0.000000000000000
    -0.000000000000000    -0.000000000000000     0.275184982234260
24 56
   -11.632987343547784    -6.466577682670318    -0.000000000000000
    -6.466580745356088   -19.099949843440704     0.000000000000000
     0.000000000000001     0.000000000000001    -4.828565844896780
24 57
     1.254429949629959    -0.000000000000000    -0.000000000000000
    -0.000000000000000    -1.863310105615872     0.000000000000000
    -0.000000000000000     0.000000000000000    -0.210802570416274
24 58
     0.410567814117106    -0.572257412456686    -0.000000000000000
    -1.141181116499301     0.696412913201525    -0.000000000000000
     0.000000000000000    -0.000000000000000     0.275184982234260
24 59
     0.690474661237987     0.000000000000000    -0.000000000000000
    -0.000000000000000     0.690474661237987     0.000000000000000
    -0.000000000000000    -0.000000000000000    -0.058303007933635
24 60
     0.410567814117106     0.572257412456686     0.000000000000000
     1.141181116499301     0.696412913201525    -0.000000000000000
    -0.000000000000000    -0.000000000000000     0.275184982234260
24 61
     0.384582767873914     0.354800851113096     0.000000000000000
     0.354801019153066    -0.025106062941704    -0.000000000000000
    -0.000000000000000    -0.000000000000000     0.004684487930264
24 62
     0.384582767873914    -0.354800851113096    -0.000000000000000
    -0.354801019153066    -0.025106062941704    -0.000000000000000
     0.000000000000000     0.000000000000000     0.004684487930264
24 63
     1.366892227041772    -0.589046549531506    -0.000000000000000
    -0.020123395503025    -0.259911499723141    -0.000000000000000
    -0.000000000000000     0.000000000000000     0.275184982234260
24 64
     1.366892227041772     0.589046549531507    -0.000000000000000
     0.020123395503025    -0.259911499723141    -0.000000000000000
    -0.000000000000000    -0.000000000000000     0.275184982234260
25 1
    -0.285560838149442    -0.144425165316407     0.000000000000000
    -0.144650354319761    -0.064788755007388    -0.000000000000000
     0.000000000000000     0.000000000000000     0.011003178035021
25 2
    -0.060826934894593    -0.130883744707255     0.000000000000000
    -0.130883806696115     0.090304631373247    -0.000000000000000
     0.000000000000000    -0.000000000000000     0.000225174468947
25 3
    -0.060826934894593     0.130883744707255     0.000000000000000
     0.130883806696115     0.090304631373247    -0.000000000000000
    -0.000000000000000    -0.000000000000000     0.000225174468947
25 4
    -0.285560838149442     0.144425165316407    -0.000000000000000
     0.144650354319761    -0.064788755007388    -0.000000000000000
    -0.000000000000000    -0.000000000000000     0.011003178035021
25 5
     0.423398439002013     0.000000000000000     0.000000000000000
    -0.000000000000000     0.241718987128684     0.000000000000000
    -0.000000000000000    -0.000000000000000    -0.349822342482687
25 6
     0.368955070731810    -0.341532767173383     0.000000000000000
    -0.341532928929353    -0.025413092787293     0.000000000000000
     0.000000000000000     0.000000000000000    -0.053998310183965
25 7
     0.165870414507167     0.000000000000000     0.000000000000000
    -0.000000000000000    -0.136392718028514    -0.000000000000000
    -0.000000000000000     0.000000000000000     0.000225174468947
25 8
     0.368955070731810     0.341532767173383     0.000000000000000
     0.341532928929353    -0.025413092787293     0.000000000000000
    -0.000000000000000    -0.000000000000000    -0.053998310183965
25 9
     0.287138850097016     0.078669491704337    -0.000000000000000
     0.078669528963602     0.377978576033681     0.000000000000000
    -0.000000000000000    -0.000000000000000    -0.349822342482687
25 10
     0.287138850097016    -0.078669491704337    -0.000000000000000
    -0.078669528963602     0.377978576033681     0.000000000000000
    -0.000000000000000    -0.000000000000000    -0.349822342482687
25 11
     0.005191595992565     0.023215670556463     0.000000000000000
     0.023440802152853    -0.355541189149395    -0.000000000000000
    -0.000000000000000     0.000000000000000     0.011003178035021
25 12
     0.005191595992565    -0.023215670556463    -0.000000000000000
    -0.023440802152853    -0.355541189149395    -0.000000000000000
     0.000000000000000     0.000000000000000     0.011003178035021
25 13
    -0.245155147578368    -0.167978516614494    -0.000000000000000
    -0.167753475571059    -0.105194445578462    -0.000000000000000
     0.000000000000000     0.000000000000000     0.011003178035021
25 14
    -0.222597174546844     0.000000000000000    -0.000000000000000
     0.000000000000000     0.566139152491362     0.000000000000000
     0.000000000000000    -0.000000000000000    -0.053998310183965
25 15
    -0.245155147578368     0.167978516614494    -0.000000000000000
     0.167753475571059    -0.105194445578462    -0.000000000000000
    -0.000000000000000     0.000000000000000     0.011003178035021
25 16
    -0.299311536893139    -0.000000000000000     0.000000000000000
    -0.000000000000000    -0.299311536893139     0.000000000000000
     0.000000000000000     0.000000000000000    -0.001995278945543
25 17
    -0.602499820013706    -0.703835006538669    -0.000000000000000
    -0.703835339887399     0.210219033425615    -0.000000000000000
     0.000000000000000     0.000000000000000     0.101491716499343
25 18
    -0.893020332990324    -0.000000000000000    -0.000000000000000
     0.000000000000000    -0.203535365013615     0.000000000000000
     0.000000000000000     0.000000000000000    -0.022201466372834
25 19
    -0.602499820013707     0.703835006538669     0.000000000000000
     0.703835339887399     0.210219033425615    -0.000000000000000
    -0.000000000000000    -0.000000000000000     0.101491716499343
25 20
    -0.893212476216238    -0.000000000000000     0.000000000000000
    -0.000000000000000    -0.203436128702414     0.000000000000000
     0.000000000000000     0.000000000000000    -0.022205761253713
25 21
    -2.831263047662445    -4.117554255891520    -0.000000000000000
    -2.369368480870423     0.913820363943553     0.000000000000000
     0.000000000000000     0.000000000000000     0.004931443580811
25 22
    -0.375906607007792    -0.298555678197044     0.000000000000000
    -0.298555819598303    -0.720649090996147     0.000000000000000
     0.000000000000000     0.000000000000000    -0.022201466372834
25 23
    -0.375906607007792     0.298555678197044     0.000000000000000
     0.298555819598303    -0.720649090996147     0.000000000000000
    -0.000000000000000     0.000000000000000    -0.022201466372834
25 24
    -2.831263047662445     4.117554255891520    -0.000000000000000
     2.369368480870424     0.913820363943552    -0.000000000000000
    -0.000000000000000    -0.000000000000000     0.004931443580811
25 25
    52.115155903824352     0.000000000000001     0.000000000000000
    -0.000000000000001    52.115155903824380    -0.000000000000001
    -0.000000000000001    -0.000000000000004    13.528368586741376
25 26
     2.786469631514591     0.874031347796703     0.000000000000000
    -0.874155963414315    -4.703912315233486     0.000000000000000
    -0.000000000000000     0.000000000000000     0.004931443580811
25 27
     0.616578460145275     0.000000000000000    -0.000000000000000
    -0.000000000000000    -1.008859246733368    -0.000000000000000
    -0.000000000000000     0.000000000000000     0.101491716499343
25 28
     2.786469631514591    -0.874031347796702    -0.000000000000000
     0.874155963414314    -4.703912315233487    -0.000000000000000
    -0.000000000000000     0.000000000000000     0.004931443580811
25 29
    -2.831370609430486    -2.369305257895033     0.000000000000000
    -4.117494105207735     0.913927925711594    -0.000000000000000
     0.000000000000000    -0.000000000000000     0.004931443580811
25 30
    -2.831370609430486     2.369305257895033    -0.000000000000000
     4.117494105207735     0.913927925711593    -0.000000000000000
    -0.000000000000000    -0.000000000000000     0.004931443580811
25 31
    -0.375880215580870     0.298681849207808    -0.000000000000000
     0.298681990668824    -0.720768389337783     0.000000000000000
    -0.000000000000000     0.000000000000000    -0.022205761253713
25 32
    -0.375880215580870    -0.298681849207808     0.000000000000000
    -0.298681990668824    -0.720768389337783     0.000000000000000
     0.000000000000000     0.000000000000000    -0.022205761253713
25 33
     0.182322924692932     0.162855741066934    -0.000000000000000
     0.162855818198298    -0.005726731727017    -0.000000000000000
    -0.000000000000000    -0.000000000000000     0.001132007888846
25 34
     0.175880950761524    -0.000000000000000     0.000000000000000
    -0.000000000000000    -0.080918172781197    -0.000000000000000
    -0.000000000000000     0.000000000000000     0.004511465586277
25 35
     0.182322924692932    -0.162855741066934    -0.000000000000000
    -0.162855818198298    -0.005726731727017    -0.000000000000000
     0.000000000000000     0.000000000000000     0.001132007888846
25 36
     0.228742585166786     0.000000000000000     0.000000000000000
    -0.000000000000000     0.041683239050426     0.000000000000000
    -0.000000000000000    -0.000000000000000    -0.001741880973676
25 37
    -0.035241362067080     0.237015280169441     0.000000000000000
     0.124365361295603    -0.133530798158030    -0.000000000000000
    -0.000000000000000     0.000000000000000     0.036036811570408
25 38
    -0.016718391895517     0.111197255996295    -0.000000000000000
     0.111197308661286     0.111681169875844    -0.000000000000000
    -0.000000000000000    -0.000000000000000     0.004511465586277
25 39
    -0.016718391895517    -0.111197255996295    -0.000000000000000
    -0.111197308661286     0.111681169875844    -0.000000000000000
     0.000000000000000    -0.000000000000000     0.004511465586277
25 40
    -0.035241362067080    -0.237015280169441     0.000000000000000
    -0.124365361295603    -0.133530798158030    -0.000000000000000
     0.000000000000000     0.000000000000000     0.036036811570408
25 41
    -0.536010959954983     0.000000000000000     0.000000000000000
     0.000000000000000    -0.536010959954983    -0.000000000000000
     0.000000000000000     0.000000000000000     0.700876702223261
25 42
    -0.265440858658879    -0.008540407457354     0.000000000000000
     0.104109619626232     0.096668698433769    -0.000000000000000
    -0.000000000000000    -0.000000000000000     0.036036811570408
25 43
    -0.099751559936991    -0.000000000000000     0.000000000000000
     0.000000000000000     0.276347752902907    -0.000000000000000
     0.000000000000000    -0.000000000000000     0.001132007888846
25 44
    -0.265440858658879     0.008540407457354     0.000000000000000
    -0.104109619626232     0.096668698433769    -0.000000000000000
     0.000000000000000    -0.000000000000000     0.036036811570408
25 45
     0.047523980388294     0.076580720963621     0.000000000000000
     0.189230788362082    -0.216296140613404    -0.000000000000000
    -0.000000000000000     0.000000000000000     0.036036811570408
25 46
     0.047523980388294    -0.076580720963621    -0.000000000000000
    -0.189230788362082    -0.216296140613404    -0.000000000000000
     0.000000000000000     0.000000000000000     0.036036811570408
25 47
     0.088448075579516    -0.080999053694746     0.000000000000000
    -0.080999092057333     0.181977748637696     0.000000000000000
     0.000000000000000    -0.000000000000000    -0.001741880973676
25 48
     0.088448075579516     0.080999053694746     0.000000000000000
     0.080999092057333     0.181977748637696     0.000000000000000
    -0.000000000000000    -0.000000000000000    -0.001741880973676
25 49
     1.366892227041772     0.589046549531507    -0.000000000000000
     0.020123395503025    -0.259911499723141    -0.000000000000000
    -0.000000000000000    -0.000000000000000     0.275184982234260
25 50
     0.384582767873914     0.354800851113096     0.000000000000000
     0.354801019153066    -0.025106062941704    -0.000000000000000
    -0.000000000000000    -0.000000000000000     0.004684487930264
25 51
     0.384582767873914    -0.354800851113096    -0.000000000000000
    -0.354801019153066    -0.025106062941704    -0.000000000000000
     0.000000000000000     0.000000000000000     0.004684487930264
25 52
     1.366892227041772    -0.589046549531506    -0.000000000000000
    -0.020123395503025    -0.259911499723141    -0.000000000000000
    -0.000000000000000     0.000000000000000     0.275184982234260
25 53
   -22.833431093387151    -0.000000000000000     0.000000000000000
     0.000000000000001    -7.899506093601333     0.000000000000000
     0.000000000000001     0.000000000000001    -4.828565844896779
25 54
    -1.083875091804413     1.350020725422764    -0.000000000000000
     1.350021364816500     0.474994935818502     0.000000000000000
    -0.000000000000000    -0.000000000000000    -0.210802570416274
25 55
    -0.229950478349514     0.000000000000000    -0.000000000000000
     0.000000000000000     0.589427183281724    -0.000000000000000
     0.000000000000000    -0.000000000000000     0.004684487930264
25 56
    -1.083875091804413    -1.350020725422764     0.000000000000000
    -1.350021364816500     0.474994935818502     0.000000000000000
     0.000000000000000    -0.000000000000000    -0.210802570416274
25 57
   -11.632987343547784    -6.466577682670318    -0.000000000000000
    -6.466580745356088   -19.099949843440704     0.000000000000000
     0.000000000000001     0.000000000000001    -4.828565844896780
25 58
   -11.632987343547780     6.466577682670317     0.000000000000000
     6.466580745356088   -19.099949843440704     0.000000000000000
    -0.000000000000000     0.000000000000001    -4.828565844896779
25 59
    -0.116988950180932    -0.836595608264090    -0.000000000000000
    -0.267672571479229     1.223969677499563    -0.000000000000000
     0.000000000000000    -0.000000000000000     0.275184982234260
25 60
    -0.116988950180932     0.836595608264090     0.000000000000000
     0.267672571479229     1.223969677499563    -0.000000000000000
    -0.000000000000000    -0.000000000000000     0.275184982234260
25 61
     0.410567814117106     0.572257412456686     0.000000000000000
     1.141181116499301     0.696412913201525    -0.000000000000000
    -0.000000000000000    -0.000000000000000     0.275184982234260
25 62
     1.254429949629959    -0.000000000000000    -0.000000000000000
    -0.000000000000000    -1.863310105615872     0.000000000000000
    -0.000000000000000     0.000000000000000    -0.210802570416274
25 63
     0.410567814117106    -0.572257412456686    -0.000000000000000
    -1.141181116499301     0.696412913201525    -0.000000000000000
     0.000000000000000    -0.000000000000000     0.275184982234260
25 64
     0.690474661237987     0.000000000000000    -0.000000000000000
    -0.000000000000000     0.690474661237987     0.000000000000000
    -0.000000000000000    -0.000000000000000    -0.058303007933635
26 1
    -0.285560766333551     0.144425275181658    -0.000000000000000
     0.144650316225093    -0.064788807686462    -0.000000000000000
     0.000000000000000    -0.000000000000000     0.011003178035021
26 2
    -0.285560707095421    -0.144425158054631    -0.000000000000000
    -0.144650289651021    -0.064788748355967    -0.000000000000000
     0.000000000000000     0.000000000000000     0.011003178035021
26 3
    -0.060826886446111    -0.130883778724364    -0.000000000000000
    -0.130883778724364     0.090304690292622    -0.000000000000000
     0.000000000000000     0.000000000000000     0.000225174468947
26 4
    -0.060826940130026     0.130883803673436    -0.000000000000000
     0.130883741684576     0.090304636608682    -0.000000000000000
     0.000000000000000    -0.000000000000000     0.000225174468947
26 5
     0.368954869631755     0.341532812824155     0.000000000000000
     0.341532812824155    -0.025413171856767     0.000000000000000
    -0.000000000000000    -0.000000000000000    -0.053998310183965
26 6
     0.423398288605332    -0.000000086831585     0.000000000000000
    -0.000000049572319     0.241719072990480     0.000000000000000
    -0.000000000000000    -0.000000000000000    -0.349822342482687
26 7
     0.368955009716501    -0.341532964156567     0.000000000000000
    -0.341532802400597    -0.025413031771955     0.000000000000000
    -0.000000000000000     0.000000000000000    -0.053998310183965
26 8
     0.165870355587820    -0.000000034017109    -0.000000000000000
     0.000000027971751    -0.136392766477020    -0.000000000000000
    -0.000000000000000     0.000000000000000     0.000225174468947
26 9
     0.005191598909568    -0.023215679867683    -0.000000000000000
    -0.023440720911118    -0.355541310635053    -0.000000000000000
     0.000000000000000     0.000000000000000     0.011003178035021
26 10
     0.287138731967798     0.078669460761650     0.000000000000000
     0.078669423502385     0.377978694162955     0.000000000000000
    -0.000000000000000    -0.000000000000000    -0.349822342482687
26 11
     0.287138764235260    -0.078669578535922     0.000000000000000
    -0.078669578535922     0.377978726430432     0.000000000000000
    -0.000000000000000    -0.000000000000000    -0.349822342482687
26 12
     0.005191589387316     0.023215677738273    -0.000000000000000
     0.023440866741627    -0.355541320249647    -0.000000000000000
    -0.000000000000000     0.000000000000000     0.011003178035021
26 13
    -0.299311430573754     0.000000061383540     0.000000000000000
     0.000000061383540    -0.299311643212575     0.000000000000000
     0.000000000000000     0.000000000000000    -0.001995278945543
26 14
    -0.245155026046599    -0.167978526005680    -0.000000000000000
    -0.167753394409290    -0.105194448541635    -0.000000000000000
     0.000000000000000     0.000000000000000     0.011003178035021
26 15
    -0.222597095477408     0.000000045650772     0.000000000000000
    -0.000000116105198     0.566139353591512     0.000000000000000
     0.000000000000000     0.000000000000000    -0.053998310183965
26 16
    -0.245155094945487     0.167978626559711    -0.000000000000000
     0.167753437556356    -0.105194517348219    -0.000000000000000
     0.000000000000000    -0.000000000000000     0.011003178035021
26 17
    -0.893212158935448     0.000000183182194     0.000000000000000
     0.000000041721177    -0.203436200965630    -0.000000000000000
     0.000000000000000     0.000000000000000    -0.022205761253713
26 18
    -0.602499461653666    -0.703835132988084    -0.000000000000000
    -0.703835132988084     0.210219252442477    -0.000000000000000
     0.000000000000000     0.000000000000000     0.101491716499343
26 19
    -0.893020015777785     0.000000183142788     0.000000000000000
     0.000000041741529    -0.203535437312081     0.000000000000000
     0.000000000000000    -0.000000000000000    -0.022201466372834
26 20
    -0.602499750342065     0.703835380112350    -0.000000000000000
     0.703835046763619     0.210218963753941    -0.000000000000000
     0.000000000000000    -0.000000000000000     0.101491716499343
26 21
    -2.831262886398734     4.117556299143843    -0.000000000000000
     2.369367451831141     0.913820202628822    -0.000000000000000
     0.000000000000000    -0.000000000000000     0.004931443580811
26 22
    -2.831261197522594    -4.117555137859178    -0.000000000000000
    -2.369367826648161     0.913821174460555    -0.000000000000000
     0.000000000000000     0.000000000000000     0.004931443580811
26 23
    -0.375906412252307    -0.298555707156145     0.000000000000000
    -0.298555565754885    -0.720649285751725     0.000000000000000
     0.000000000000000     0.000000000000000    -0.022201466372834
26 24
    -0.375906534709360     0.298555861339832     0.000000000000000
     0.298555861339832    -0.720649408208836     0.000000000000000
     0.000000000000000    -0.000000000000000    -0.022201466372834
26 25
     2.786468820972500    -0.874032229720244    -0.000000000000000
     0.874156617592458    -4.703914165399686     0.000000000000000
    -0.000000000000000     0.000000000000000     0.004931443580811
26 26
    52.115137391837216    -0.000010687903281    -0.000000000000001
    -0.000010687903284    52.115174415820285    -0.000000000000000
    -0.000000000000004    -0.000000000000001    13.528368586741376
26 27
     2.786468462475538     0.874031086808262    -0.000000000000000
    -0.874154688212834    -4.703913806851612    -0.000000000000000
    -0.000000000000000    -0.000000000000000     0.004931443580811
26 28
     0.616578241128517    -0.000000126449415    -0.000000000000000
     0.000000206899315    -1.008859605093578    -0.000000000000000
    -0.000000000000000     0.000000000000000     0.101491716499343
26 29
    -0.375880020808884    -0.298681878217139     0.000000000000000
    -0.298681736756123    -0.720768584109861     0.000000000000000
     0.000000000000000     0.000000000000000    -0.022205761253713
26 30
    -2.831369117787597    -2.369305518839354     0.000000000000000
    -4.117492830050372     0.913929094776671     0.000000000000000
     0.000000000000000     0.000000000000000     0.004931443580811
26 31
    -2.831370089593398     2.369306680168138     0.000000000000000
     4.117492455189235     0.913927405925203     0.000000000000000
     0.000000000000000    -0.000000000000000     0.004931443580811
26 32
    -0.375880143317688     0.298682032390001     0.000000000000000
     0.298682032390001    -0.720768706618723     0.000000000000000
     0.000000000000000    -0.000000000000000    -0.022205761253713
26 33
     0.228742503914419    -0.000000046911087     0.000000000000000
    -0.000000008548500     0.041683253856867     0.000000000000000
    -0.000000000000000    -0.000000000000000    -0.001741880973676
26 34
     0.182322826530585     0.162855761524227    -0.000000000000000
     0.162855761524227    -0.005726767160096    -0.000000000000000
    -0.000000000000000    -0.000000000000000     0.001132007888846
26 35
     0.175880888286303    -0.000000036070094    -0.000000000000000
     0.000000016594896    -0.080918201524408    -0.000000000000000
    -0.000000000000000    -0.000000000000000     0.004511465586277
26 36
     0.182322893328290    -0.162855836306687    -0.000000000000000
    -0.162855759175323    -0.005726700362360    -0.000000000000000
    -0.000000000000000     0.000000000000000     0.001132007888846
26 37
    -0.035241300941214    -0.237015357133034    -0.000000000000000
    -0.124365289734573    -0.133530820084792    -0.000000000000000
     0.000000000000000     0.000000000000000     0.036036811570408
26 38
    -0.035241398156558     0.237015371587802    -0.000000000000000
     0.124365344504216    -0.133530871095096    -0.000000000000000
     0.000000000000000    -0.000000000000000     0.036036811570408
26 39
    -0.016718408761529     0.111197298923687    -0.000000000000000
     0.111197246258696     0.111681186741864    -0.000000000000000
     0.000000000000000    -0.000000000000000     0.004511465586277
26 40
    -0.016718363152320    -0.111197292066390    -0.000000000000000
    -0.111197292066390     0.111681232351095    -0.000000000000000
     0.000000000000000     0.000000000000000     0.004511465586277
26 41
    -0.265440766122291     0.008540464928279    -0.000000000000000
    -0.104109602470182     0.096668754122830    -0.000000000000000
     0.000000000000000    -0.000000000000000     0.036036811570408
26 42
    -0.536010769556857     0.000000109926435    -0.000000000000000
     0.000000109926435    -0.536011150353199    -0.000000000000000
     0.000000000000000     0.000000000000000     0.700876702223261
26 43
    -0.265440762619316    -0.008540356053761    -0.000000000000000
     0.104109562820077     0.096668711420720    -0.000000000000000
     0.000000000000000     0.000000000000000     0.036036811570408
26 44
    -0.099751524503929     0.000000020457293    -0.000000000000000
    -0.000000056674071     0.276347851065301    -0.000000000000000
     0.000000000000000    -0.000000000000000     0.001132007888846
26 45
     0.088448027550116     0.080999064327539     0.000000000000000
     0.080999025964952     0.181977796667120     0.000000000000000
    -0.000000000000000    -0.000000000000000    -0.001741880973676
26 46
     0.047523947801791     0.076580738419777    -0.000000000000000
     0.189230765503363    -0.216296256252579    -0.000000000000000
    -0.000000000000000     0.000000000000000     0.036036811570408
26 47
     0.047523979212513    -0.076580757912445    -0.000000000000000
    -0.189230676786283    -0.216296178636756    -0.000000000000000
     0.000000000000000     0.000000000000000     0.036036811570408
26 48
     0.088448060773083    -0.080999100605833     0.000000000000000
    -0.080999100605833     0.181977829890102     0.000000000000000
    -0.000000000000000     0.000000000000000    -0.001741880973676
26 49
     1.366891862306822    -0.589047039094261    -0.000000000000000
    -0.020123335051647    -0.259911587920205    -0.000000000000000
    -0.000000000000000     0.000000000000000     0.275184982234260
26 50
     1.366891620700616     0.589046478443076    -0.000000000000000
     0.020123441658216    -0.259911596174115    -0.000000000000000
    -0.000000000000000    -0.000000000000000     0.275184982234260
26 51
     0.384582558501645     0.354800898271901    -0.000000000000000
     0.354800898271901    -0.025106144623170    -0.000000000000000
    -0.000000000000000    -0.000000000000000     0.004684487930264
26 52
     0.384582704028493    -0.354801056014245    -0.000000000000000
    -0.354800887974276    -0.025105999096253    -0.000000000000000
    -0.000000000000000     0.000000000000000     0.004684487930264
26 53
    -1.083874429932217    -1.350020982684318     0.000000000000000
    -1.350020982684319     0.474995381408690     0.000000000000000
     0.000000000000000     0.000000000000000    -0.210802570416274
26 54
   -22.833422982652849     0.000004682735744     0.000000000000000
     0.000001620049973    -7.899508899610870     0.000000000000000
     0.000000000000002     0.000000000000000    -4.828565844896780
26 55
    -1.083874983663303     1.350021427251814     0.000000000000000
     1.350020787858078     0.474994827677341     0.000000000000000
     0.000000000000000    -0.000000000000000    -0.210802570416274
26 56
    -0.229950396668087     0.000000047158805    -0.000000000000000
    -0.000000120881165     0.589427392654092    -0.000000000000000
     0.000000000000000    -0.000000000000000     0.004684487930264
26 57
    -0.116989080195989     0.836595929426347    -0.000000000000000
     0.267672225383733     1.223970057374914    -0.000000000000000
     0.000000000000000    -0.000000000000000     0.275184982234260
26 58
   -11.632981885176529    -6.466577593963233     0.000000000000000
    -6.466574531277461   -19.099955301814543     0.000000000000000
     0.000000000000001     0.000000000000001    -4.828565844896779
26 59
   -11.632984537539578     6.466582365406061     0.000000000000000
     6.466582365406061   -19.099957954178848     0.000000000000000
     0.000000000000001    -0.000000000000000    -4.828565844896779
26 60
    -0.116988737053854    -0.836595881441588    -0.000000000000000
    -0.267672727413107     1.223970167164801    -0.000000000000000
     0.000000000000000     0.000000000000000     0.275184982234260
26 61
     0.690474415972328    -0.000000141604228     0.000000000000000
    -0.000000141604228     0.690474906503762     0.000000000000000
    -0.000000000000000    -0.000000000000000    -0.058303007933635
26 62
     0.410567550918086     0.572257531529875    -0.000000000000000
     1.141180568314736     0.696412926540439    -0.000000000000000
    -0.000000000000000    -0.000000000000000     0.275184982234260
26 63
     1.254429504039983    -0.000000257261555     0.000000000000000
     0.000000382132182    -1.863310767488381     0.000000000000000
    -0.000000000000000     0.000000000000000    -0.210802570416274
26 64
     0.410567785637977    -0.572257699930373    -0.000000000000000
    -1.141180853958854     0.696413394612853    -0.000000000000000
    -0.000000000000000     0.000000000000000     0.275184982234260
27 1
    -0.060826940130026     0.130883803673436    -0.000000000000000
     0.130883741684576     0.090304636608682    -0.000000000000000
     0.000000000000000    -0.000000000000000     0.000225174468947
27 2
    -0.285560766333551     0.144425275181658    -0.000000000000000
     0.144650316225093    -0.064788807686462    -0.000000000000000
     0.000000000000000    -0.000000000000000     0.011003178035021
27 3
    -0.285560707095421    -0.144425158054631    -0.000000000000000
    -0.144650289651021    -0.064788748355967    -0.000000000000000
     0.000000000000000     0.000000000000000     0.011003178035021
27 4
    -0.060826886446111    -0.130883778724364    -0.000000000000000
    -0.130883778724364     0.090304690292622    -0.000000000000000
     0.000000000000000     0.000000000000000     0.000225174468947
27 5
     0.165870355587820    -0.000000034017109    -0.000000000000000
     0.000000027971751    -0.136392766477020    -0.000000000000000
    -0.000000000000000     0.000000000000000     0.000225174468947
27 6
     0.368954869631755     0.341532812824155     0.000000000000000
     0.341532812824155    -0.025413171856767     0.000000000000000
    -0.000000000000000    -0.000000000000000    -0.053998310183965
27 7
     0.423398288605332    -0.000000086831585     0.000000000000000
    -0.000000049572319     0.241719072990480     0.000000000000000
    -0.000000000000000    -0.000000000000000    -0.349822342482687
27 8
     0.368955009716501    -0.341532964156567     0.000000000000000
    -0.341532802400597    -0.025413031771955     0.000000000000000
    -0.000000000000000     0.000000000000000    -0.053998310183965
27 9
     0.005191589387316     0.023215677738273    -0.000000000000000
     0.023440866741627    -0.355541320249647    -0.000000000000000
    -0.000000000000000     0.000000000000000     0.011003178035021
27 10
     0.005191598909568    -0.023215679867683    -0.000000000000000
    -0.023440720911118    -0.355541310635053    -0.000000000000000
     0.000000000000000     0.000000000000000     0.011003178035021
27 11
     0.287138731967798     0.078669460761650     0.000000000000000
     0.078669423502385     0.377978694162955     0.000000000000000
    -0.000000000000000    -0.000000000000000    -0.349822342482687
27 12
     0.287138764235260    -0.078669578535922     0.000000000000000
    -0.078669578535922     0.377978726430432     0.000000000000000
    -0.000000000000000    -0.000000000000000    -0.349822342482687
27 13
    -0.245155094945487     0.167978626559711    -0.000000000000000
     0.167753437556356    -0.105194517348219    -0.000000000000000
     0.000000000000000    -0.000000000000000     0.011003178035021
27 14
    -0.299311430573754     0.000000061383540     0.000000000000000
     0.000000061383540    -0.299311643212575     0.000000000000000
     0.000000000000000     0.000000000000000    -0.001995278945543
27 15
    -0.245155026046599    -0.167978526005680    -0.000000000000000
    -0.167753394409290    -0.105194448541635    -0.000000000000000
     0.000000000000000     0.000000000000000     0.011003178035021
27 16
    -0.222597095477408     0.000000045650772     0.000000000000000
    -0.000000116105198     0.566139353591512     0.000000000000000
     0.000000000000000     0.000000000000000    -0.053998310183965
27 17
    -0.602499750342065     0.703835380112350    -0.000000000000000
     0.703835046763619     0.210218963753941    -0.000000000000000
     0.000000000000000    -0.000000000000000     0.101491716499343
27 18
    -0.893212158935448     0.000000183182194     0.000000000000000
     0.000000041721177    -0.203436200965630    -0.000000000000000
     0.000000000000000     0.000000000000000    -0.022205761253713
27 19
    -0.602499461653666    -0.703835132988084    -0.000000000000000
    -0.703835132988084     0.210219252442477    -0.000000000000000
     0.000000000000000     0.000000000000000     0.101491716499343
27 20
    -0.893020015777785     0.000000183142788     0.000000000000000
     0.000000041741529    -0.203535437312081     0.000000000000000
     0.000000000000000    -0.000000000000000    -0.022201466372834
27 21
    -0.375906534709360     0.298555861339832     0.000000000000000
     0.298555861339832    -0.720649408208836     0.000000000000000
     0.000000000000000    -0.000000000000000    -0.022201466372834
27 22
    -2.831262886398734     4.117556299143843    -0.000000000000000
     2.369367451831141     0.913820202628822    -0.000000000000000
     0.000000000000000    -0.000000000000000     0.004931443580811
27 23
    -2.831261197522594    -4.117555137859178    -0.000000000000000
    -2.369367826648161     0.913821174460555    -0.000000000000000
     0.000000000000000     0.000000000000000     0.004931443580811
27 24
    -0.375906412252307    -0.298555707156145     0.000000000000000
    -0.298555565754885    -0.720649285751725     0.000000000000000
     0.000000000000000     0.000000000000000    -0.022201466372834
27 25
     0.616578241128517    -0.000000126449415    -0.000000000000000
     0.000000206899315    -1.008859605093578    -0.000000000000000
    -0.000000000000000     0.000000000000000     0.101491716499343
27 26
     2.786468820972500    -0.874032229720244    -0.000000000000000
     0.874156617592458    -4.703914165399686     0.000000000000000
    -0.000000000000000     0.000000000000000     0.004931443580811
27 27
    52.115137391837216    -0.000010687903281    -0.000000000000001
    -0.000010687903284    52.115174415820285    -0.000000000000000
    -0.000000000000004    -0.000000000000001    13.528368586741376
27 28
     2.786468462475538     0.874031086808262    -0.000000000000000
    -0.874154688212834    -4.703913806851612    -0.000000000000000
    -0.000000000000000    -0.000000000000000     0.004931443580811
27 29
    -0.375880143317688     0.298682032390001     0.000000000000000
     0.298682032390001    -0.720768706618723     0.000000000000000
     0.000000000000000    -0.000000000000000    -0.022205761253713
27 30
    -0.375880020808884    -0.298681878217139     0.000000000000000
    -0.298681736756123    -0.720768584109861     0.000000000000000
     0.000000000000000     0.000000000000000    -0.022205761253713
27 31
    -2.831369117787597    -2.369305518839354     0.000000000000000
    -4.117492830050372     0.913929094776671     0.000000000000000
     0.000000000000000     0.000000000000000     0.004931443580811
27 32
    -2.831370089593398     2.369306680168138     0.000000000000000
     4.117492455189235     0.913927405925203     0.000000000000000
     0.000000000000000    -0.000000000000000     0.004931443580811
27 33
     0.182322893328290    -0.162855836306687    -0.000000000000000
    -0.162855759175323    -0.005726700362360    -0.000000000000000
    -0.000000000000000     0.000000000000000     0.001132007888846
27 34
     0.228742503914419    -0.000000046911087     0.000000000000000
    -0.000000008548500     0.041683253856867     0.000000000000000
    -0.000000000000000    -0.000000000000000    -0.001741880973676
27 35
     0.182322826530585     0.162855761524227    -0.000000000000000
     0.162855761524227    -0.005726767160096    -0.000000000000000
    -0.000000000000000    -0.000000000000000     0.001132007888846
27 36
     0.175880888286303    -0.000000036070094    -0.000000000000000
     0.000000016594896    -0.080918201524408    -0.000000000000000
    -0.000000000000000    -0.000000000000000     0.004511465586277
27 37
    -0.016718363152320    -0.111197292066390    -0.000000000000000
    -0.111197292066390     0.111681232351095    -0.000000000000000
     0.000000000000000     0.000000000000000     0.004511465586277
27 38
    -0.035241300941214    -0.237015357133034    -0.000000000000000
    -0.124365289734573    -0.133530820084792    -0.000000000000000
     0.000000000000000     0.000000000000000     0.036036811570408
27 39
    -0.035241398156558     0.237015371587802    -0.000000000000000
     0.124365344504216    -0.133530871095096    -0.000000000000000
     0.000000000000000    -0.000000000000000     0.036036811570408
27 40
    -0.016718408761529     0.111197298923687    -0.000000000000000
     0.111197246258696     0.111681186741864    -0.000000000000000
     0.000000000000000    -0.000000000000000     0.004511465586277
27 41
    -0.099751524503929     0.000000020457293    -0.000000000000000
    -0.000000056674071     0.276347851065301    -0.000000000000000
     0.000000000000000    -0.000000000000000     0.001132007888846
27 42
    -0.265440766122291     0.008540464928279    -0.000000000000000
    -0.104109602470182     0.096668754122830    -0.000000000000000
     0.000000000000000    -0.000000000000000     0.036036811570408
27 43
    -0.536010769556857     0.000000109926435    -0.000000000000000
     0.000000109926435    -0.536011150353199    -0.000000000000000
     0.000000000000000     0.000000000000000     0.700876702223261
27 44
    -0.265440762619316    -0.008540356053761    -0.000000000000000
     0.104109562820077     0.096668711420720    -0.000000000000000
     0.000000000000000     0.000000000000000     0.036036811570408
27 45
     0.088448060773083    -0.080999100605833     0.000000000000000
    -0.080999100605833     0.181977829890102     0.000000000000000
    -0.000000000000000     0.000000000000000    -0.001741880973676
27 46
     0.088448027550116     0.080999064327539     0.000000000000000
     0.080999025964952     0.181977796667120     0.000000000000000
    -0.000000000000000    -0.000000000000000    -0.001741880973676
27 47
     0.047523947801791     0.076580738419777    -0.000000000000000
     0.189230765503363    -0.216296256252579    -0.000000000000000
    -0.000000000000000     0.000000000000000     0.036036811570408
27 48
     0.047523979212513    -0.076580757912445    -0.000000000000000
    -0.189230676786283    -0.216296178636756    -0.000000000000000
     0.000000000000000     0.000000000000000     0.036036811570408
27 49
     0.384582704028493    -0.354801056014245    -0.000000000000000
    -0.354800887974276    -0.025105999096253    -0.000000000000000
    -0.000000000000000     0.000000000000000     0.004684487930264
27 50
     1.366891862306822    -0.589047039094261    -0.000000000000000
    -0.020123335051647    -0.259911587920205    -0.000000000000000
    -0.000000000000000     0.000000000000000     0.275184982234260
27 51
     1.366891620700616     0.589046478443076    -0.000000000000000
     0.020123441658216    -0.259911596174115    -0.000000000000000
    -0.000000000000000    -0.000000000000000     0.275184982234260
27 52
     0.384582558501645     0.354800898271901    -0.000000000000000
     0.354800898271901    -0.025106144623170    -0.000000000000000
    -0.000000000000000    -0.000000000000000     0.004684487930264
27 53
    -0.229950396668087     0.000000047158805    -0.000000000000000
    -0.000000120881165     0.589427392654092    -0.000000000000000
     0.000000000000000    -0.000000000000000     0.004684487930264
27 54
    -1.083874429932217    -1.350020982684318     0.000000000000000
    -1.350020982684319     0.474995381408690     0.000000000000000
     0.000000000000000     0.000000000000000    -0.210802570416274
27 55
   -22.833422982652849     0.000004682735744     0.000000000000000
     0.000001620049973    -7.899508899610870     0.000000000000000
     0.000000000000002     0.000000000000000    -4.828565844896780
27 56
    -1.083874983663303     1.350021427251814     0.000000000000000
     1.350020787858078     0.474994827677341     0.000000000000000
     0.000000000000000    -0.000000000000000    -0.210802570416274
27 57
    -0.116988737053854    -0.836595881441588    -0.000000000000000
    -0.267672727413107     1.223970167164801    -0.000000000000000
     0.000000000000000     0.000000000000000     0.275184982234260
27 58
    -0.116989080195989     0.836595929426347    -0.000000000000000
     0.267672225383733     1.223970057374914    -0.000000000000000
     0.000000000000000    -0.000000000000000     0.275184982234260
27 59
   -11.632981885176529    -6.466577593963233     0.000000000000000
    -6.466574531277461   -19.099955301814543     0.000000000000000
     0.000000000000001     0.000000000000001    -4.828565844896779
27 60
   -11.632984537539578     6.466582365406061     0.000000000000000
     6.466582365406061   -19.099957954178848     0.000000000000000
     0.000000000000001    -0.000000000000000    -4.828565844896779
27 61
     0.410567785637977    -0.572257699930373    -0.000000000000000
    -1.141180853958854     0.696413394612853    -0.000000000000000
    -0.000000000000000     0.000000000000000     0.275184982234260
27 62
     0.690474415972328    -0.000000141604228     0.000000000000000
    -0.000000141604228     0.690474906503762     0.000000000000000
    -0.000000000000000    -0.000000000000000    -0.058303007933635
27 63
     0.410567550918086     0.572257531529875    -0.000000000000000
     1.141180568314736     0.696412926540439    -0.000000000000000
    -0.000000000000000    -0.000000000000000     0.275184982234260
27 64
     1.254429504039983    -0.000000257261555     0.000000000000000
     0.000000382132182    -1.863310767488381     0.000000000000000
    -0.000000000000000     0.000000000000000    -0.210802570416274
28 1
    -0.060826940130026    -0.130883803673436    -0.000000000000000
    -0.130883741684576     0.090304636608682     0.000000000000000
     0.000000000000000     0.000000000000000     0.000225174468947
28 2
    -0.060826886446111     0.130883778724364    -0.000000000000000
     0.130883778724364     0.090304690292622     0.000000000000000
     0.000000000000000    -0.000000000000000     0.000225174468947
28 3
    -0.285560707095421     0.144425158054631    -0.000000000000000
     0.144650289651021    -0.064788748355967     0.000000000000000
     0.000000000000000    -0.000000000000000     0.011003178035021
28 4
    -0.285560766333551    -0.144425275181658    -0.000000000000000
    -0.144650316225093    -0.064788807686462     0.000000000000000
     0.000000000000000     0.000000000000000     0.011003178035021
28 5
     0.368954869631755    -0.341532812824155     0.000000000000000
    -0.341532812824155    -0.025413171856767    -0.000000000000000
    -0.000000000000000     0.000000000000000    -0.053998310183965
28 6
     0.165870355587820     0.000000034017109    -0.000000000000000
    -0.000000027971751    -0.136392766477020     0.000000000000000
    -0.000000000000000    -0.000000000000000     0.000225174468947
28 7
     0.368955009716501     0.341532964156567     0.000000000000000
     0.341532802400597    -0.025413031771955    -0.000000000000000
    -0.000000000000000    -0.000000000000000    -0.053998310183965
28 8
     0.423398288605332     0.000000086831585     0.000000000000000
     0.000000049572319     0.241719072990480    -0.000000000000000
    -0.000000000000000     0.000000000000000    -0.349822342482687
28 9
     0.287138731967798    -0.078669460761650     0.000000000000000
    -0.078669423502385     0.377978694162955    -0.000000000000000
    -0.000000000000000     0.000000000000000    -0.349822342482687
28 10
     0.005191598909568     0.023215679867683    -0.000000000000000
     0.023440720911118    -0.355541310635053     0.000000000000000
     0.000000000000000    -0.000000000000000     0.011003178035021
28 11
     0.005191589387316    -0.023215677738273    -0.000000000000000
    -0.023440866741627    -0.355541320249647     0.000000000000000
    -0.000000000000000    -0.000000000000000     0.011003178035021
28 12
     0.287138764235260     0.078669578535922     0.000000000000000
     0.078669578535922     0.377978726430432    -0.000000000000000
    -0.000000000000000     0.000000000000000    -0.349822342482687
28 13
    -0.222597095477408    -0.000000045650772     0.000000000000000
     0.000000116105198     0.566139353591512    -0.000000000000000
     0.000000000000000    -0.000000000000000    -0.053998310183965
28 14
    -0.245155026046599     0.167978526005680    -0.000000000000000
     0.167753394409290    -0.105194448541635     0.000000000000000
     0.000000000000000    -0.000000000000000     0.011003178035021
28 15
    -0.299311430573754    -0.000000061383540     0.000000000000000
    -0.000000061383540    -0.299311643212575    -0.000000000000000
     0.000000000000000    -0.000000000000000    -0.001995278945543
28 16
    -0.245155094945487    -0.167978626559711    -0.000000000000000
    -0.167753437556356    -0.105194517348219     0.000000000000000
     0.000000000000000     0.000000000000000     0.011003178035021
28 17
    -0.893020015777785    -0.000000183142788     0.000000000000000
    -0.000000041741529    -0.203535437312081    -0.000000000000000
     0.000000000000000     0.000000000000000    -0.022201466372834
28 18
    -0.602499461653666     0.703835132988084    -0.000000000000000
     0.703835132988084     0.210219252442477     0.000000000000000
     0.000000000000000    -0.000000000000000     0.101491716499343
28 19
    -0.893212158935448    -0.000000183182194     0.000000000000000
    -0.000000041721177    -0.203436200965630     0.000000000000000
     0.000000000000000    -0.000000000000000    -0.022205761253713
28 20
    -0.602499750342065    -0.703835380112350    -0.000000000000000
    -0.703835046763619     0.210218963753941     0.000000000000000
     0.000000000000000     0.000000000000000     0.101491716499343
28 21
    -0.375906534709360    -0.298555861339832     0.000000000000000
    -0.298555861339832    -0.720649408208836    -0.000000000000000
     0.000000000000000     0.000000000000000    -0.022201466372834
28 22
    -0.375906412252307     0.298555707156144     0.000000000000000
     0.298555565754885    -0.720649285751725    -0.000000000000000
     0.000000000000000    -0.000000000000000    -0.022201466372834
28 23
    -2.831261197522593     4.117555137859178    -0.000000000000000
     2.369367826648161     0.913821174460555     0.000000000000000
     0.000000000000000    -0.000000000000000     0.004931443580811
28 24
    -2.831262886398734    -4.117556299143843    -0.000000000000000
    -2.369367451831141     0.913820202628822     0.000000000000000
     0.000000000000000     0.000000000000000     0.004931443580811
28 25
     2.786468820972500     0.874032229720243    -0.000000000000000
    -0.874156617592459    -4.703914165399686    -0.000000000000000
    -0.000000000000000    -0.000000000000000     0.004931443580811
28 26
     0.616578241128517     0.000000126449415    -0.000000000000000
    -0.000000206899315    -1.008859605093578     0.000000000000000
    -0.000000000000000    -0.000000000000000     0.101491716499343
28 27
     2.786468462475538    -0.874031086808262    -0.000000000000000
     0.874154688212834    -4.703913806851612     0.000000000000000
    -0.000000000000000     0.000000000000000     0.004931443580811
28 28
    52.115137391837209     0.000010687903288    -0.000000000000001
     0.000010687903291    52.115174415820285     0.000000000000000
    -0.000000000000004     0.000000000000001    13.528368586741376
28 29
    -2.831369117787597     2.369305518839354     0.000000000000000
     4.117492830050372     0.913929094776671    -0.000000000000000
     0.000000000000000    -0.000000000000000     0.004931443580811
28 30
    -0.375880020808884     0.298681878217139     0.000000000000000
     0.298681736756122    -0.720768584109861    -0.000000000000000
     0.000000000000000    -0.000000000000000    -0.022205761253713
28 31
    -0.375880143317688    -0.298682032390001     0.000000000000000
    -0.298682032390001    -0.720768706618723    -0.000000000000000
     0.000000000000000     0.000000000000000    -0.022205761253713
28 32
    -2.831370089593398    -2.369306680168138     0.000000000000000
    -4.117492455189234     0.913927405925203    -0.000000000000000
     0.000000000000000     0.000000000000000     0.004931443580811
28 33
     0.175880888286303     0.000000036070094    -0.000000000000000
    -0.000000016594896    -0.080918201524408     0.000000000000000
    -0.000000000000000     0.000000000000000     0.004511465586277
28 34
     0.182322826530585    -0.162855761524227    -0.000000000000000
    -0.162855761524227    -0.005726767160096     0.000000000000000
    -0.000000000000000     0.000000000000000     0.001132007888846
28 35
     0.228742503914419     0.000000046911087     0.000000000000000
     0.000000008548500     0.041683253856867    -0.000000000000000
    -0.000000000000000     0.000000000000000    -0.001741880973676
28 36
     0.182322893328290     0.162855836306687    -0.000000000000000
     0.162855759175323    -0.005726700362360     0.000000000000000
    -0.000000000000000    -0.000000000000000     0.001132007888846
28 37
    -0.016718363152320     0.111197292066390    -0.000000000000000
     0.111197292066390     0.111681232351095     0.000000000000000
     0.000000000000000    -0.000000000000000     0.004511465586277
28 38
    -0.016718408761529    -0.111197298923687    -0.000000000000000
    -0.111197246258696     0.111681186741864     0.000000000000000
     0.000000000000000     0.000000000000000     0.004511465586277
28 39
    -0.035241398156558    -0.237015371587802    -0.000000000000000
    -0.124365344504216    -0.133530871095096     0.000000000000000
     0.000000000000000     0.000000000000000     0.036036811570408
28 40
    -0.035241300941214     0.237015357133034    -0.000000000000000
     0.124365289734573    -0.133530820084792     0.000000000000000
     0.000000000000000    -0.000000000000000     0.036036811570408
28 41
    -0.265440766122291    -0.008540464928279    -0.000000000000000
     0.104109602470182     0.096668754122830     0.000000000000000
     0.000000000000000     0.000000000000000     0.036036811570408
28 42
    -0.099751524503929    -0.000000020457293    -0.000000000000000
     0.000000056674071     0.276347851065301     0.000000000000000
     0.000000000000000     0.000000000000000     0.001132007888846
28 43
    -0.265440762619316     0.008540356053761    -0.000000000000000
    -0.104109562820077     0.096668711420720     0.000000000000000
     0.000000000000000    -0.000000000000000     0.036036811570408
28 44
    -0.536010769556857    -0.000000109926435    -0.000000000000000
    -0.000000109926435    -0.536011150353199     0.000000000000000
     0.000000000000000    -0.000000000000000     0.700876702223261
28 45
     0.047523947801791    -0.076580738419777    -0.000000000000000
    -0.189230765503363    -0.216296256252579     0.000000000000000
    -0.000000000000000    -0.000000000000000     0.036036811570408
28 46
     0.088448027550116    -0.080999064327539     0.000000000000000
    -0.080999025964952     0.181977796667120    -0.000000000000000
    -0.000000000000000     0.000000000000000    -0.001741880973676
28 47
     0.088448060773083     0.080999100605833     0.000000000000000
     0.080999100605833     0.181977829890102    -0.000000000000000
    -0.000000000000000    -0.000000000000000    -0.001741880973676
28 48
     0.047523979212513     0.076580757912445    -0.000000000000000
     0.189230676786283    -0.216296178636756     0.000000000000000
     0.000000000000000    -0.000000000000000     0.036036811570408
28 49
     0.384582704028493     0.354801056014245    -0.000000000000000
     0.354800887974276    -0.025105999096253     0.000000000000000
    -0.000000000000000    -0.000000000000000     0.004684487930264
28 50
     0.384582558501645    -0.354800898271901    -0.000000000000000
    -0.354800898271901    -0.025106144623170     0.000000000000000
    -0.000000000000000     0.000000000000000     0.004684487930264
28 51
     1.366891620700616    -0.589046478443077    -0.000000000000000
    -0.020123441658216    -0.259911596174115     0.000000000000000
    -0.000000000000000     0.000000000000000     0.275184982234260
28 52
     1.366891862306822     0.589047039094261    -0.000000000000000
     0.020123335051647    -0.259911587920205     0.000000000000000
    -0.000000000000000    -0.000000000000000     0.275184982234260
28 53
    -1.083874429932217     1.350020982684318     0.000000000000000
     1.350020982684318     0.474995381408690    -0.000000000000000
     0.000000000000000    -0.000000000000000    -0.210802570416274
28 54
    -0.229950396668087    -0.000000047158805    -0.000000000000000
     0.000000120881165     0.589427392654092     0.000000000000000
     0.000000000000000     0.000000000000000     0.004684487930264
28 55
    -1.083874983663303    -1.350021427251814     0.000000000000000
    -1.350020787858078     0.474994827677341    -0.000000000000000
     0.000000000000000     0.000000000000000    -0.210802570416274
28 56
   -22.833422982652849    -0.000004682735746     0.000000000000000
    -0.000001620049975    -7.899508899610870    -0.000000000000000
     0.000000000000002    -0.000000000000000    -4.828565844896780
28 57
   -11.632981885176527     6.466577593963229     0.000000000000000
     6.466574531277457   -19.099955301814543    -0.000000000000000
     0.000000000000001    -0.000000000000001    -4.828565844896779
28 58
    -0.116989080195990    -0.836595929426347    -0.000000000000000
    -0.267672225383732     1.223970057374914     0.000000000000000
     0.000000000000000     0.000000000000000     0.275184982234260
28 59
    -0.116988737053854     0.836595881441588    -0.000000000000000
     0.267672727413107     1.223970167164801     0.000000000000000
     0.000000000000000    -0.000000000000000     0.275184982234260
28 60
   -11.632984537539578    -6.466582365406063     0.000000000000000
    -6.466582365406063   -19.099957954178848    -0.000000000000000
     0.000000000000001     0.000000000000000    -4.828565844896779
28 61
     1.254429504039983     0.000000257261555     0.000000000000000
    -0.000000382132182    -1.863310767488381    -0.000000000000000
    -0.000000000000000    -0.000000000000000    -0.210802570416274
28 62
     0.410567550918086    -0.572257531529875    -0.000000000000000
    -1.141180568314736     0.696412926540439     0.000000000000000
    -0.000000000000000     0.000000000000000     0.275184982234260
28 63
     0.690474415972328     0.000000141604228     0.000000000000000
     0.000000141604228     0.690474906503762    -0.000000000000000
    -0.000000000000000     0.000000000000000    -0.058303007933635
28 64
     0.410567785637978     0.572257699930373    -0.000000000000000
     1.141180853958854     0.696413394612853     0.000000000000000
    -0.000000000000000    -0.000000000000000     0.275184982234260
29 1
    -0.245155147578368    -0.167978516614494    -0.000000000000000
    -0.167753475571059    -0.105194445578462    -0.000000000000000
     0.000000000000000     0.000000000000000     0.011003178035021
29 2
    -0.222597174546844     0.000000000000000    -0.000000000000000
     0.000000000000000     0.566139152491362     0.000000000000000
     0.000000000000000    -0.000000000000000    -0.053998310183965
29 3
    -0.245155147578368     0.167978516614494    -0.000000000000000
     0.167753475571059    -0.105194445578462    -0.000000000000000
    -0.000000000000000     0.000000000000000     0.011003178035021
29 4
    -0.299311536893139    -0.000000000000000     0.000000000000000
    -0.000000000000000    -0.299311536893139     0.000000000000000
     0.000000000000000     0.000000000000000    -0.001995278945543
29 5
    -0.285560838149442    -0.144425165316407     0.000000000000000
    -0.144650354319761    -0.064788755007388    -0.000000000000000
     0.000000000000000     0.000000000000000     0.011003178035021
29 6
    -0.060826934894593    -0.130883744707255     0.000000000000000
    -0.130883806696115     0.090304631373247    -0.000000000000000
     0.000000000000000    -0.000000000000000     0.000225174468947
29 7
    -0.060826934894593     0.130883744707255     0.000000000000000
     0.130883806696115     0.090304631373247    -0.000000000000000
    -0.000000000000000    -0.000000000000000     0.000225174468947
29 8
    -0.285560838149442     0.144425165316407    -0.000000000000000
     0.144650354319761    -0.064788755007388    -0.000000000000000
    -0.000000000000000    -0.000000000000000     0.011003178035021
29 9
     0.423398439002013     0.000000000000000     0.000000000000000
    -0.000000000000000     0.241718987128684     0.000000000000000
    -0.000000000000000    -0.000000000000000    -0.349822342482687
29 10
     0.368955070731810    -0.341532767173383     0.000000000000000
    -0.341532928929353    -0.025413092787293     0.000000000000000
     0.000000000000000     0.000000000000000    -0.053998310183965
29 11
     0.165870414507167     0.000000000000000     0.000000000000000
    -0.000000000000000    -0.136392718028514    -0.000000000000000
    -0.000000000000000     0.000000000000000     0.000225174468947
29 12
     0.368955070731810     0.341532767173383     0.000000000000000
     0.341532928929353    -0.025413092787293     0.000000000000000
    -0.000000000000000    -0.000000000000000    -0.053998310183965
29 13
     0.287138850097016     0.078669491704337    -0.000000000000000
     0.078669528963602     0.377978576033681     0.000000000000000
    -0.000000000000000    -0.000000000000000    -0.349822342482687
29 14
     0.287138850097016    -0.078669491704337    -0.000000000000000
    -0.078669528963602     0.377978576033681     0.000000000000000
    -0.000000000000000    -0.000000000000000    -0.349822342482687
29 15
     0.005191595992565     0.023215670556463     0.000000000000000
     0.023440802152853    -0.355541189149395    -0.000000000000000
    -0.000000000000000     0.000000000000000     0.011003178035021
29 16
     0.005191595992565    -0.023215670556463    -0.000000000000000
    -0.023440802152853    -0.355541189149395    -0.000000000000000
     0.000000000000000     0.000000000000000     0.011003178035021
29 17
    -2.831370609430486    -2.369305257895033     0.000000000000000
    -4.117494105207735     0.913927925711594    -0.000000000000000
     0.000000000000000    -0.000000000000000     0.004931443580811
29 18
    -2.831370609430486     2.369305257895033    -0.000000000000000
     4.117494105207735     0.913927925711593    -0.000000000000000
    -0.000000000000000    -0.000000000000000     0.004931443580811
29 19
    -0.375880215580870     0.298681849207808    -0.000000000000000
     0.298681990668824    -0.720768389337783     0.000000000000000
    -0.000000000000000     0.000000000000000    -0.022205761253713
29 20
    -0.375880215580870    -0.298681849207808     0.000000000000000
    -0.298681990668824    -0.720768389337783     0.000000000000000
     0.000000000000000     0.000000000000000    -0.022205761253713
29 21
    -0.602499820013706    -0.703835006538669    -0.000000000000000
    -0.703835339887399     0.210219033425615    -0.000000000000000
     0.000000000000000     0.000000000000000     0.101491716499343
29 22
    -0.893020332990324    -0.000000000000000    -0.000000000000000
     0.000000000000000    -0.203535365013615     0.000000000000000
     0.000000000000000     0.000000000000000    -0.022201466372834
29 23
    -0.602499820013707     0.703835006538669     0.000000000000000
     0.703835339887399     0.210219033425615    -0.000000000000000
    -0.000000000000000    -0.000000000000000     0.101491716499343
29 24
    -0.893212476216238    -0.000000000000000     0.000000000000000
    -0.000000000000000    -0.203436128702414     0.000000000000000
     0.000000000000000     0.000000000000000    -0.022205761253713
29 25
    -2.831263047662445    -4.117554255891520    -0.000000000000000
    -2.369368480870423     0.913820363943553     0.000000000000000
     0.000000000000000     0.000000000000000     0.004931443580811
29 26
    -0.375906607007792    -0.298555678197044     0.000000000000000
    -0.298555819598303    -0.720649090996147     0.000000000000000
     0.000000000000000     0.000000000000000    -0.022201466372834
29 27
    -0.375906607007792     0.298555678197044     0.000000000000000
     0.298555819598303    -0.720649090996147     0.000000000000000
    -0.000000000000000     0.000000000000000    -0.022201466372834
29 28
    -2.831263047662445     4.117554255891520    -0.000000000000000
     2.369368480870424     0.913820363943552    -0.000000000000000
    -0.000000000000000    -0.000000000000000     0.004931443580811
29 29
    52.115155903824352     0.000000000000001     0.000000000000000
    -0.000000000000001    52.115155903824380    -0.000000000000001
    -0.000000000000001    -0.000000000000004    13.528368586741376
29 30
     2.786469631514591     0.874031347796703     0.000000000000000
    -0.874155963414315    -4.703912315233486     0.000000000000000
    -0.000000000000000     0.000000000000000     0.004931443580811
29 31
     0.616578460145275     0.000000000000000    -0.000000000000000
    -0.000000000000000    -1.008859246733368    -0.000000000000000
    -0.000000000000000     0.000000000000000     0.101491716499343
29 32
     2.786469631514591    -0.874031347796702    -0.000000000000000
     0.874155963414314    -4.703912315233487    -0.000000000000000
    -0.000000000000000     0.000000000000000     0.004931443580811
29 33
     0.047523980388294     0.076580720963621     0.000000000000000
     0.189230788362082    -0.216296140613404    -0.000000000000000
    -0.000000000000000     0.000000000000000     0.036036811570408
29 34
     0.047523980388294    -0.076580720963621    -0.000000000000000
    -0.189230788362082    -0.216296140613404    -0.000000000000000
     0.000000000000000     0.000000000000000     0.036036811570408
29 35
     0.088448075579516    -0.080999053694746     0.000000000000000
    -0.080999092057333     0.181977748637696     0.000000000000000
     0.000000000000000    -0.000000000000000    -0.001741880973676
29 36
     0.088448075579516     0.080999053694746     0.000000000000000
     0.080999092057333     0.181977748637696     0.000000000000000
    -0.000000000000000    -0.000000000000000    -0.001741880973676
29 37
     0.182322924692932     0.162855741066934    -0.000000000000000
     0.162855818198298    -0.005726731727017    -0.000000000000000
    -0.000000000000000    -0.000000000000000     0.001132007888846
29 38
     0.175880950761524    -0.000000000000000     0.000000000000000
    -0.000000000000000    -0.080918172781197    -0.000000000000000
    -0.000000000000000     0.000000000000000     0.004511465586277
29 39
     0.182322924692932    -0.162855741066934    -0.000000000000000
    -0.162855818198298    -0.005726731727017    -0.000000000000000
     0.000000000000000     0.000000000000000     0.001132007888846
29 40
     0.228742585166786     0.000000000000000     0.000000000000000
    -0.000000000000000     0.041683239050426     0.000000000000000
    -0.000000000000000    -0.000000000000000    -0.001741880973676
29 41
    -0.035241362067080     0.237015280169441     0.000000000000000
     0.124365361295603    -0.133530798158030    -0.000000000000000
    -0.000000000000000     0.000000000000000     0.036036811570408
29 42
    -0.016718391895517     0.111197255996295    -0.000000000000000
     0.111197308661286     0.111681169875844    -0.000000000000000
    -0.000000000000000    -0.000000000000000     0.004511465586277
29 43
    -0.016718391895517    -0.111197255996295    -0.000000000000000
    -0.111197308661286     0.111681169875844    -0.000000000000000
     0.000000000000000    -0.000000000000000     0.004511465586277
29 44
    -0.035241362067080    -0.237015280169441     0.000000000000000
    -0.124365361295603    -0.133530798158030    -0.000000000000000
     0.000000000000000     0.000000000000000     0.036036811570408
29 45
    -0.536010959954983     0.000000000000000     0.000000000000000
     0.000000000000000    -0.536010959954983    -0.000000000000000
     0.000000000000000     0.000000000000000     0.700876702223261
29 46
    -0.265440858658879    -0.008540407457354     0.000000000000000
     0.104109619626232     0.096668698433769    -0.000000000000000
    -0.000000000000000    -0.000000000000000     0.036036811570408
29 47
    -0.099751559936991    -0.000000000000000     0.000000000000000
     0.000000000000000     0.276347752902907    -0.000000000000000
     0.000000000000000    -0.000000000000000     0.001132007888846
29 48
    -0.265440858658879     0.008540407457354     0.000000000000000
    -0.104109619626232     0.096668698433769    -0.000000000000000
     0.000000000000000    -0.000000000000000     0.036036811570408
29 49
     0.410567814117106     0.572257412456686     0.000000000000000
     1.141181116499301     0.696412913201525    -0.000000000000000
    -0.000000000000000    -0.000000000000000     0.275184982234260
29 50
     1.254429949629959    -0.000000000000000    -0.000000000000000
    -0.000000000000000    -1.863310105615872     0.000000000000000
    -0.000000000000000     0.000000000000000    -0.210802570416274
29 51
     0.410567814117106    -0.572257412456686    -0.000000000000000
    -1.141181116499301     0.696412913201525    -0.000000000000000
     0.000000000000000    -0.000000000000000     0.275184982234260
29 52
     0.690474661237987     0.000000000000000    -0.000000000000000
    -0.000000000000000     0.690474661237987     0.000000000000000
    -0.000000000000000    -0.000000000000000    -0.058303007933635
29 53
     1.366892227041772     0.589046549531507    -0.000000000000000
     0.020123395503025    -0.259911499723141    -0.000000000000000
    -0.000000000000000    -0.000000000000000     0.275184982234260
29 54
     0.384582767873914     0.354800851113096     0.000000000000000
     0.354801019153066    -0.025106062941704    -0.000000000000000
    -0.000000000000000    -0.000000000000000     0.004684487930264
29 55
     0.384582767873914    -0.354800851113096    -0.000000000000000
    -0.354801019153066    -0.025106062941704    -0.000000000000000
     0.000000000000000     0.000000000000000     0.004684487930264
29 56
     1.366892227041772    -0.589046549531506    -0.000000000000000
    -0.020123395503025    -0.259911499723141    -0.000000000000000
    -0.000000000000000     0.000000000000000     0.275184982234260
29 57
   -22.833431093387151    -0.000000000000000     0.000000000000000
     0.000000000000001    -7.899506093601333     0.000000000000000
     0.000000000000001     0.000000000000001    -4.828565844896779
29 58
    -1.083875091804413     1.350020725422764    -0.000000000000000
     1.350021364816500     0.474994935818502     0.000000000000000
    -0.000000000000000    -0.000000000000000    -0.210802570416274
29 59
    -0.229950478349514     0.000000000000000    -0.000000000000000
     0.000000000000000     0.589427183281724    -0.000000000000000
     0.000000000000000    -0.000000000000000     0.004684487930264
29 60
    -1.083875091804413    -1.350020725422764     0.000000000000000
    -1.350021364816500     0.474994935818502     0.000000000000000
     0.000000000000000    -0.000000000000000    -0.210802570416274
29 61
   -11.632987343547784    -6.466577682670318    -0.000000000000000
    -6.466580745356088   -19.099949843440704     0.000000000000000
     0.000000000000001     0.000000000000001    -4.828565844896780
29 62
   -11.632987343547780     6.466577682670317     0.000000000000000
     6.466580745356088   -19.099949843440704     0.000000000000000
    -0.000000000000000     0.000000000000001    -4.828565844896779
29 63
    -0.116988950180932    -0.836595608264090    -0.000000000000000
    -0.267672571479229     1.223969677499563    -0.000000000000000
     0.000000000000000    -0.000000000000000     0.275184982234260
29 64
    -0.116988950180932     0.836595608264090     0.000000000000000
     0.267672571479229     1.223969677499563    -0.000000000000000
    -0.000000000000000    -0.000000000000000     0.275184982234260
30 1
    -0.299311430573754    -0.000000061383540     0.000000000000000
    -0.000000061383540    -0.299311643212575    -0.000000000000000
     0.000000000000000    -0.000000000000000    -0.001995278945543
30 2
    -0.245155094945487    -0.167978626559711    -0.000000000000000
    -0.167753437556356    -0.105194517348219     0.000000000000000
     0.000000000000000     0.000000000000000     0.011003178035021
30 3
    -0.222597095477408    -0.000000045650772     0.000000000000000
     0.000000116105198     0.566139353591512    -0.000000000000000
     0.000000000000000     0.000000000000000    -0.053998310183965
30 4
    -0.245155026046599     0.167978526005680    -0.000000000000000
     0.167753394409290    -0.105194448541635     0.000000000000000
     0.000000000000000    -0.000000000000000     0.011003178035021
30 5
    -0.285560707095421     0.144425158054631    -0.000000000000000
     0.144650289651021    -0.064788748355967     0.000000000000000
     0.000000000000000    -0.000000000000000     0.011003178035021
30 6
    -0.285560766333551    -0.144425275181658    -0.000000000000000
    -0.144650316225093    -0.064788807686462     0.000000000000000
     0.000000000000000     0.000000000000000     0.011003178035021
30 7
    -0.060826940130026    -0.130883803673436    -0.000000000000000
    -0.130883741684576     0.090304636608682     0.000000000000000
    -0.000000000000000     0.000000000000000     0.000225174468947
30 8
    -0.060826886446111     0.130883778724364    -0.000000000000000
     0.130883778724364     0.090304690292622     0.000000000000000
     0.000000000000000    -0.000000000000000     0.000225174468947
30 9
     0.368955009716501     0.341532964156567     0.000000000000000
     0.341532802400597    -0.025413031771955    -0.000000000000000
     0.000000000000000    -0.000000000000000    -0.053998310183965
30 10
     0.423398288605332     0.000000086831585     0.000000000000000
     0.000000049572319     0.241719072990480    -0.000000000000000
    -0.000000000000000     0.000000000000000    -0.349822342482687
30 11
     0.368954869631755    -0.341532812824155     0.000000000000000
    -0.341532812824155    -0.025413171856767    -0.000000000000000
    -0.000000000000000     0.000000000000000    -0.053998310183965
30 12
     0.165870355587820     0.000000034017109    -0.000000000000000
    -0.000000027971751    -0.136392766477020     0.000000000000000
    -0.000000000000000    -0.000000000000000     0.000225174468947
30 13
     0.005191589387316    -0.023215677738273    -0.000000000000000
    -0.023440866741627    -0.355541320249647     0.000000000000000
     0.000000000000000    -0.000000000000000     0.011003178035021
30 14
     0.287138764235260     0.078669578535922     0.000000000000000
     0.078669578535922     0.377978726430432    -0.000000000000000
    -0.000000000000000     0.000000000000000    -0.349822342482687
30 15
     0.287138731967798    -0.078669460761650     0.000000000000000
    -0.078669423502385     0.377978694162955    -0.000000000000000
    -0.000000000000000     0.000000000000000    -0.349822342482687
30 16
     0.005191598909568     0.023215679867683    -0.000000000000000
     0.023440720911118    -0.355541310635053     0.000000000000000
     0.000000000000000    -0.000000000000000     0.011003178035021
30 17
    -0.375880143317688    -0.298682032390001     0.000000000000000
    -0.298682032390001    -0.720768706618723    -0.000000000000000
     0.000000000000000    -0.000000000000000    -0.022205761253713
30 18
    -2.831370089593399    -2.369306680168138    -0.000000000000000
    -4.117492455189234     0.913927405925203     0.000000000000000
    -0.000000000000000     0.000000000000000     0.004931443580811
30 19
    -2.831369117787597     2.369305518839355    -0.000000000000000
     4.117492830050372     0.913929094776672     0.000000000000000
     0.000000000000000    -0.000000000000000     0.004931443580811
30 20
    -0.375880020808884     0.298681878217139     0.000000000000000
     0.298681736756123    -0.720768584109861    -0.000000000000000
     0.000000000000000    -0.000000000000000    -0.022205761253713
30 21
    -0.893212158935448    -0.000000183182194     0.000000000000000
    -0.000000041721177    -0.203436200965630    -0.000000000000000
     0.000000000000000    -0.000000000000000    -0.022205761253713
30 22
    -0.602499750342065    -0.703835380112349    -0.000000000000000
    -0.703835046763619     0.210218963753941     0.000000000000000
    -0.000000000000000     0.000000000000000     0.101491716499343
30 23
    -0.893020015777785    -0.000000183142788     0.000000000000000
    -0.000000041741529    -0.203535437312081    -0.000000000000000
     0.000000000000000    -0.000000000000000    -0.022201466372834
30 24
    -0.602499461653666     0.703835132988084    -0.000000000000000
     0.703835132988084     0.210219252442477     0.000000000000000
     0.000000000000000    -0.000000000000000     0.101491716499343
30 25
    -2.831261197522593     4.117555137859178     0.000000000000000
     2.369367826648160     0.913821174460555    -0.000000000000000
     0.000000000000000    -0.000000000000000     0.004931443580811
30 26
    -2.831262886398735    -4.117556299143843    -0.000000000000000
    -2.369367451831141     0.913820202628822     0.000000000000000
     0.000000000000000     0.000000000000000     0.004931443580811
30 27
    -0.375906534709360    -0.298555861339832     0.000000000000000
    -0.298555861339832    -0.720649408208836    -0.000000000000000
    -0.000000000000000    -0.000000000000000    -0.022201466372834
30 28
    -0.375906412252307     0.298555707156145     0.000000000000000
     0.298555565754885    -0.720649285751725    -0.000000000000000
     0.000000000000000    -0.000000000000000    -0.022201466372834
30 29
     2.786468462475538    -0.874031086808263     0.000000000000000
     0.874154688212833    -4.703913806851610    -0.000000000000000
    -0.000000000000000    -0.000000000000000     0.004931443580811
30 30
    52.115137391837216     0.000010687903295    -0.000000000000001
     0.000010687903291    52.115174415820285     0.000000000000000
    -0.000000000000003     0.000000000000003    13.528368586741376
30 31
     2.786468820972501     0.874032229720243    -0.000000000000000
    -0.874156617592459    -4.703914165399686    -0.000000000000000
    -0.000000000000000    -0.000000000000000     0.004931443580811
30 32
     0.616578241128517     0.000000126449415    -0.000000000000000
    -0.000000206899315    -1.008859605093578     0.000000000000000
    -0.000000000000000    -0.000000000000000     0.101491716499343
30 33
     0.088448060773083     0.080999100605833     0.000000000000000
     0.080999100605833     0.181977829890102    -0.000000000000000
    -0.000000000000000     0.000000000000000    -0.001741880973676
30 34
     0.047523979212513     0.076580757912445    -0.000000000000000
     0.189230676786283    -0.216296178636756     0.000000000000000
     0.000000000000000    -0.000000000000000     0.036036811570408
30 35
     0.047523947801791    -0.076580738419777    -0.000000000000000
    -0.189230765503363    -0.216296256252579     0.000000000000000
    -0.000000000000000    -0.000000000000000     0.036036811570408
30 36
     0.088448027550116    -0.080999064327539     0.000000000000000
    -0.080999025964952     0.181977796667120    -0.000000000000000
    -0.000000000000000     0.000000000000000    -0.001741880973676
30 37
     0.228742503914419     0.000000046911087     0.000000000000000
     0.000000008548500     0.041683253856867    -0.000000000000000
    -0.000000000000000     0.000000000000000    -0.001741880973676
30 38
     0.182322893328290     0.162855836306687    -0.000000000000000
     0.162855759175323    -0.005726700362360     0.000000000000000
     0.000000000000000    -0.000000000000000     0.001132007888846
30 39
     0.175880888286303     0.000000036070094    -0.000000000000000
    -0.000000016594896    -0.080918201524408     0.000000000000000
    -0.000000000000000    -0.000000000000000     0.004511465586277
30 40
     0.182322826530585    -0.162855761524227    -0.000000000000000
    -0.162855761524227    -0.005726767160096     0.000000000000000
    -0.000000000000000     0.000000000000000     0.001132007888846
30 41
    -0.035241398156558    -0.237015371587803    -0.000000000000000
    -0.124365344504216    -0.133530871095096     0.000000000000000
    -0.000000000000000     0.000000000000000     0.036036811570408
30 42
    -0.035241300941214     0.237015357133034    -0.000000000000000
     0.124365289734573    -0.133530820084792     0.000000000000000
     0.000000000000000    -0.000000000000000     0.036036811570408
30 43
    -0.016718363152320     0.111197292066390    -0.000000000000000
     0.111197292066390     0.111681232351095     0.000000000000000
     0.000000000000000    -0.000000000000000     0.004511465586277
30 44
    -0.016718408761529    -0.111197298923687    -0.000000000000000
    -0.111197246258696     0.111681186741864     0.000000000000000
    -0.000000000000000     0.000000000000000     0.004511465586277
30 45
    -0.265440762619316     0.008540356053761    -0.000000000000000
    -0.104109562820077     0.096668711420720     0.000000000000000
     0.000000000000000     0.000000000000000     0.036036811570408
30 46
    -0.536010769556857    -0.000000109926435    -0.000000000000000
    -0.000000109926435    -0.536011150353199     0.000000000000000
     0.000000000000000    -0.000000000000000     0.700876702223261
30 47
    -0.265440766122291    -0.008540464928279    -0.000000000000000
     0.104109602470182     0.096668754122830     0.000000000000000
     0.000000000000000     0.000000000000000     0.036036811570408
30 48
    -0.099751524503929    -0.000000020457293    -0.000000000000000
     0.000000056674071     0.276347851065301     0.000000000000000
     0.000000000000000     0.000000000000000     0.001132007888846
30 49
     0.690474415972328     0.000000141604228     0.000000000000000
     0.000000141604228     0.690474906503762    -0.000000000000000
    -0.000000000000000     0.000000000000000    -0.058303007933635
30 50
     0.410567785637978     0.572257699930373    -0.000000000000000
     1.141180853958853     0.696413394612853     0.000000000000000
     0.000000000000000     0.000000000000000     0.275184982234260
30 51
     1.254429504039983     0.000000257261554     0.000000000000000
    -0.000000382132182    -1.863310767488381    -0.000000000000000
    -0.000000000000000    -0.000000000000000    -0.210802570416274
30 52
     0.410567550918086    -0.572257531529875    -0.000000000000000
    -1.141180568314736     0.696412926540439     0.000000000000000
    -0.000000000000000     0.000000000000000     0.275184982234260
30 53
     1.366891620700616    -0.589046478443077    -0.000000000000000
    -0.020123441658216    -0.259911596174114     0.000000000000000
    -0.000000000000000     0.000000000000000     0.275184982234260
30 54
     1.366891862306822     0.589047039094261    -0.000000000000000
     0.020123335051646    -0.259911587920205     0.000000000000000
    -0.000000000000000    -0.000000000000000     0.275184982234260
30 55
     0.384582704028493     0.354801056014245    -0.000000000000000
     0.354800887974276    -0.025105999096253     0.000000000000000
     0.000000000000000    -0.000000000000000     0.004684487930264
30 56
     0.384582558501645    -0.354800898271901    -0.000000000000000
    -0.354800898271901    -0.025106144623170     0.000000000000000
    -0.000000000000000     0.000000000000000     0.004684487930264
30 57
    -1.083874983663303    -1.350021427251814     0.000000000000000
    -1.350020787858077     0.474994827677341    -0.000000000000000
    -0.000000000000000     0.000000000000000    -0.210802570416274
30 58
   -22.833422982652849    -0.000004682735746     0.000000000000000
    -0.000001620049973    -7.899508899610865    -0.000000000000000
     0.000000000000001    -0.000000000000000    -4.828565844896779
30 59
    -1.083874429932216     1.350020982684319     0.000000000000000
     1.350020982684318     0.474995381408690    -0.000000000000000
     0.000000000000000    -0.000000000000000    -0.210802570416274
30 60
    -0.229950396668087    -0.000000047158805    -0.000000000000000
     0.000000120881165     0.589427392654092     0.000000000000000
     0.000000000000000     0.000000000000000     0.004684487930264
30 61
    -0.116988737053854     0.836595881441588    -0.000000000000000
     0.267672727413107     1.223970167164801     0.000000000000000
     0.000000000000000     0.000000000000000     0.275184982234260
30 62
   -11.632984537539578    -6.466582365406063     0.000000000000000
    -6.466582365406063   -19.099957954178848    -0.000000000000000
     0.000000000000000    -0.000000000000001    -4.828565844896779
30 63
   -11.632981885176530     6.466577593963227     0.000000000000000
     6.466574531277456   -19.099955301814546    -0.000000000000000
     0.000000000000001    -0.000000000000001    -4.828565844896780
30 64
    -0.116989080195990    -0.836595929426347    -0.000000000000000
    -0.267672225383732     1.223970057374913     0.000000000000000
    -0.000000000000000     0.000000000000000     0.275184982234260
31 1
    -0.245155026046599     0.167978526005680    -0.000000000000000
     0.167753394409290    -0.105194448541635     0.000000000000000
     0.000000000000000    -0.000000000000000     0.011003178035021
31 2
    -0.299311430573754    -0.000000061383540     0.000000000000000
    -0.000000061383540    -0.299311643212575    -0.000000000000000
     0.000000000000000    -0.000000000000000    -0.001995278945543
31 3
    -0.245155094945487    -0.167978626559711    -0.000000000000000
    -0.167753437556356    -0.105194517348219     0.000000000000000
     0.000000000000000     0.000000000000000     0.011003178035021
31 4
    -0.222597095477408    -0.000000045650772     0.000000000000000
     0.000000116105198     0.566139353591512    -0.000000000000000
     0.000000000000000     0.000000000000000    -0.053998310183965
31 5
    -0.060826886446111     0.130883778724364    -0.000000000000000
     0.130883778724364     0.090304690292622     0.000000000000000
     0.000000000000000    -0.000000000000000     0.000225174468947
31 6
    -0.285560707095421     0.144425158054631    -0.000000000000000
     0.144650289651021    -0.064788748355967     0.000000000000000
     0.000000000000000    -0.000000000000000     0.011003178035021
31 7
    -0.285560766333551    -0.144425275181658    -0.000000000000000
    -0.144650316225093    -0.064788807686462     0.000000000000000
     0.000000000000000     0.000000000000000     0.011003178035021
31 8
    -0.060826940130026    -0.130883803673436    -0.000000000000000
    -0.130883741684576     0.090304636608682     0.000000000000000
    -0.000000000000000     0.000000000000000     0.000225174468947
31 9
     0.165870355587820     0.000000034017109    -0.000000000000000
    -0.000000027971751    -0.136392766477020     0.000000000000000
    -0.000000000000000    -0.000000000000000     0.000225174468947
31 10
     0.368955009716501     0.341532964156567     0.000000000000000
     0.341532802400597    -0.025413031771955    -0.000000000000000
     0.000000000000000    -0.000000000000000    -0.053998310183965
31 11
     0.423398288605332     0.000000086831585     0.000000000000000
     0.000000049572319     0.241719072990480    -0.000000000000000
    -0.000000000000000     0.000000000000000    -0.349822342482687
31 12
     0.368954869631755    -0.341532812824155     0.000000000000000
    -0.341532812824155    -0.025413171856767    -0.000000000000000
    -0.000000000000000     0.000000000000000    -0.053998310183965
31 13
     0.005191598909568     0.023215679867683    -0.000000000000000
     0.023440720911118    -0.355541310635053     0.000000000000000
     0.000000000000000    -0.000000000000000     0.011003178035021
31 14
     0.005191589387316    -0.023215677738273    -0.000000000000000
    -0.023440866741627    -0.355541320249647     0.000000000000000
     0.000000000000000    -0.000000000000000     0.011003178035021
31 15
     0.287138764235260     0.078669578535922     0.000000000000000
     0.078669578535922     0.377978726430432    -0.000000000000000
    -0.000000000000000     0.000000000000000    -0.349822342482687
31 16
     0.287138731967798    -0.078669460761650     0.000000000000000
    -0.078669423502385     0.377978694162955    -0.000000000000000
    -0.000000000000000     0.000000000000000    -0.349822342482687
31 17
    -0.375880020808884     0.298681878217139     0.000000000000000
     0.298681736756123    -0.720768584109861    -0.000000000000000
     0.000000000000000    -0.000000000000000    -0.022205761253713
31 18
    -0.375880143317688    -0.298682032390001     0.000000000000000
    -0.298682032390001    -0.720768706618723    -0.000000000000000
     0.000000000000000    -0.000000000000000    -0.022205761253713
31 19
    -2.831370089593399    -2.369306680168138    -0.000000000000000
    -4.117492455189234     0.913927405925203     0.000000000000000
    -0.000000000000000     0.000000000000000     0.004931443580811
31 20
    -2.831369117787597     2.369305518839355    -0.000000000000000
     4.117492830050372     0.913929094776672     0.000000000000000
     0.000000000000000    -0.000000000000000     0.004931443580811
31 21
    -0.602499461653666     0.703835132988084    -0.000000000000000
     0.703835132988084     0.210219252442477     0.000000000000000
     0.000000000000000    -0.000000000000000     0.101491716499343
31 22
    -0.893212158935448    -0.000000183182194     0.000000000000000
    -0.000000041721177    -0.203436200965630    -0.000000000000000
     0.000000000000000    -0.000000000000000    -0.022205761253713
31 23
    -0.602499750342065    -0.703835380112349    -0.000000000000000
    -0.703835046763619     0.210218963753941     0.000000000000000
    -0.000000000000000     0.000000000000000     0.101491716499343
31 24
    -0.893020015777785    -0.000000183142788     0.000000000000000
    -0.000000041741529    -0.203535437312081    -0.000000000000000
     0.000000000000000    -0.000000000000000    -0.022201466372834
31 25
    -0.375906412252307     0.298555707156145     0.000000000000000
     0.298555565754885    -0.720649285751725    -0.000000000000000
     0.000000000000000    -0.000000000000000    -0.022201466372834
31 26
    -2.831261197522593     4.117555137859178     0.000000000000000
     2.369367826648160     0.913821174460555    -0.000000000000000
     0.000000000000000    -0.000000000000000     0.004931443580811
31 27
    -2.831262886398735    -4.117556299143843    -0.000000000000000
    -2.369367451831141     0.913820202628822     0.000000000000000
     0.000000000000000     0.000000000000000     0.004931443580811
31 28
    -0.375906534709360    -0.298555861339832     0.000000000000000
    -0.298555861339832    -0.720649408208836    -0.000000000000000
    -0.000000000000000    -0.000000000000000    -0.022201466372834
31 29
     0.616578241128517     0.000000126449415    -0.000000000000000
    -0.000000206899315    -1.008859605093578     0.000000000000000
    -0.000000000000000    -0.000000000000000     0.101491716499343
31 30
     2.786468462475538    -0.874031086808263     0.000000000000000
     0.874154688212833    -4.703913806851610    -0.000000000000000
    -0.000000000000000    -0.000000000000000     0.004931443580811
31 31
    52.115137391837216     0.000010687903295    -0.000000000000001
     0.000010687903291    52.115174415820285     0.000000000000000
    -0.000000000000003     0.000000000000003    13.528368586741376
31 32
     2.786468820972501     0.874032229720243    -0.000000000000000
    -0.874156617592459    -4.703914165399686    -0.000000000000000
    -0.000000000000000    -0.000000000000000     0.004931443580811
31 33
     0.088448027550116    -0.080999064327539     0.000000000000000
    -0.080999025964952     0.181977796667120    -0.000000000000000
    -0.000000000000000     0.000000000000000    -0.001741880973676
31 34
     0.088448060773083     0.080999100605833     0.000000000000000
     0.080999100605833     0.181977829890102    -0.000000000000000
    -0.000000000000000     0.000000000000000    -0.001741880973676
31 35
     0.047523979212513     0.076580757912445    -0.000000000000000
     0.189230676786283    -0.216296178636756     0.000000000000000
     0.000000000000000    -0.000000000000000     0.036036811570408
31 36
     0.047523947801791    -0.076580738419777    -0.000000000000000
    -0.189230765503363    -0.216296256252579     0.000000000000000
    -0.000000000000000    -0.000000000000000     0.036036811570408
31 37
     0.182322826530585    -0.162855761524227    -0.000000000000000
    -0.162855761524227    -0.005726767160096     0.000000000000000
    -0.000000000000000     0.000000000000000     0.001132007888846
31 38
     0.228742503914419     0.000000046911087     0.000000000000000
     0.000000008548500     0.041683253856867    -0.000000000000000
    -0.000000000000000     0.000000000000000    -0.001741880973676
31 39
     0.182322893328290     0.162855836306687    -0.000000000000000
     0.162855759175323    -0.005726700362360     0.000000000000000
     0.000000000000000    -0.000000000000000     0.001132007888846
31 40
     0.175880888286303     0.000000036070094    -0.000000000000000
    -0.000000016594896    -0.080918201524408     0.000000000000000
    -0.000000000000000    -0.000000000000000     0.004511465586277
31 41
    -0.016718408761529    -0.111197298923687    -0.000000000000000
    -0.111197246258696     0.111681186741864     0.000000000000000
    -0.000000000000000     0.000000000000000     0.004511465586277
31 42
    -0.035241398156558    -0.237015371587803    -0.000000000000000
    -0.124365344504216    -0.133530871095096     0.000000000000000
    -0.000000000000000     0.000000000000000     0.036036811570408
31 43
    -0.035241300941214     0.237015357133034    -0.000000000000000
     0.124365289734573    -0.133530820084792     0.000000000000000
     0.000000000000000    -0.000000000000000     0.036036811570408
31 44
    -0.016718363152320     0.111197292066390    -0.000000000000000
     0.111197292066390     0.111681232351095     0.000000000000000
     0.000000000000000    -0.000000000000000     0.004511465586277
31 45
    -0.099751524503929    -0.000000020457293    -0.000000000000000
     0.000000056674071     0.276347851065301     0.000000000000000
     0.000000000000000     0.000000000000000     0.001132007888846
31 46
    -0.265440762619316     0.008540356053761    -0.000000000000000
    -0.104109562820077     0.096668711420720     0.000000000000000
     0.000000000000000     0.000000000000000     0.036036811570408
31 47
    -0.536010769556857    -0.000000109926435    -0.000000000000000
    -0.000000109926435    -0.536011150353199     0.000000000000000
     0.000000000000000    -0.000000000000000     0.700876702223261
31 48
    -0.265440766122291    -0.008540464928279    -0.000000000000000
     0.104109602470182     0.096668754122830     0.000000000000000
     0.000000000000000     0.000000000000000     0.036036811570408
31 49
     0.410567550918086    -0.572257531529875    -0.000000000000000
    -1.141180568314736     0.696412926540439     0.000000000000000
    -0.000000000000000     0.000000000000000     0.275184982234260
31 50
     0.690474415972328     0.000000141604228     0.000000000000000
     0.000000141604228     0.690474906503762    -0.000000000000000
    -0.000000000000000     0.000000000000000    -0.058303007933635
31 51
     0.410567785637978     0.572257699930373    -0.000000000000000
     1.141180853958853     0.696413394612853     0.000000000000000
     0.000000000000000     0.000000000000000     0.275184982234260
31 52
     1.254429504039983     0.000000257261554     0.000000000000000
    -0.000000382132182    -1.863310767488381    -0.000000000000000
    -0.000000000000000    -0.000000000000000    -0.210802570416274
31 53
     0.384582558501645    -0.354800898271901    -0.000000000000000
    -0.354800898271901    -0.025106144623170     0.000000000000000
    -0.000000000000000     0.000000000000000     0.004684487930264
31 54
     1.366891620700616    -0.589046478443077    -0.000000000000000
    -0.020123441658216    -0.259911596174114     0.000000000000000
    -0.000000000000000     0.000000000000000     0.275184982234260
31 55
     1.366891862306822     0.589047039094261    -0.000000000000000
     0.020123335051646    -0.259911587920205     0.000000000000000
    -0.000000000000000    -0.000000000000000     0.275184982234260
31 56
     0.384582704028493     0.354801056014245    -0.000000000000000
     0.354800887974276    -0.025105999096253     0.000000000000000
     0.000000000000000    -0.000000000000000     0.004684487930264
31 57
    -0.229950396668087    -0.000000047158805    -0.000000000000000
     0.000000120881165     0.589427392654092     0.000000000000000
     0.000000000000000     0.000000000000000     0.004684487930264
31 58
    -1.083874983663303    -1.350021427251814     0.000000000000000
    -1.350020787858077     0.474994827677341    -0.000000000000000
    -0.000000000000000     0.000000000000000    -0.210802570416274
31 59
   -22.833422982652849    -0.000004682735746     0.000000000000000
    -0.000001620049973    -7.899508899610865    -0.000000000000000
     0.000000000000001    -0.000000000000000    -4.828565844896779
31 60
    -1.083874429932216     1.350020982684319     0.000000000000000
     1.350020982684318     0.474995381408690    -0.000000000000000
     0.000000000000000    -0.000000000000000    -0.210802570416274
31 61
    -0.116989080195990    -0.836595929426347    -0.000000000000000
    -0.267672225383732     1.223970057374913     0.000000000000000
    -0.000000000000000     0.000000000000000     0.275184982234260
31 62
    -0.116988737053854     0.836595881441588    -0.000000000000000
     0.267672727413107     1.223970167164801     0.000000000000000
     0.000000000000000     0.000000000000000     0.275184982234260
31 63
   -11.632984537539578    -6.466582365406063     0.000000000000000
    -6.466582365406063   -19.099957954178848    -0.000000000000000
     0.000000000000000    -0.000000000000001    -4.828565844896779
31 64
   -11.632981885176530     6.466577593963227     0.000000000000000
     6.466574531277456   -19.099955301814546    -0.000000000000000
     0.000000000000001    -0.000000000000001    -4.828565844896780
32 1
    -0.222597174546844     0.000000000000000    -0.000000000000000
     0.000000000000000     0.566139152491362     0.000000000000000
     0.000000000000000    -0.000000000000000    -0.053998310183965
32 2
    -0.245155147578368     0.167978516614494    -0.000000000000000
     0.167753475571059    -0.105194445578462    -0.000000000000000
    -0.000000000000000     0.000000000000000     0.011003178035021
32 3
    -0.299311536893139    -0.000000000000000     0.000000000000000
    -0.000000000000000    -0.299311536893139     0.000000000000000
     0.000000000000000     0.000000000000000    -0.001995278945543
32 4
    -0.245155147578368    -0.167978516614494    -0.000000000000000
    -0.167753475571059    -0.105194445578462    -0.000000000000000
     0.000000000000000     0.000000000000000     0.011003178035021
32 5
    -0.060826934894593    -0.130883744707255     0.000000000000000
    -0.130883806696115     0.090304631373247    -0.000000000000000
     0.000000000000000    -0.000000000000000     0.000225174468947
32 6
    -0.060826934894593     0.130883744707255     0.000000000000000
     0.130883806696115     0.090304631373247    -0.000000000000000
    -0.000000000000000    -0.000000000000000     0.000225174468947
32 7
    -0.285560838149442     0.144425165316407    -0.000000000000000
     0.144650354319761    -0.064788755007388    -0.000000000000000
    -0.000000000000000    -0.000000000000000     0.011003178035021
32 8
    -0.285560838149442    -0.144425165316407     0.000000000000000
    -0.144650354319761    -0.064788755007388    -0.000000000000000
     0.000000000000000     0.000000000000000     0.011003178035021
32 9
     0.368955070731810    -0.341532767173383     0.000000000000000
    -0.341532928929353    -0.025413092787293     0.000000000000000
     0.000000000000000     0.000000000000000    -0.053998310183965
32 10
     0.165870414507167     0.000000000000000     0.000000000000000
    -0.000000000000000    -0.136392718028514    -0.000000000000000
    -0.000000000000000     0.000000000000000     0.000225174468947
32 11
     0.368955070731810     0.341532767173383     0.000000000000000
     0.341532928929353    -0.025413092787293     0.000000000000000
    -0.000000000000000    -0.000000000000000    -0.053998310183965
32 12
     0.423398439002013     0.000000000000000     0.000000000000000
    -0.000000000000000     0.241718987128684     0.000000000000000
    -0.000000000000000    -0.000000000000000    -0.349822342482687
32 13
     0.287138850097016    -0.078669491704337    -0.000000000000000
    -0.078669528963602     0.377978576033681     0.000000000000000
    -0.000000000000000    -0.000000000000000    -0.349822342482687
32 14
     0.005191595992565     0.023215670556463     0.000000000000000
     0.023440802152853    -0.355541189149395    -0.000000000000000
    -0.000000000000000     0.000000000000000     0.011003178035021
32 15
     0.005191595992565    -0.023215670556463    -0.000000000000000
    -0.023440802152853    -0.355541189149395    -0.000000000000000
     0.000000000000000     0.000000000000000     0.011003178035021
32 16
     0.287138850097016     0.078669491704337    -0.000000000000000
     0.078669528963602     0.377978576033681     0.000000000000000
    -0.000000000000000    -0.000000000000000    -0.349822342482687
32 17
    -2.831370609430486     2.369305257895033    -0.000000000000000
     4.117494105207735     0.913927925711593    -0.000000000000000
    -0.000000000000000    -0.000000000000000     0.004931443580811
32 18
    -0.375880215580870     0.298681849207808    -0.000000000000000
     0.298681990668824    -0.720768389337783     0.000000000000000
    -0.000000000000000     0.000000000000000    -0.022205761253713
32 19
    -0.375880215580870    -0.298681849207808     0.000000000000000
    -0.298681990668824    -0.720768389337783     0.000000000000000
     0.000000000000000     0.000000000000000    -0.022205761253713
32 20
    -2.831370609430486    -2.369305257895033     0.000000000000000
    -4.117494105207735     0.913927925711594    -0.000000000000000
     0.000000000000000    -0.000000000000000     0.004931443580811
32 21
    -0.893020332990324    -0.000000000000000    -0.000000000000000
     0.000000000000000    -0.203535365013615     0.000000000000000
     0.000000000000000     0.000000000000000    -0.022201466372834
32 22
    -0.602499820013707     0.703835006538669     0.000000000000000
     0.703835339887399     0.210219033425615    -0.000000000000000
    -0.000000000000000    -0.000000000000000     0.101491716499343
32 23
    -0.893212476216238    -0.000000000000000     0.000000000000000
    -0.000000000000000    -0.203436128702414     0.000000000000000
     0.000000000000000     0.000000000000000    -0.022205761253713
32 24
    -0.602499820013706    -0.703835006538669    -0.000000000000000
    -0.703835339887399     0.210219033425615    -0.000000000000000
     0.000000000000000     0.000000000000000     0.101491716499343
32 25
    -0.375906607007792    -0.298555678197044     0.000000000000000
    -0.298555819598303    -0.720649090996147     0.000000000000000
     0.000000000000000     0.000000000000000    -0.022201466372834
32 26
    -0.375906607007792     0.298555678197044     0.000000000000000
     0.298555819598303    -0.720649090996147     0.000000000000000
    -0.000000000000000     0.000000000000000    -0.022201466372834
32 27
    -2.831263047662445     4.117554255891520    -0.000000000000000
     2.369368480870424     0.913820363943552    -0.000000000000000
    -0.000000000000000    -0.000000000000000     0.004931443580811
32 28
    -2.831263047662445    -4.117554255891520    -0.000000000000000
    -2.369368480870423     0.913820363943553     0.000000000000000
     0.000000000000000     0.000000000000000     0.004931443580811
32 29
     2.786469631514591     0.874031347796703     0.000000000000000
    -0.874155963414315    -4.703912315233486     0.000000000000000
    -0.000000000000000     0.000000000000000     0.004931443580811
32 30
     0.616578460145275     0.000000000000000    -0.000000000000000
    -0.000000000000000    -1.008859246733368    -0.000000000000000
    -0.000000000000000     0.000000000000000     0.101491716499343
32 31
     2.786469631514591    -0.874031347796702    -0.000000000000000
     0.874155963414314    -4.703912315233487    -0.000000000000000
    -0.000000000000000     0.000000000000000     0.004931443580811
32 32
    52.115155903824352     0.000000000000001     0.000000000000000
    -0.000000000000001    52.115155903824380    -0.000000000000001
    -0.000000000000001    -0.000000000000004    13.528368586741376
32 33
     0.047523980388294    -0.076580720963621    -0.000000000000000
    -0.189230788362082    -0.216296140613404    -0.000000000000000
     0.000000000000000     0.000000000000000     0.036036811570408
32 34
     0.088448075579516    -0.080999053694746     0.000000000000000
    -0.080999092057333     0.181977748637696     0.000000000000000
     0.000000000000000    -0.000000000000000    -0.001741880973676
32 35
     0.088448075579516     0.080999053694746     0.000000000000000
     0.080999092057333     0.181977748637696     0.000000000000000
    -0.000000000000000    -0.000000000000000    -0.001741880973676
32 36
     0.047523980388294     0.076580720963621     0.000000000000000
     0.189230788362082    -0.216296140613404    -0.000000000000000
    -0.000000000000000     0.000000000000000     0.036036811570408
32 37
     0.175880950761524    -0.000000000000000     0.000000000000000
    -0.000000000000000    -0.080918172781197    -0.000000000000000
    -0.000000000000000     0.000000000000000     0.004511465586277
32 38
     0.182322924692932    -0.162855741066934    -0.000000000000000
    -0.162855818198298    -0.005726731727017    -0.000000000000000
     0.000000000000000     0.000000000000000     0.001132007888846
32 39
     0.228742585166786     0.000000000000000     0.000000000000000
    -0.000000000000000     0.041683239050426     0.000000000000000
    -0.000000000000000    -0.000000000000000    -0.001741880973676
32 40
     0.182322924692932     0.162855741066934    -0.000000000000000
     0.162855818198298    -0.005726731727017    -0.000000000000000
    -0.000000000000000    -0.000000000000000     0.001132007888846
32 41
    -0.016718391895517     0.111197255996295    -0.000000000000000
     0.111197308661286     0.111681169875844    -0.000000000000000
    -0.000000000000000    -0.000000000000000     0.004511465586277
32 42
    -0.016718391895517    -0.111197255996295    -0.000000000000000
    -0.111197308661286     0.111681169875844    -0.000000000000000
     0.000000000000000    -0.000000000000000     0.004511465586277
32 43
    -0.035241362067080    -0.237015280169441     0.000000000000000
    -0.124365361295603    -0.133530798158030    -0.000000000000000
     0.000000000000000     0.000000000000000     0.036036811570408
32 44
    -0.035241362067080     0.237015280169441     0.000000000000000
     0.124365361295603    -0.133530798158030    -0.000000000000000
    -0.000000000000000     0.000000000000000     0.036036811570408
32 45
    -0.265440858658879    -0.008540407457354     0.000000000000000
     0.104109619626232     0.096668698433769    -0.000000000000000
    -0.000000000000000    -0.000000000000000     0.036036811570408
32 46
    -0.099751559936991    -0.000000000000000     0.000000000000000
     0.000000000000000     0.276347752902907    -0.000000000000000
     0.000000000000000    -0.000000000000000     0.001132007888846
32 47
    -0.265440858658879     0.008540407457354     0.000000000000000
    -0.104109619626232     0.096668698433769    -0.000000000000000
     0.000000000000000    -0.000000000000000     0.036036811570408
32 48
    -0.536010959954983     0.000000000000000     0.000000000000000
     0.000000000000000    -0.536010959954983    -0.000000000000000
     0.000000000000000     0.000000000000000     0.700876702223261
32 49
     1.254429949629959    -0.000000000000000    -0.000000000000000
    -0.000000000000000    -1.863310105615872     0.000000000000000
    -0.000000000000000     0.000000000000000    -0.210802570416274
32 50
     0.410567814117106    -0.572257412456686    -0.000000000000000
    -1.141181116499301     0.696412913201525    -0.000000000000000
     0.000000000000000    -0.000000000000000     0.275184982234260
32 51
     0.690474661237987     0.000000000000000    -0.000000000000000
    -0.000000000000000     0.690474661237987     0.000000000000000
    -0.000000000000000    -0.000000000000000    -0.058303007933635
32 52
     0.410567814117106     0.572257412456686     0.000000000000000
     1.141181116499301     0.696412913201525    -0.000000000000000
    -0.000000000000000    -0.000000000000000     0.275184982234260
32 53
     0.384582767873914     0.354800851113096     0.000000000000000
     0.354801019153066    -0.025106062941704    -0.000000000000000
    -0.000000000000000    -0.000000000000000     0.004684487930264
32 54
     0.384582767873914    -0.354800851113096    -0.000000000000000
    -0.354801019153066    -0.025106062941704    -0.000000000000000
     0.000000000000000     0.000000000000000     0.004684487930264
32 55
     1.366892227041772    -0.589046549531506    -0.000000000000000
    -0.020123395503025    -0.259911499723141    -0.000000000000000
    -0.000000000000000     0.000000000000000     0.275184982234260
32 56
     1.366892227041772     0.589046549531507    -0.000000000000000
     0.020123395503025    -0.259911499723141    -0.000000000000000
    -0.000000000000000    -0.000000000000000     0.275184982234260
32 57
    -1.083875091804413     1.350020725422764    -0.000000000000000
     1.350021364816500     0.474994935818502     0.000000000000000
    -0.000000000000000    -0.000000000000000    -0.210802570416274
32 58
    -0.229950478349514     0.000000000000000    -0.000000000000000
     0.000000000000000     0.589427183281724    -0.000000000000000
     0.000000000000000    -0.000000000000000     0.004684487930264
32 59
    -1.083875091804413    -1.350020725422764     0.000000000000000
    -1.350021364816500     0.474994935818502     0.000000000000000
     0.000000000000000    -0.000000000000000    -0.210802570416274
32 60
   -22.833431093387151    -0.000000000000000     0.000000000000000
     0.000000000000001    -7.899506093601333     0.000000000000000
     0.000000000000001     0.000000000000001    -4.828565844896779
32 61
   -11.632987343547780     6.466577682670317     0.000000000000000
     6.466580745356088   -19.099949843440704     0.000000000000000
    -0.000000000000000     0.000000000000001    -4.828565844896779
32 62
    -0.116988950180932    -0.836595608264090    -0.000000000000000
    -0.267672571479229     1.223969677499563    -0.000000000000000
     0.000000000000000    -0.000000000000000     0.275184982234260
32 63
    -0.116988950180932     0.836595608264090     0.000000000000000
     0.267672571479229     1.223969677499563    -0.000000000000000
    -0.000000000000000    -0.000000000000000     0.275184982234260
32 64
   -11.632987343547784    -6.466577682670318    -0.000000000000000
    -6.466580745356088   -19.099949843440704     0.000000000000000
     0.000000000000001     0.000000000000001    -4.828565844896780
33 1
   -11.658998775112060    -6.466452734967940    -0.000000000000000
    -6.466455797594534   -19.125816997791617     0.000000000000000
     0.000000000000002     0.000000000000001    -4.828767704298100
33 2
   -11.658998775112062     6.466452734967941     0.000000000000000
     6.466455797594534   -19.125816997791617     0.000000000000000
     0.000000000000001     0.000000000000000    -4.828767704298100
33 3
    -0.142429677101324    -0.267489681410732    -0.000000000000000
    -0.836803926597464     1.199192628864805    -0.000000000000000
     0.000000000000000    -0.000000000000000     0.275207376970272
33 4
    -0.142429677101324     0.267489681410732     0.000000000000000
     0.836803926597464     1.199192628864805    -0.000000000000000
    -0.000000000000000    -0.000000000000000     0.275207376970272
33 5
     0.385613951865500     1.141669589405372    -0.000000000000000
     0.572356011621440     0.671148999897981    -0.000000000000000
    -0.000000000000000    -0.000000000000000     0.275207376970272
33 6
     1.229528829459412     0.000000000000000     0.000000000000000
    -0.000000000000000    -1.889210009965065     0.000000000000000
    -0.000000000000000     0.000000000000000    -0.210803183970686
33 7
     0.385613951865500    -1.141669589405372    -0.000000000000000
    -0.572356011621440     0.671148999897981    -0.000000000000000
    -0.000000000000000     0.000000000000000     0.275207376970272
33 8
     0.665525581294481    -0.000000000000000    -0.000000000000000
    -0.000000000000000     0.665525581294481     0.000000000000000
    -0.000000000000000    -0.000000000000000    -0.058303007933635
33 9
     1.341960152881045     0.020209134702011     0.000000000000000
     0.589523262772294    -0.285197201117564    -0.000000000000000
    -0.000000000000000     0.000000000000000     0.275207376970272
33 10
     0.359335635605883     0.354966110249819    -0.000000000000000
     0.354966278368058    -0.050544020069071    -0.000000000000000
    -0.000000000000000    -0.000000000000000     0.004685101484675
33 11
     0.359335635605883    -0.354966110249819    -0.000000000000000
    -0.354966278368058    -0.050544020069071    -0.000000000000000
    -0.000000000000000     0.000000000000000     0.004685101484675
33 12
     1.341960152881045    -0.020209134702011     0.000000000000000
    -0.589523262772294    -0.285197201117564    -0.000000000000000
    -0.000000000000000     0.000000000000000     0.275207376970272
33 13
   -22.859226109131367    -0.000000000000000    -0.000000000000000
     0.000000000000001    -7.925589663772294     0.000000000000000
     0.000000000000003     0.000000000000000    -4.828767704298100
33 14
    -1.109525300108945     1.350453211556150     0.000000000000000
     1.350453851154719     0.449844119603293     0.000000000000000
     0.000000000000000    -0.000000000000000    -0.210803183970686
33 15
    -0.255483847906548    -0.000000000000000     0.000000000000000
     0.000000000000000     0.564275463443360    -0.000000000000000
     0.000000000000000    -0.000000000000000     0.004685101484675
33 16
    -1.109525300108945    -1.350453211556150    -0.000000000000000
    -1.350453851154719     0.449844119603293     0.000000000000000
     0.000000000000000     0.000000000000000    -0.210803183970686
33 17
    -0.510715265752737    -0.000000000000000    -0.000000000000000
     0.000000000000000    -0.510715265752738    -0.000000000000000
     0.000000000000000     0.000000000000000     0.700755218449825
33 18
    -0.240159245569668    -0.104039658432685    -0.000000000000000
     0.008571016649154     0.121938769939342    -0.000000000000000
     0.000000000000000     0.000000000000000     0.036020859155715
33 19
    -0.074320995185842    -0.000000000000000     0.000000000000000
     0.000000000000000     0.301785709148001    -0.000000000000000
     0.000000000000000    -0.000000000000000     0.001124645235910
33 20
    -0.240159245569668     0.104039658432685    -0.000000000000000
    -0.008571016649154     0.121938769939342    -0.000000000000000
     0.000000000000000    -0.000000000000000     0.036020859155715
33 21
    -0.009924880009815     0.124354828864900    -0.000000000000000
     0.236965612118415    -0.108295595620512    -0.000000000000000
    -0.000000000000000    -0.000000000000000     0.036020859155715
33 22
    -0.009924880009815    -0.124354828864900     0.000000000000000
    -0.236965612118415    -0.108295595620512    -0.000000000000000
     0.000000000000000     0.000000000000000     0.036020859155715
33 23
     0.008670920715559    -0.111219405112417     0.000000000000000
    -0.111219457787898     0.137096058089287    -0.000000000000000
     0.000000000000000     0.000000000000000     0.004539075534786
33 24
     0.008670920715559     0.111219405112417     0.000000000000000
     0.111219457787898     0.137096058089287    -0.000000000000000
    -0.000000000000000    -0.000000000000000     0.004539075534786
33 25
     0.207759033064540     0.162858941676940     0.000000000000000
     0.162859018809820     0.019705680897619    -0.000000000000000
    -0.000000000000000    -0.000000000000000     0.001124645235910
33 26
     0.254157846614203    -0.000000000000000    -0.000000000000000
    -0.000000000000000     0.066789487302416     0.000000000000000
    -0.000000000000000    -0.000000000000000    -0.001739426756031
33 27
     0.207759033064540    -0.162858941676940    -0.000000000000000
    -0.162859018809820     0.019705680897619    -0.000000000000000
    -0.000000000000000     0.000000000000000     0.001124645235910
33 28
     0.201308626776151     0.000000000000000    -0.000000000000000
    -0.000000000000000    -0.055541647971305    -0.000000000000000
    -0.000000000000000     0.000000000000000     0.004539075534786
33 29
     0.072753412133993     0.189231176965899    -0.000000000000000
     0.076620542232272    -0.190973887764320    -0.000000000000000
    -0.000000000000000    -0.000000000000000     0.036020859155715
33 30
     0.113631577130363     0.081132860301731     0.000000000000000
     0.081132898727692     0.207315756786257     0.000000000000000
    -0.000000000000000    -0.000000000000000    -0.001739426756031
33 31
     0.113631577130363    -0.081132860301732    -0.000000000000000
    -0.081132898727692     0.207315756786257     0.000000000000000
    -0.000000000000000     0.000000000000000    -0.001739426756031
33 32
     0.072753412133993    -0.189231176965899     0.000000000000000
    -0.076620542232272    -0.190973887764320    -0.000000000000000
    -0.000000000000000     0.000000000000000     0.036020859155715
33 33
    56.143585432439458     0.000000000000001     0.000000000000000
    -0.000000000000002    56.143585432439473    -0.000000000000000
    -0.000000000000006    -0.000000000000003     8.701466701408043
33 34
     1.754847178374390    -0.301258219365463    -0.000000000000000
     0.301399809920078    -4.963397403964903    -0.000000000000000
    -0.000000000000000     0.000000000000000     0.974985203242899
33 35
     0.231821490391816     0.000000000000000    -0.000000000000000
    -0.000000000000000    -1.235140732061477     0.000000000000000
    -0.000000000000000     0.000000000000000    -0.091580972093640
33 36
     1.754847178374390     0.301258219365463    -0.000000000000000
    -0.301399809920079    -4.963397403964904    -0.000000000000000
    -0.000000000000000     0.000000000000000     0.974985203242899
33 37
    -3.283775009668751    -3.210448854894846     0.000000000000000
    -2.607792203453537     0.075224784078240    -0.000000000000000
     0.000000000000000     0.000000000000000     0.974985203242899
33 38
    -3.283775009668751     3.210448854894846    -0.000000000000000
     2.607792203453538     0.075224784078240    -0.000000000000000
     0.000000000000000    -0.000000000000000     0.974985203242899
33 39
    -0.107480545076846     0.403788269555964     0.000000000000000
     0.403788460797243    -0.573735187737535     0.000000000000000
    -0.000000000000000    -0.000000000000000    -0.055505199818114
33 40
    -0.107480545076846    -0.403788269555964    -0.000000000000000
    -0.403788460797243    -0.573735187737535     0.000000000000000
     0.000000000000000     0.000000000000000    -0.055505199818114
33 41
    -0.868400176448153    -0.635213125094237    -0.000000000000000
    -0.635213425942429    -0.134919065221507     0.000000000000000
     0.000000000000000     0.000000000000000    -0.091580972093640
33 42
    -0.806850782190663    -0.000000000000000    -0.000000000000000
     0.000000000000000     0.125700957700396     0.000000000000000
     0.000000000000000    -0.000000000000000    -0.055510108253404
33 43
    -0.868400176448153     0.635213125094237    -0.000000000000000
     0.635213425942429    -0.134919065221507     0.000000000000000
     0.000000000000000    -0.000000000000000    -0.091580972093640
33 44
    -0.806862509067879    -0.000000000000000     0.000000000000000
     0.000000000000000     0.125646776253498     0.000000000000000
     0.000000000000000    -0.000000000000000    -0.055505199818114
33 45
    -3.283897507091406    -2.607720244454332     0.000000000000000
    -3.210379651483617     0.075347281500894    -0.000000000000000
     0.000000000000000     0.000000000000000     0.974985203242899
33 46
    -0.107436977272369    -0.403806652919536     0.000000000000000
    -0.403806844169522    -0.573712847217899     0.000000000000000
     0.000000000000000     0.000000000000000    -0.055510108253404
33 47
    -0.107436977272369     0.403806652919536     0.000000000000000
     0.403806844169522    -0.573712847217899     0.000000000000000
    -0.000000000000000    -0.000000000000000    -0.055510108253404
33 48
    -3.283897507091406     2.607720244454331     0.000000000000000
     3.210379651483618     0.075347281500894    -0.000000000000000
     0.000000000000000    -0.000000000000000     0.974985203242899
33 49
     0.206107401377226    -0.073295653317022    -0.000000000000000
    -0.073295688031142     0.121472850988998     0.000000000000000
    -0.000000000000000     0.000000000000000    -0.454164019222512
33 50
     0.206107401377226     0.073295653317022     0.000000000000000
     0.073295688031142     0.121472850988998     0.000000000000000
    -0.000000000000000    -0.000000000000000    -0.454164019222512
33 51
     0.022412213739009     0.042442259195555     0.000000000000000
     0.042498658706745    -0.196360559635584    -0.000000000000000
    -0.000000000000000     0.000000000000000     0.006704309052258
33 52
     0.022412213739009    -0.042442259195555     0.000000000000000
    -0.042498658706745    -0.196360559635584    -0.000000000000000
    -0.000000000000000     0.000000000000000     0.006704309052258
33 53
    -0.104886869935637    -0.115994781401251     0.000000000000000
    -0.115938456928651    -0.069061475960937    -0.000000000000000
     0.000000000000000     0.000000000000000     0.006704309052258
33 54
    -0.100738423922698    -0.000000000000000     0.000000000000000
     0.000000000000000     0.204756052744739     0.000000000000000
     0.000000000000000    -0.000000000000000    -0.004099157021885
33 55
    -0.104886869935637     0.115994781401251    -0.000000000000000
     0.115938456928651    -0.069061475960937    -0.000000000000000
     0.000000000000000    -0.000000000000000     0.006704309052258
33 56
    -0.159589066078044    -0.000000000000000     0.000000000000000
     0.000000000000000    -0.159589066078044     0.000000000000000
     0.000000000000000     0.000000000000000    -0.011962470357086
33 57
    -0.178447862648234    -0.073467953131074    -0.000000000000000
    -0.073524367336581     0.004499516751659    -0.000000000000000
     0.000000000000000     0.000000000000000     0.006704309052258
33 58
    -0.130034334021586    -0.084633989893809     0.000000000000000
    -0.084634029977967    -0.032307397183424     0.000000000000000
     0.000000000000000     0.000000000000000    -0.004664854189102
33 59
    -0.130034334021586     0.084633989893809    -0.000000000000000
     0.084634029977967    -0.032307397183424     0.000000000000000
     0.000000000000000    -0.000000000000000    -0.004664854189102
33 60
    -0.178447862648234     0.073467953131074    -0.000000000000000
     0.073524367336581     0.004499516751659    -0.000000000000000
     0.000000000000000    -0.000000000000000     0.006704309052258
33 61
     0.079155575794884    -0.000000000000000    -0.000000000000000
    -0.000000000000000     0.248424676571340     0.000000000000000
    -0.000000000000000    -0.000000000000000    -0.454164019222512
33 62
     0.128382433577879    -0.132282957429144     0.000000000000000
    -0.132283020080696    -0.024364804755839     0.000000000000000
    -0.000000000000000     0.000000000000000    -0.004099157021885
33 63
     0.016556071235657     0.000000000000000    -0.000000000000000
    -0.000000000000000    -0.178897802440667     0.000000000000000
    -0.000000000000000     0.000000000000000    -0.004664854189102
33 64
     0.128382433577879     0.132282957429144     0.000000000000000
     0.132283020080696    -0.024364804755839     0.000000000000000
    -0.000000000000000    -0.000000000000000    -0.004099157021885
34 1
    -0.142429681365870     0.267489805636448     0.000000000000000
     0.836803383420380     1.199192883220172     0.000000000000000
     0.000000000000000     0.000000000000000     0.275207376970272
34 2
   -11.658993307526831    -6.466452640881984    -0.000000000000000
    -6.466449578255390   -19.125822465379436    -0.000000000000000
    -0.000000000000000    -0.000000000000002    -4.828767704298100
34 3
   -11.658995959838624     6.466457422993788    -0.000000000000000
     6.466457422993786   -19.125825117692486    -0.000000000000000
     0.000000000000001    -0.000000000000003    -4.828767704298100
34 4
    -0.142429571650998    -0.267489747216796     0.000000000000000
    -0.836803875287079     1.199193226447753     0.000000000000000
    -0.000000000000000     0.000000000000000     0.275207376970272
34 5
     0.665525344891063    -0.000000136487610    -0.000000000000000
    -0.000000136487610     0.665525817698012    -0.000000000000000
    -0.000000000000000     0.000000000000000    -0.058303007933635
34 6
     0.385613580753981     1.141669915858932     0.000000000000000
     0.572355670672201     0.671149120918858     0.000000000000000
     0.000000000000000     0.000000000000000     0.275207376970272
34 7
     1.229528392714639    -0.000000252154772    -0.000000000000000
     0.000000387443797    -1.889210681037565    -0.000000000000000
    -0.000000000000000    -0.000000000000000    -0.210803183970686
34 8
     0.385614049026749    -1.141670074024232     0.000000000000000
    -0.572355945953949     0.671149355679191     0.000000000000000
    -0.000000000000000     0.000000000000000     0.275207376970272
34 9
     1.341959680343730    -0.020209417093026     0.000000000000000
    -0.589522994876958    -0.285197181522531     0.000000000000000
    -0.000000000000000    -0.000000000000000     0.275207376970272
34 10
     1.341959672054653     0.020208866668103     0.000000000000000
     0.589523111854834    -0.285197423324269     0.000000000000000
     0.000000000000000    -0.000000000000000     0.275207376970272
34 11
     0.359335435167835     0.354966162645070     0.000000000000000
     0.354966162645070    -0.050544110820329     0.000000000000000
     0.000000000000000    -0.000000000000000     0.004685101484675
34 12
     0.359335580762466    -0.354966310031927     0.000000000000000
    -0.354966141913688    -0.050543965225629     0.000000000000000
    -0.000000000000000     0.000000000000000     0.004685101484675
34 13
    -1.109524629036763    -1.350453463710922    -0.000000000000000
    -1.350453463710922     0.449844556348272    -0.000000000000000
    -0.000000000000000     0.000000000000000    -0.210803183970686
34 14
   -22.859217989234345     0.000004688025847    -0.000000000000000
     0.000001625399253    -7.925592479047063    -0.000000000000000
     0.000000000000000    -0.000000000000001    -4.828767704298100
34 15
    -1.109525182945240     1.350453918799232    -0.000000000000000
     1.350453279200663     0.449844002439532    -0.000000000000000
     0.000000000000000     0.000000000000000    -0.210803183970686
34 16
    -0.255483757155334     0.000000052395251     0.000000000000000
    -0.000000115722988     0.564275663881503     0.000000000000000
     0.000000000000000     0.000000000000000     0.004685101484675
34 17
    -0.240159181598660     0.104039744641398     0.000000000000000
    -0.008571038612117     0.121938815011378     0.000000000000000
     0.000000000000000     0.000000000000000     0.036020859155715
34 18
    -0.510715084339974     0.000000104738732     0.000000000000000
     0.000000104738732    -0.510715447165587     0.000000000000000
    -0.000000000000000    -0.000000000000000     0.700755218449825
34 19
    -0.240159138925246    -0.104039646136510     0.000000000000000
     0.008570988597116     0.121938811495848     0.000000000000000
     0.000000000000000     0.000000000000000     0.036020859155715
34 20
    -0.074320968786049     0.000000015241931     0.000000000000000
    -0.000000061890949     0.301785816346295     0.000000000000000
     0.000000000000000     0.000000000000000     0.001124645235910
34 21
     0.008670894826387     0.111219442840775     0.000000000000000
     0.111219390165294     0.137096083978471     0.000000000000000
     0.000000000000000     0.000000000000000     0.004539075534786
34 22
    -0.009924901987359     0.124354875072806     0.000000000000000
     0.236965550154645    -0.108295682686032     0.000000000000000
     0.000000000000000    -0.000000000000000     0.036020859155715
34 23
    -0.009924850981376    -0.124354871001969     0.000000000000000
    -0.236965505735595    -0.108295585491061     0.000000000000000
    -0.000000000000000    -0.000000000000000     0.036020859155715
34 24
     0.008670940444681    -0.111219446397282     0.000000000000000
    -0.111219446397282     0.137096129596786     0.000000000000000
    -0.000000000000000     0.000000000000000     0.004539075534786
34 25
     0.201308555268685    -0.000000041284864     0.000000000000000
     0.000000011390617    -0.055541667700437     0.000000000000000
    -0.000000000000000    -0.000000000000000     0.004539075534786
34 26
     0.207758925866297     0.162858956918871     0.000000000000000
     0.162858956918871     0.019705654497814     0.000000000000000
     0.000000000000000     0.000000000000000     0.001124645235910
34 27
     0.254157756334002    -0.000000052123311    -0.000000000000000
    -0.000000013697351     0.066789511026929    -0.000000000000000
    -0.000000000000000     0.000000000000000    -0.001739426756031
34 28
     0.207758992665315    -0.162859042134329     0.000000000000000
    -0.162858965001449     0.019705721296863     0.000000000000000
    -0.000000000000000     0.000000000000000     0.001124645235910
34 29
     0.072753425099018    -0.189231259103775     0.000000000000000
    -0.076620475850260    -0.190973939887255     0.000000000000000
    -0.000000000000000    -0.000000000000000     0.036020859155715
34 30
     0.072753347483035     0.189231229262880     0.000000000000000
     0.076620554181041    -0.190973971314310     0.000000000000000
     0.000000000000000    -0.000000000000000     0.036020859155715
34 31
     0.113631520128011     0.081132865817361    -0.000000000000000
     0.081132827391400     0.207315813788636    -0.000000000000000
     0.000000000000000     0.000000000000000    -0.001739426756031
34 32
     0.113631553405861    -0.081132912425043    -0.000000000000000
    -0.081132912425043     0.207315847066501    -0.000000000000000
    -0.000000000000000     0.000000000000000    -0.001739426756031
34 33
     1.754846493246877     0.301257966488045     0.000000000000000
    -0.301398684953264    -4.963399105217809     0.000000000000000
    -0.000000000000000    -0.000000000000001     0.974985203242899
34 34
    56.143565489501285    -0.000011514063445     0.000000000000000
    -0.000011514063445    56.143605375387082     0.000000000000000
    -0.000000000000000     0.000000000000007     8.701466701408043
34 35
     1.754846616812419    -0.301258686264727     0.000000000000000
     0.301400720764558    -4.963399228841427     0.000000000000000
    -0.000000000000000    -0.000000000000001     0.974985203242899
34 36
     0.231821408045781    -0.000000047542517    -0.000000000000000
     0.000000253305674    -1.235141170799878    -0.000000000000000
    -0.000000000000000    -0.000000000000000    -0.091580972093640
34 37
    -0.107480424088463    -0.403788390944551    -0.000000000000000
    -0.403788199703272    -0.573735308725975    -0.000000000000000
    -0.000000000000000    -0.000000000000000    -0.055505199818114
34 38
    -3.283773184822103    -3.210449321844354     0.000000000000000
    -2.607791292558813     0.075225345611468     0.000000000000000
    -0.000000000000000     0.000000000000000     0.974985203242899
34 39
    -3.283774501635466     3.210450668733534     0.000000000000000
     2.607791261704247     0.075224275986697     0.000000000000000
     0.000000000000000    -0.000000000000000     0.974985203242899
34 40
    -0.107480589708230     0.403788435029295    -0.000000000000000
     0.403788435029295    -0.573735474345820    -0.000000000000000
     0.000000000000000    -0.000000000000000    -0.055505199818114
34 41
    -0.806862222459729     0.000000165473332    -0.000000000000000
    -0.000000025767947     0.125646820884903    -0.000000000000000
     0.000000000000000     0.000000000000000    -0.055505199818114
34 42
    -0.868399737709960    -0.635213172636754    -0.000000000000000
    -0.635213172636754    -0.134918982875433    -0.000000000000000
    -0.000000000000000    -0.000000000000000    -0.091580972093640
34 43
    -0.806850495586680     0.000000165470927    -0.000000000000000
    -0.000000025779059     0.125701002351046    -0.000000000000000
     0.000000000000000     0.000000000000000    -0.055510108253404
34 44
    -0.868399998252074     0.635213528824008    -0.000000000000000
     0.635213227975816    -0.134919243417671    -0.000000000000000
     0.000000000000000    -0.000000000000000    -0.091580972093640
34 45
    -3.283896875405553     2.607721844220928     0.000000000000000
     3.210378495662236     0.075346649872761     0.000000000000000
     0.000000000000000    -0.000000000000000     0.974985203242899
34 46
    -3.283895805810297    -2.607720497281505     0.000000000000000
    -3.210378526567046     0.075347966657739     0.000000000000000
    -0.000000000000000     0.000000000000000     0.974985203242899
34 47
    -0.107436856295692    -0.403806774323588    -0.000000000000000
    -0.403806583073602    -0.573712968194634    -0.000000000000000
    -0.000000000000000    -0.000000000000000    -0.055510108253404
34 48
    -0.107437021922998     0.403806818390463    -0.000000000000000
     0.403806818390463    -0.573713133822018    -0.000000000000000
     0.000000000000000    -0.000000000000000    -0.055510108253404
34 49
     0.022412214482059    -0.042442278867961     0.000000000000000
    -0.042498603340561    -0.196360620669735     0.000000000000000
    -0.000000000000000    -0.000000000000000     0.006704309052258
34 50
     0.206107343196824    -0.073295721621620    -0.000000000000000
    -0.073295686907500     0.121472909169427    -0.000000000000000
    -0.000000000000000     0.000000000000000    -0.454164019222512
34 51
     0.206107313133521     0.073295637083603    -0.000000000000000
     0.073295637083603     0.121472879106110    -0.000000000000000
     0.000000000000000     0.000000000000000    -0.454164019222512
34 52
     0.022412197073735     0.042442269675258     0.000000000000000
     0.042498683880766    -0.196360638101192     0.000000000000000
     0.000000000000000    -0.000000000000000     0.006704309052258
34 53
    -0.159589009389914     0.000000032728915    -0.000000000000000
     0.000000032728915    -0.159589122766201    -0.000000000000000
     0.000000000000000    -0.000000000000000    -0.011962470357086
34 54
    -0.104886808889952    -0.115994801093684     0.000000000000000
    -0.115938401582494    -0.069061476715550     0.000000000000000
    -0.000000000000000    -0.000000000000000     0.006704309052258
34 55
    -0.100738388139088     0.000000020659682    -0.000000000000000
    -0.000000041991871     0.204756125476809    -0.000000000000000
     0.000000000000000     0.000000000000000    -0.004099157021885
34 56
    -0.104886856466938     0.115994844114594     0.000000000000000
     0.115938429909086    -0.069061524269433     0.000000000000000
     0.000000000000000    -0.000000000000000     0.006704309052258
34 57
    -0.178447814328198     0.073468015824390     0.000000000000000
     0.073524340296990     0.004499503271390     0.000000000000000
     0.000000000000000    -0.000000000000000     0.006704309052258
34 58
    -0.178447784194224    -0.073467942631344     0.000000000000000
    -0.073524342142533     0.004499533428504     0.000000000000000
    -0.000000000000000     0.000000000000000     0.006704309052258
34 59
    -0.130034270474740    -0.084633993289169    -0.000000000000000
    -0.084633993289169    -0.032307391302488    -0.000000000000000
    -0.000000000000000    -0.000000000000000    -0.004664854189102
34 60
    -0.130034305188630     0.084634046624686    -0.000000000000000
     0.084634006540528    -0.032307426016394    -0.000000000000000
     0.000000000000000    -0.000000000000000    -0.004664854189102
34 61
     0.128382360845843     0.132282978088825    -0.000000000000000
     0.132282978088825    -0.024364840539466    -0.000000000000000
     0.000000000000000    -0.000000000000000    -0.004099157021885
34 62
     0.079155547677784    -0.000000016233419    -0.000000000000000
    -0.000000050947539     0.248424764815086    -0.000000000000000
     0.000000000000000     0.000000000000000    -0.454164019222512
34 63
     0.128382415103666    -0.132283030746791    -0.000000000000000
    -0.132282968095238    -0.024364786281617    -0.000000000000000
    -0.000000000000000    -0.000000000000000    -0.004099157021885
34 64
     0.016556065354723    -0.000000003395359    -0.000000000000000
     0.000000036688798    -0.178897865987544    -0.000000000000000
     0.000000000000000    -0.000000000000000    -0.004664854189102
35 1
    -0.142429681365870    -0.267489805636448    -0.000000000000000
    -0.836803383420380     1.199192883220172     0.000000000000000
    -0.000000000000000     0.000000000000000     0.275207376970272
35 2
    -0.142429571650998     0.267489747216796    -0.000000000000000
     0.836803875287079     1.199193226447753     0.000000000000000
     0.000000000000000     0.000000000000000     0.275207376970272
35 3
   -11.658995959838625    -6.466457422993789     0.000000000000000
    -6.466457422993788   -19.125825117692486    -0.000000000000000
    -0.000000000000001    -0.000000000000003    -4.828767704298100
35 4
   -11.658993307526831     6.466452640881983     0.000000000000000
     6.466449578255389   -19.125822465379436    -0.000000000000000
     0.000000000000000    -0.000000000000002    -4.828767704298100
35 5
     0.385613580753981    -1.141669915858932    -0.000000000000000
    -0.572355670672201     0.671149120918858     0.000000000000000
    -0.000000000000000     0.000000000000000     0.275207376970272
35 6
     0.665525344891063     0.000000136487610     0.000000000000000
     0.000000136487610     0.665525817698012    -0.000000000000000
     0.000000000000000     0.000000000000000    -0.058303007933635
35 7
     0.385614049026749     1.141670074024232    -0.000000000000000
     0.572355945953949     0.671149355679191     0.000000000000000
     0.000000000000000     0.000000000000000     0.275207376970272
35 8
     1.229528392714640     0.000000252154772     0.000000000000000
    -0.000000387443798    -1.889210681037565    -0.000000000000000
     0.000000000000000    -0.000000000000000    -0.210803183970686
35 9
     0.359335435167835    -0.354966162645070    -0.000000000000000
    -0.354966162645070    -0.050544110820329     0.000000000000000
    -0.000000000000000    -0.000000000000000     0.004685101484675
35 10
     1.341959672054653    -0.020208866668103    -0.000000000000000
    -0.589523111854834    -0.285197423324269     0.000000000000000
    -0.000000000000000    -0.000000000000000     0.275207376970272
35 11
     1.341959680343730     0.020209417093026    -0.000000000000000
     0.589522994876958    -0.285197181522531     0.000000000000000
     0.000000000000000    -0.000000000000000     0.275207376970272
35 12
     0.359335580762466     0.354966310031927    -0.000000000000000
     0.354966141913688    -0.050543965225629     0.000000000000000
     0.000000000000000     0.000000000000000     0.004685101484675
35 13
    -0.255483757155334    -0.000000052395251    -0.000000000000000
     0.000000115722989     0.564275663881503     0.000000000000000
    -0.000000000000000     0.000000000000000     0.004685101484675
35 14
    -1.109525182945240    -1.350453918799232     0.000000000000000
    -1.350453279200663     0.449844002439532    -0.000000000000000
    -0.000000000000000     0.000000000000000    -0.210803183970686
35 15
   -22.859217989234345    -0.000004688025848     0.000000000000000
    -0.000001625399255    -7.925592479047063    -0.000000000000000
    -0.000000000000000    -0.000000000000001    -4.828767704298100
35 16
    -1.109524629036763     1.350453463710922     0.000000000000000
     1.350453463710922     0.449844556348272    -0.000000000000000
     0.000000000000000     0.000000000000000    -0.210803183970686
35 17
    -0.074320968786049    -0.000000015241931    -0.000000000000000
     0.000000061890949     0.301785816346295     0.000000000000000
    -0.000000000000000     0.000000000000000     0.001124645235910
35 18
    -0.240159138925246     0.104039646136510    -0.000000000000000
    -0.008570988597116     0.121938811495848     0.000000000000000
    -0.000000000000000     0.000000000000000     0.036020859155715
35 19
    -0.510715084339974    -0.000000104738732    -0.000000000000000
    -0.000000104738732    -0.510715447165587     0.000000000000000
     0.000000000000000    -0.000000000000000     0.700755218449825
35 20
    -0.240159181598660    -0.104039744641398    -0.000000000000000
     0.008571038612117     0.121938815011378     0.000000000000000
    -0.000000000000000     0.000000000000000     0.036020859155715
35 21
     0.008670894826387    -0.111219442840775    -0.000000000000000
    -0.111219390165294     0.137096083978471     0.000000000000000
    -0.000000000000000     0.000000000000000     0.004539075534786
35 22
     0.008670940444681     0.111219446397282    -0.000000000000000
     0.111219446397282     0.137096129596786     0.000000000000000
     0.000000000000000     0.000000000000000     0.004539075534786
35 23
    -0.009924850981376     0.124354871001969    -0.000000000000000
     0.236965505735595    -0.108295585491061     0.000000000000000
     0.000000000000000    -0.000000000000000     0.036020859155715
35 24
    -0.009924901987359    -0.124354875072806    -0.000000000000000
    -0.236965550154645    -0.108295682686032     0.000000000000000
    -0.000000000000000    -0.000000000000000     0.036020859155715
35 25
     0.207758925866297    -0.162858956918871    -0.000000000000000
    -0.162858956918871     0.019705654497814     0.000000000000000
    -0.000000000000000     0.000000000000000     0.001124645235910
35 26
     0.201308555268685     0.000000041284864    -0.000000000000000
    -0.000000011390617    -0.055541667700437     0.000000000000000
     0.000000000000000    -0.000000000000000     0.004539075534786
35 27
     0.207758992665315     0.162859042134329    -0.000000000000000
     0.162858965001449     0.019705721296863     0.000000000000000
     0.000000000000000     0.000000000000000     0.001124645235910
35 28
     0.254157756334002     0.000000052123311     0.000000000000000
     0.000000013697351     0.066789511026929    -0.000000000000000
     0.000000000000000     0.000000000000000    -0.001739426756031
35 29
     0.113631520128011    -0.081132865817361     0.000000000000000
    -0.081132827391400     0.207315813788636    -0.000000000000000
    -0.000000000000000     0.000000000000000    -0.001739426756031
35 30
     0.072753347483035    -0.189231229262880    -0.000000000000000
    -0.076620554181041    -0.190973971314310     0.000000000000000
    -0.000000000000000    -0.000000000000000     0.036020859155715
35 31
     0.072753425099018     0.189231259103775    -0.000000000000000
     0.076620475850260    -0.190973939887255     0.000000000000000
     0.000000000000000    -0.000000000000000     0.036020859155715
35 32
     0.113631553405861     0.081132912425043     0.000000000000000
     0.081132912425043     0.207315847066501    -0.000000000000000
     0.000000000000000     0.000000000000000    -0.001739426756031
35 33
     0.231821408045781     0.000000047542517     0.000000000000000
    -0.000000253305674    -1.235141170799878    -0.000000000000000
     0.000000000000000    -0.000000000000000    -0.091580972093640
35 34
     1.754846616812419     0.301258686264727    -0.000000000000000
    -0.301400720764559    -4.963399228841427     0.000000000000000
     0.000000000000000    -0.000000000000001     0.974985203242899
35 35
    56.143565489501292     0.000011514063448    -0.000000000000000
     0.000011514063448    56.143605375387082     0.000000000000000
     0.000000000000000     0.000000000000007     8.701466701408043
35 36
     1.754846493246877    -0.301257966488045    -0.000000000000000
     0.301398684953264    -4.963399105217809     0.000000000000000
     0.000000000000000    -0.000000000000001     0.974985203242899
35 37
    -0.107480424088463     0.403788390944551     0.000000000000000
     0.403788199703272    -0.573735308725975    -0.000000000000000
     0.000000000000000    -0.000000000000000    -0.055505199818114
35 38
    -0.107480589708230    -0.403788435029295     0.000000000000000
    -0.403788435029295    -0.573735474345820    -0.000000000000000
    -0.000000000000000    -0.000000000000000    -0.055505199818114
35 39
    -3.283774501635467    -3.210450668733534    -0.000000000000000
    -2.607791261704247     0.075224275986697     0.000000000000000
    -0.000000000000000    -0.000000000000000     0.974985203242899
35 40
    -3.283773184822103     3.210449321844355    -0.000000000000000
     2.607791292558813     0.075225345611468     0.000000000000000
     0.000000000000000     0.000000000000000     0.974985203242899
35 41
    -0.868399737709960     0.635213172636754     0.000000000000000
     0.635213172636754    -0.134918982875433    -0.000000000000000
     0.000000000000000    -0.000000000000000    -0.091580972093640
35 42
    -0.806862222459730    -0.000000165473332     0.000000000000000
     0.000000025767947     0.125646820884903    -0.000000000000000
    -0.000000000000000     0.000000000000000    -0.055505199818114
35 43
    -0.868399998252074    -0.635213528824008     0.000000000000000
    -0.635213227975816    -0.134919243417671    -0.000000000000000
    -0.000000000000000    -0.000000000000000    -0.091580972093640
35 44
    -0.806850495586680    -0.000000165470927     0.000000000000000
     0.000000025779059     0.125701002351046    -0.000000000000000
    -0.000000000000000     0.000000000000000    -0.055510108253404
35 45
    -0.107436856295692     0.403806774323588     0.000000000000000
     0.403806583073602    -0.573712968194634    -0.000000000000000
     0.000000000000000    -0.000000000000000    -0.055510108253404
35 46
    -3.283895805810297     2.607720497281505    -0.000000000000000
     3.210378526567046     0.075347966657739     0.000000000000000
     0.000000000000000     0.000000000000000     0.974985203242899
35 47
    -3.283896875405554    -2.607721844220929    -0.000000000000000
    -3.210378495662237     0.075346649872761     0.000000000000000
    -0.000000000000000    -0.000000000000000     0.974985203242899
35 48
    -0.107437021922999    -0.403806818390463     0.000000000000000
    -0.403806818390463    -0.573713133822018    -0.000000000000000
    -0.000000000000000    -0.000000000000000    -0.055510108253404
35 49
     0.022412214482059     0.042442278867961    -0.000000000000000
     0.042498603340561    -0.196360620669735     0.000000000000000
     0.000000000000000    -0.000000000000000     0.006704309052258
35 50
     0.022412197073735    -0.042442269675258    -0.000000000000000
    -0.042498683880766    -0.196360638101192     0.000000000000000
    -0.000000000000000    -0.000000000000000     0.006704309052258
35 51
     0.206107313133521    -0.073295637083603     0.000000000000000
    -0.073295637083603     0.121472879106110    -0.000000000000000
    -0.000000000000000     0.000000000000000    -0.454164019222512
35 52
     0.206107343196824     0.073295721621620     0.000000000000000
     0.073295686907500     0.121472909169427    -0.000000000000000
     0.000000000000000     0.000000000000000    -0.454164019222512
35 53
    -0.104886808889952     0.115994801093684    -0.000000000000000
     0.115938401582494    -0.069061476715550     0.000000000000000
     0.000000000000000    -0.000000000000000     0.006704309052258
35 54
    -0.159589009389914    -0.000000032728915     0.000000000000000
    -0.000000032728915    -0.159589122766201    -0.000000000000000
    -0.000000000000000    -0.000000000000000    -0.011962470357086
35 55
    -0.104886856466938    -0.115994844114594    -0.000000000000000
    -0.115938429909086    -0.069061524269433     0.000000000000000
    -0.000000000000000    -0.000000000000000     0.006704309052258
35 56
    -0.100738388139088    -0.000000020659682     0.000000000000000
     0.000000041991871     0.204756125476809    -0.000000000000000
    -0.000000000000000     0.000000000000000    -0.004099157021885
35 57
    -0.130034270474740     0.084633993289169     0.000000000000000
     0.084633993289169    -0.032307391302488    -0.000000000000000
     0.000000000000000    -0.000000000000000    -0.004664854189102
35 58
    -0.178447784194224     0.073467942631344    -0.000000000000000
     0.073524342142533     0.004499533428504     0.000000000000000
     0.000000000000000     0.000000000000000     0.006704309052258
35 59
    -0.178447814328198    -0.073468015824390    -0.000000000000000
    -0.073524340296990     0.004499503271390     0.000000000000000
    -0.000000000000000    -0.000000000000000     0.006704309052258
35 60
    -0.130034305188630    -0.084634046624686     0.000000000000000
    -0.084634006540528    -0.032307426016394    -0.000000000000000
    -0.000000000000000    -0.000000000000000    -0.004664854189102
35 61
     0.016556065354723     0.000000003395359     0.000000000000000
    -0.000000036688798    -0.178897865987544    -0.000000000000000
    -0.000000000000000    -0.000000000000000    -0.004664854189102
35 62
     0.128382415103666     0.132283030746791     0.000000000000000
     0.132282968095238    -0.024364786281617    -0.000000000000000
     0.000000000000000    -0.000000000000000    -0.004099157021885
35 63
     0.079155547677784     0.000000016233419     0.000000000000000
     0.000000050947539     0.248424764815086    -0.000000000000000
    -0.000000000000000     0.000000000000000    -0.454164019222512
35 64
     0.128382360845843    -0.132282978088825     0.000000000000000
    -0.132282978088825    -0.024364840539466    -0.000000000000000
    -0.000000000000000    -0.000000000000000    -0.004099157021885
36 1
   -11.658995959838624     6.466457422993784     0.000000000000000
     6.466457422993786   -19.125825117692486     0.000000000000000
     0.000000000000002    -0.000000000000002    -4.828767704298100
36 2
    -0.142429571650998    -0.267489747216796    -0.000000000000000
    -0.836803875287079     1.199193226447753    -0.000000000000000
    -0.000000000000000     0.000000000000000     0.275207376970272
36 3
    -0.142429681365870     0.267489805636448    -0.000000000000000
     0.836803383420380     1.199192883220172    -0.000000000000000
     0.000000000000000     0.000000000000000     0.275207376970272
36 4
   -11.658993307526833    -6.466452640881984     0.000000000000000
    -6.466449578255391   -19.125822465379436     0.000000000000000
     0.000000000000001    -0.000000000000001    -4.828767704298100
36 5
     1.229528392714640    -0.000000252154772     0.000000000000000
     0.000000387443797    -1.889210681037565     0.000000000000000
    -0.000000000000000    -0.000000000000000    -0.210803183970686
36 6
     0.385614049026749    -1.141670074024232    -0.000000000000000
    -0.572355945953949     0.671149355679191    -0.000000000000000
    -0.000000000000000     0.000000000000000     0.275207376970272
36 7
     0.665525344891063    -0.000000136487609     0.000000000000000
    -0.000000136487610     0.665525817698012     0.000000000000000
    -0.000000000000000     0.000000000000000    -0.058303007933635
36 8
     0.385613580753981     1.141669915858933    -0.000000000000000
     0.572355670672201     0.671149120918858    -0.000000000000000
     0.000000000000000    -0.000000000000000     0.275207376970272
36 9
     0.359335435167835     0.354966162645070    -0.000000000000000
     0.354966162645070    -0.050544110820329    -0.000000000000000
    -0.000000000000000    -0.000000000000000     0.004685101484675
36 10
     0.359335580762466    -0.354966310031927    -0.000000000000000
    -0.354966141913688    -0.050543965225629    -0.000000000000000
    -0.000000000000000     0.000000000000000     0.004685101484675
36 11
     1.341959680343730    -0.020209417093026    -0.000000000000000
    -0.589522994876958    -0.285197181522531    -0.000000000000000
    -0.000000000000000    -0.000000000000000     0.275207376970272
36 12
     1.341959672054653     0.020208866668103    -0.000000000000000
     0.589523111854834    -0.285197423324269    -0.000000000000000
    -0.000000000000000    -0.000000000000000     0.275207376970272
36 13
    -1.109525182945240     1.350453918799232     0.000000000000000
     1.350453279200663     0.449844002439532     0.000000000000000
     0.000000000000000    -0.000000000000000    -0.210803183970686
36 14
    -0.255483757155334     0.000000052395251    -0.000000000000000
    -0.000000115722988     0.564275663881503    -0.000000000000000
     0.000000000000000     0.000000000000000     0.004685101484675
36 15
    -1.109524629036763    -1.350453463710922     0.000000000000000
    -1.350453463710922     0.449844556348272     0.000000000000000
    -0.000000000000000     0.000000000000000    -0.210803183970686
36 16
   -22.859217989234345     0.000004688025848     0.000000000000000
     0.000001625399253    -7.925592479047063     0.000000000000000
     0.000000000000002    -0.000000000000001    -4.828767704298100
36 17
    -0.240159138925246    -0.104039646136510    -0.000000000000000
     0.008570988597116     0.121938811495848    -0.000000000000000
     0.000000000000000     0.000000000000000     0.036020859155715
36 18
    -0.074320968786049     0.000000015241931    -0.000000000000000
    -0.000000061890949     0.301785816346295    -0.000000000000000
     0.000000000000000     0.000000000000000     0.001124645235910
36 19
    -0.240159181598660     0.104039744641398    -0.000000000000000
    -0.008571038612117     0.121938815011378    -0.000000000000000
     0.000000000000000    -0.000000000000000     0.036020859155715
36 20
    -0.510715084339974     0.000000104738732    -0.000000000000000
     0.000000104738732    -0.510715447165587    -0.000000000000000
     0.000000000000000    -0.000000000000000     0.700755218449825
36 21
    -0.009924850981376    -0.124354871001969    -0.000000000000000
    -0.236965505735595    -0.108295585491061    -0.000000000000000
    -0.000000000000000    -0.000000000000000     0.036020859155715
36 22
     0.008670940444681    -0.111219446397282    -0.000000000000000
    -0.111219446397282     0.137096129596786    -0.000000000000000
    -0.000000000000000     0.000000000000000     0.004539075534786
36 23
     0.008670894826387     0.111219442840775    -0.000000000000000
     0.111219390165294     0.137096083978471    -0.000000000000000
     0.000000000000000     0.000000000000000     0.004539075534786
36 24
    -0.009924901987359     0.124354875072806    -0.000000000000000
     0.236965550154645    -0.108295682686032    -0.000000000000000
     0.000000000000000    -0.000000000000000     0.036020859155715
36 25
     0.254157756334002    -0.000000052123311     0.000000000000000
    -0.000000013697351     0.066789511026929     0.000000000000000
    -0.000000000000000     0.000000000000000    -0.001739426756031
36 26
     0.207758992665315    -0.162859042134329    -0.000000000000000
    -0.162858965001449     0.019705721296863    -0.000000000000000
    -0.000000000000000     0.000000000000000     0.001124645235910
36 27
     0.201308555268685    -0.000000041284864    -0.000000000000000
     0.000000011390617    -0.055541667700437    -0.000000000000000
    -0.000000000000000    -0.000000000000000     0.004539075534786
36 28
     0.207758925866297     0.162858956918871    -0.000000000000000
     0.162858956918871     0.019705654497814    -0.000000000000000
    -0.000000000000000    -0.000000000000000     0.001124645235910
36 29
     0.113631520128011     0.081132865817361     0.000000000000000
     0.081132827391400     0.207315813788636     0.000000000000000
    -0.000000000000000     0.000000000000000    -0.001739426756031
36 30
     0.113631553405861    -0.081132912425043     0.000000000000000
    -0.081132912425043     0.207315847066501     0.000000000000000
    -0.000000000000000     0.000000000000000    -0.001739426756031
36 31
     0.072753425099018    -0.189231259103775    -0.000000000000000
    -0.076620475850260    -0.190973939887255    -0.000000000000000
    -0.000000000000000     0.000000000000000     0.036020859155715
36 32
     0.072753347483035     0.189231229262880    -0.000000000000000
     0.076620554181041    -0.190973971314310    -0.000000000000000
    -0.000000000000000    -0.000000000000000     0.036020859155715
36 33
     1.754846616812419    -0.301258686264728    -0.000000000000000
     0.301400720764558    -4.963399228841427    -0.000000000000000
    -0.000000000000000    -0.000000000000000     0.974985203242899
36 34
     0.231821408045781    -0.000000047542517     0.000000000000000
     0.000000253305674    -1.235141170799878     0.000000000000000
    -0.000000000000000    -0.000000000000000    -0.091580972093640
36 35
     1.754846493246877     0.301257966488044    -0.000000000000000
    -0.301398684953264    -4.963399105217809    -0.000000000000000
    -0.000000000000000    -0.000000000000000     0.974985203242899
36 36
    56.143565489501285    -0.000011514063445    -0.000000000000000
    -0.000011514063445    56.143605375387082    -0.000000000000000
    -0.000000000000006     0.000000000000004     8.701466701408043
36 37
    -3.283774501635466     3.210450668733534    -0.000000000000000
     2.607791261704248     0.075224275986697    -0.000000000000000
     0.000000000000000    -0.000000000000000     0.974985203242899
36 38
    -0.107480589708230     0.403788435029295     0.000000000000000
     0.403788435029295    -0.573735474345820     0.000000000000000
     0.000000000000000    -0.000000000000000    -0.055505199818114
36 39
    -0.107480424088463    -0.403788390944551     0.000000000000000
    -0.403788199703272    -0.573735308725975     0.000000000000000
    -0.000000000000000    -0.000000000000000    -0.055505199818114
36 40
    -3.283773184822102    -3.210449321844354    -0.000000000000000
    -2.607791292558813     0.075225345611469    -0.000000000000000
     0.000000000000000     0.000000000000000     0.974985203242899
36 41
    -0.806850495586680     0.000000165470927     0.000000000000000
    -0.000000025779059     0.125701002351046     0.000000000000000
     0.000000000000000     0.000000000000000    -0.055510108253404
36 42
    -0.868399998252074     0.635213528824008     0.000000000000000
     0.635213227975816    -0.134919243417671     0.000000000000000
     0.000000000000000    -0.000000000000000    -0.091580972093640
36 43
    -0.806862222459730     0.000000165473332     0.000000000000000
    -0.000000025767948     0.125646820884903     0.000000000000000
     0.000000000000000     0.000000000000000    -0.055505199818114
36 44
    -0.868399737709960    -0.635213172636754     0.000000000000000
    -0.635213172636754    -0.134918982875433     0.000000000000000
     0.000000000000000     0.000000000000000    -0.091580972093640
36 45
    -0.107436856295692    -0.403806774323588     0.000000000000000
    -0.403806583073603    -0.573712968194634     0.000000000000000
    -0.000000000000000    -0.000000000000000    -0.055510108253404
36 46
    -0.107437021922998     0.403806818390463     0.000000000000000
     0.403806818390463    -0.573713133822018     0.000000000000000
     0.000000000000000    -0.000000000000000    -0.055510108253404
36 47
    -3.283896875405553     2.607721844220928    -0.000000000000000
     3.210378495662237     0.075346649872760    -0.000000000000000
     0.000000000000001    -0.000000000000000     0.974985203242899
36 48
    -3.283895805810298    -2.607720497281505    -0.000000000000000
    -3.210378526567047     0.075347966657739    -0.000000000000000
     0.000000000000000     0.000000000000000     0.974985203242899
36 49
     0.206107313133521     0.073295637083603     0.000000000000000
     0.073295637083603     0.121472879106110     0.000000000000000
    -0.000000000000000     0.000000000000000    -0.454164019222512
36 50
     0.022412197073735     0.042442269675258    -0.000000000000000
     0.042498683880766    -0.196360638101192    -0.000000000000000
     0.000000000000000    -0.000000000000000     0.006704309052258
36 51
     0.022412214482059    -0.042442278867961    -0.000000000000000
    -0.042498603340561    -0.196360620669735    -0.000000000000000
    -0.000000000000000    -0.000000000000000     0.006704309052258
36 52
     0.206107343196824    -0.073295721621620     0.000000000000000
    -0.073295686907500     0.121472909169427     0.000000000000000
    -0.000000000000000     0.000000000000000    -0.454164019222512
36 53
    -0.100738388139088     0.000000020659682     0.000000000000000
    -0.000000041991871     0.204756125476809     0.000000000000000
     0.000000000000000     0.000000000000000    -0.004099157021885
36 54
    -0.104886856466938     0.115994844114594    -0.000000000000000
     0.115938429909086    -0.069061524269433    -0.000000000000000
     0.000000000000000    -0.000000000000000     0.006704309052258
36 55
    -0.159589009389914     0.000000032728915     0.000000000000000
     0.000000032728915    -0.159589122766201     0.000000000000000
     0.000000000000000    -0.000000000000000    -0.011962470357086
36 56
    -0.104886808889952    -0.115994801093684    -0.000000000000000
    -0.115938401582494    -0.069061476715550    -0.000000000000000
     0.000000000000000     0.000000000000000     0.006704309052258
36 57
    -0.130034270474740    -0.084633993289169     0.000000000000000
    -0.084633993289169    -0.032307391302488     0.000000000000000
     0.000000000000000     0.000000000000000    -0.004664854189102
36 58
    -0.130034305188630     0.084634046624686     0.000000000000000
     0.084634006540529    -0.032307426016394     0.000000000000000
     0.000000000000000    -0.000000000000000    -0.004664854189102
36 59
    -0.178447814328198     0.073468015824390    -0.000000000000000
     0.073524340296990     0.004499503271390    -0.000000000000000
     0.000000000000000    -0.000000000000000     0.006704309052258
36 60
    -0.178447784194224    -0.073467942631344    -0.000000000000000
    -0.073524342142533     0.004499533428504    -0.000000000000000
     0.000000000000000     0.000000000000000     0.006704309052258
36 61
     0.128382415103666    -0.132283030746791     0.000000000000000
    -0.132282968095238    -0.024364786281617     0.000000000000000
    -0.000000000000000     0.000000000000000    -0.004099157021885
36 62
     0.016556065354723    -0.000000003395360     0.000000000000000
     0.000000036688798    -0.178897865987544     0.000000000000000
    -0.000000000000000    -0.000000000000000    -0.004664854189102
36 63
     0.128382360845843     0.132282978088825     0.000000000000000
     0.132282978088825    -0.024364840539466     0.000000000000000
    -0.000000000000000    -0.000000000000000    -0.004099157021885
36 64
     0.079155547677785    -0.000000016233418     0.000000000000000
    -0.000000050947539     0.248424764815086     0.000000000000000
    -0.000000000000000     0.000000000000000    -0.454164019222512
37 1
   -22.859217989234345     0.000004688025848     0.000000000000000
     0.000001625399253    -7.925592479047063     0.000000000000000
     0.000000000000002    -0.000000000000001    -4.828767704298100
37 2
    -1.109525182945240     1.350453918799232     0.000000000000000
     1.350453279200663     0.449844002439532     0.000000000000000
     0.000000000000000    -0.000000000000000    -0.210803183970686
37 3
    -0.255483757155334     0.000000052395251    -0.000000000000000
    -0.000000115722988     0.564275663881503    -0.000000000000000
     0.000000000000000     0.000000000000000     0.004685101484675
37 4
    -1.109524629036763    -1.350453463710922     0.000000000000000
    -1.350453463710922     0.449844556348272     0.000000000000000
    -0.000000000000000     0.000000000000000    -0.210803183970686
37 5
   -11.658993307526833    -6.466452640881984     0.000000000000000
    -6.466449578255391   -19.125822465379436     0.000000000000000
     0.000000000000001    -0.000000000000001    -4.828767704298100
37 6
   -11.658995959838624     6.466457422993784     0.000000000000000
     6.466457422993786   -19.125825117692486     0.000000000000000
     0.000000000000002    -0.000000000000002    -4.828767704298100
37 7
    -0.142429571650998    -0.267489747216796    -0.000000000000000
    -0.836803875287079     1.199193226447753    -0.000000000000000
    -0.000000000000000     0.000000000000000     0.275207376970272
37 8
    -0.142429681365870     0.267489805636448    -0.000000000000000
     0.836803383420380     1.199192883220172    -0.000000000000000
     0.000000000000000     0.000000000000000     0.275207376970272
37 9
     0.385613580753981     1.141669915858933    -0.000000000000000
     0.572355670672201     0.671149120918858    -0.000000000000000
     0.000000000000000    -0.000000000000000     0.275207376970272
37 10
     1.229528392714640    -0.000000252154772     0.000000000000000
     0.000000387443797    -1.889210681037565     0.000000000000000
    -0.000000000000000    -0.000000000000000    -0.210803183970686
37 11
     0.385614049026749    -1.141670074024232    -0.000000000000000
    -0.572355945953949     0.671149355679191    -0.000000000000000
    -0.000000000000000     0.000000000000000     0.275207376970272
37 12
     0.665525344891063    -0.000000136487609     0.000000000000000
    -0.000000136487610     0.665525817698012     0.000000000000000
    -0.000000000000000     0.000000000000000    -0.058303007933635
37 13
     1.341959672054653     0.020208866668103    -0.000000000000000
     0.589523111854834    -0.285197423324269    -0.000000000000000
    -0.000000000000000    -0.000000000000000     0.275207376970272
37 14
     0.359335435167835     0.354966162645070    -0.000000000000000
     0.354966162645070    -0.050544110820329    -0.000000000000000
    -0.000000000000000    -0.000000000000000     0.004685101484675
37 15
     0.359335580762466    -0.354966310031927    -0.000000000000000
    -0.354966141913688    -0.050543965225629    -0.000000000000000
    -0.000000000000000     0.000000000000000     0.004685101484675
37 16
     1.341959680343730    -0.020209417093026    -0.000000000000000
    -0.589522994876958    -0.285197181522531    -0.000000000000000
    -0.000000000000000    -0.000000000000000     0.275207376970272
37 17
     0.072753347483035     0.189231229262880    -0.000000000000000
     0.076620554181041    -0.190973971314310    -0.000000000000000
    -0.000000000000000    -0.000000000000000     0.036020859155715
37 18
     0.113631520128011     0.081132865817361     0.000000000000000
     0.081132827391400     0.207315813788636     0.000000000000000
    -0.000000000000000     0.000000000000000    -0.001739426756031
37 19
     0.113631553405861    -0.081132912425043     0.000000000000000
    -0.081132912425043     0.207315847066501     0.000000000000000
    -0.000000000000000     0.000000000000000    -0.001739426756031
37 20
     0.072753425099018    -0.189231259103775    -0.000000000000000
    -0.076620475850260    -0.190973939887255    -0.000000000000000
    -0.000000000000000     0.000000000000000     0.036020859155715
37 21
    -0.510715084339974     0.000000104738732    -0.000000000000000
     0.000000104738732    -0.510715447165587    -0.000000000000000
     0.000000000000000    -0.000000000000000     0.700755218449825
37 22
    -0.240159138925246    -0.104039646136510    -0.000000000000000
     0.008570988597116     0.121938811495848    -0.000000000000000
     0.000000000000000     0.000000000000000     0.036020859155715
37 23
    -0.074320968786049     0.000000015241931    -0.000000000000000
    -0.000000061890949     0.301785816346295    -0.000000000000000
     0.000000000000000     0.000000000000000     0.001124645235910
37 24
    -0.240159181598660     0.104039744641398    -0.000000000000000
    -0.008571038612117     0.121938815011378    -0.000000000000000
     0.000000000000000    -0.000000000000000     0.036020859155715
37 25
    -0.009924901987359     0.124354875072806    -0.000000000000000
     0.236965550154645    -0.108295682686032    -0.000000000000000
     0.000000000000000    -0.000000000000000     0.036020859155715
37 26
    -0.009924850981376    -0.124354871001969    -0.000000000000000
    -0.236965505735595    -0.108295585491061    -0.000000000000000
    -0.000000000000000    -0.000000000000000     0.036020859155715
37 27
     0.008670940444681    -0.111219446397282    -0.000000000000000
    -0.111219446397282     0.137096129596786    -0.000000000000000
    -0.000000000000000     0.000000000000000     0.004539075534786
37 28
     0.008670894826387     0.111219442840775    -0.000000000000000
     0.111219390165294     0.137096083978471    -0.000000000000000
     0.000000000000000     0.000000000000000     0.004539075534786
37 29
     0.207758925866297     0.162858956918871    -0.000000000000000
     0.162858956918871     0.019705654497814    -0.000000000000000
    -0.000000000000000    -0.000000000000000     0.001124645235910
37 30
     0.254157756334002    -0.000000052123311     0.000000000000000
    -0.000000013697351     0.066789511026929     0.000000000000000
    -0.000000000000000     0.000000000000000    -0.001739426756031
37 31
     0.207758992665315    -0.162859042134329    -0.000000000000000
    -0.162858965001449     0.019705721296863    -0.000000000000000
    -0.000000000000000     0.000000000000000     0.001124645235910
37 32
     0.201308555268685    -0.000000041284864    -0.000000000000000
     0.000000011390617    -0.055541667700437    -0.000000000000000
    -0.000000000000000    -0.000000000000000     0.004539075534786
37 33
    -3.283895805810298    -2.607720497281505    -0.000000000000000
    -3.210378526567047     0.075347966657739    -0.000000000000000
     0.000000000000000     0.000000000000000     0.974985203242899
37 34
    -0.107436856295692    -0.403806774323588     0.000000000000000
    -0.403806583073603    -0.573712968194634     0.000000000000000
    -0.000000000000000    -0.000000000000000    -0.055510108253404
37 35
    -0.107437021922998     0.403806818390463     0.000000000000000
     0.403806818390463    -0.573713133822018     0.000000000000000
     0.000000000000000    -0.000000000000000    -0.055510108253404
37 36
    -3.283896875405553     2.607721844220928    -0.000000000000000
     3.210378495662237     0.075346649872760    -0.000000000000000
     0.000000000000001    -0.000000000000000     0.974985203242899
37 37
    56.143565489501285    -0.000011514063445    -0.000000000000000
    -0.000011514063445    56.143605375387082    -0.000000000000000
    -0.000000000000006     0.000000000000004     8.701466701408043
37 38
     1.754846616812419    -0.301258686264728    -0.000000000000000
     0.301400720764558    -4.963399228841427    -0.000000000000000
    -0.000000000000000    -0.000000000000000     0.974985203242899
37 39
     0.231821408045781    -0.000000047542517     0.000000000000000
     0.000000253305674    -1.235141170799878     0.000000000000000
    -0.000000000000000    -0.000000000000000    -0.091580972093640
37 40
     1.754846493246877     0.301257966488044    -0.000000000000000
    -0.301398684953264    -4.963399105217809    -0.000000000000000
    -0.000000000000000    -0.000000000000000     0.974985203242899
37 41
    -3.283773184822102    -3.210449321844354    -0.000000000000000
    -2.607791292558813     0.075225345611469    -0.000000000000000
     0.000000000000000     0.000000000000000     0.974985203242899
37 42
    -3.283774501635466     3.210450668733534    -0.000000000000000
     2.607791261704248     0.075224275986697    -0.000000000000000
     0.000000000000000    -0.000000000000000     0.974985203242899
37 43
    -0.107480589708230     0.403788435029295     0.000000000000000
     0.403788435029295    -0.573735474345820     0.000000000000000
     0.000000000000000    -0.000000000000000    -0.055505199818114
37 44
    -0.107480424088463    -0.403788390944551     0.000000000000000
    -0.403788199703272    -0.573735308725975     0.000000000000000
    -0.000000000000000    -0.000000000000000    -0.055505199818114
37 45
    -0.868399737709960    -0.635213172636754     0.000000000000000
    -0.635213172636754    -0.134918982875433     0.000000000000000
     0.000000000000000     0.000000000000000    -0.091580972093640
37 46
    -0.806850495586680     0.000000165470927     0.000000000000000
    -0.000000025779059     0.125701002351046     0.000000000000000
     0.000000000000000     0.000000000000000    -0.055510108253404
37 47
    -0.868399998252074     0.635213528824008     0.000000000000000
     0.635213227975816    -0.134919243417671     0.000000000000000
     0.000000000000000    -0.000000000000000    -0.091580972093640
37 48
    -0.806862222459730     0.000000165473332     0.000000000000000
    -0.000000025767948     0.125646820884903     0.000000000000000
     0.000000000000000     0.000000000000000    -0.055505199818114
37 49
     0.079155547677785    -0.000000016233418     0.000000000000000
    -0.000000050947539     0.248424764815086     0.000000000000000
    -0.000000000000000     0.000000000000000    -0.454164019222512
37 50
     0.128382415103666    -0.132283030746791     0.000000000000000
    -0.132282968095238    -0.024364786281617     0.000000000000000
    -0.000000000000000     0.000000000000000    -0.004099157021885
37 51
     0.016556065354723    -0.000000003395360     0.000000000000000
     0.000000036688798    -0.178897865987544     0.000000000000000
    -0.000000000000000    -0.000000000000000    -0.004664854189102
37 52
     0.128382360845843     0.132282978088825     0.000000000000000
     0.132282978088825    -0.024364840539466     0.000000000000000
    -0.000000000000000    -0.000000000000000    -0.004099157021885
37 53
     0.206107343196824    -0.073295721621620     0.000000000000000
    -0.073295686907500     0.121472909169427     0.000000000000000
    -0.000000000000000     0.000000000000000    -0.454164019222512
37 54
     0.206107313133521     0.073295637083603     0.000000000000000
     0.073295637083603     0.121472879106110     0.000000000000000
    -0.000000000000000     0.000000000000000    -0.454164019222512
37 55
     0.022412197073735     0.042442269675258    -0.000000000000000
     0.042498683880766    -0.196360638101192    -0.000000000000000
     0.000000000000000    -0.000000000000000     0.006704309052258
37 56
     0.022412214482059    -0.042442278867961    -0.000000000000000
    -0.042498603340561    -0.196360620669735    -0.000000000000000
    -0.000000000000000    -0.000000000000000     0.006704309052258
37 57
    -0.104886808889952    -0.115994801093684    -0.000000000000000
    -0.115938401582494    -0.069061476715550    -0.000000000000000
     0.000000000000000     0.000000000000000     0.006704309052258
37 58
    -0.100738388139088     0.000000020659682     0.000000000000000
    -0.000000041991871     0.204756125476809     0.000000000000000
     0.000000000000000     0.000000000000000    -0.004099157021885
37 59
    -0.104886856466938     0.115994844114594    -0.000000000000000
     0.115938429909086    -0.069061524269433    -0.000000000000000
     0.000000000000000    -0.000000000000000     0.006704309052258
37 60
    -0.159589009389914     0.000000032728915     0.000000000000000
     0.000000032728915    -0.159589122766201     0.000000000000000
     0.000000000000000    -0.000000000000000    -0.011962470357086
37 61
    -0.178447784194224    -0.073467942631344    -0.000000000000000
    -0.073524342142533     0.004499533428504    -0.000000000000000
     0.000000000000000     0.000000000000000     0.006704309052258
37 62
    -0.130034270474740    -0.084633993289169     0.000000000000000
    -0.084633993289169    -0.032307391302488     0.000000000000000
     0.000000000000000     0.000000000000000    -0.004664854189102
37 63
    -0.130034305188630     0.084634046624686     0.000000000000000
     0.084634006540529    -0.032307426016394     0.000000000000000
     0.000000000000000    -0.000000000000000    -0.004664854189102
37 64
    -0.178447814328198     0.073468015824390    -0.000000000000000
     0.073524340296990     0.004499503271390    -0.000000000000000
     0.000000000000000    -0.000000000000000     0.006704309052258
38 1
    -1.109524629036763    -1.350453463710922     0.000000000000000
    -1.350453463710922     0.449844556348272     0.000000000000000
    -0.000000000000000     0.000000000000000    -0.210803183970686
38 2
   -22.859217989234345     0.000004688025848     0.000000000000000
     0.000001625399253    -7.925592479047063     0.000000000000000
     0.000000000000002    -0.000000000000001    -4.828767704298100
38 3
    -1.109525182945240     1.350453918799232     0.000000000000000
     1.350453279200663     0.449844002439532     0.000000000000000
     0.000000000000000    -0.000000000000000    -0.210803183970686
38 4
    -0.255483757155334     0.000000052395251    -0.000000000000000
    -0.000000115722988     0.564275663881503    -0.000000000000000
     0.000000000000000     0.000000000000000     0.004685101484675
38 5
    -0.142429681365870     0.267489805636448    -0.000000000000000
     0.836803383420380     1.199192883220172    -0.000000000000000
     0.000000000000000     0.000000000000000     0.275207376970272
38 6
   -11.658993307526833    -6.466452640881984     0.000000000000000
    -6.466449578255391   -19.125822465379436     0.000000000000000
     0.000000000000001    -0.000000000000001    -4.828767704298100
38 7
   -11.658995959838624     6.466457422993784     0.000000000000000
     6.466457422993786   -19.125825117692486     0.000000000000000
     0.000000000000002    -0.000000000000002    -4.828767704298100
38 8
    -0.142429571650998    -0.267489747216796    -0.000000000000000
    -0.836803875287079     1.199193226447753    -0.000000000000000
    -0.000000000000000     0.000000000000000     0.275207376970272
38 9
     0.665525344891063    -0.000000136487609     0.000000000000000
    -0.000000136487610     0.665525817698012     0.000000000000000
    -0.000000000000000     0.000000000000000    -0.058303007933635
38 10
     0.385613580753981     1.141669915858933    -0.000000000000000
     0.572355670672201     0.671149120918858    -0.000000000000000
     0.000000000000000    -0.000000000000000     0.275207376970272
38 11
     1.229528392714640    -0.000000252154772     0.000000000000000
     0.000000387443797    -1.889210681037565     0.000000000000000
    -0.000000000000000    -0.000000000000000    -0.210803183970686
38 12
     0.385614049026749    -1.141670074024232    -0.000000000000000
    -0.572355945953949     0.671149355679191    -0.000000000000000
    -0.000000000000000     0.000000000000000     0.275207376970272
38 13
     1.341959680343730    -0.020209417093026    -0.000000000000000
    -0.589522994876958    -0.285197181522531    -0.000000000000000
    -0.000000000000000    -0.000000000000000     0.275207376970272
38 14
     1.341959672054653     0.020208866668103    -0.000000000000000
     0.589523111854834    -0.285197423324269    -0.000000000000000
    -0.000000000000000    -0.000000000000000     0.275207376970272
38 15
     0.359335435167835     0.354966162645070    -0.000000000000000
     0.354966162645070    -0.050544110820329    -0.000000000000000
    -0.000000000000000    -0.000000000000000     0.004685101484675
38 16
     0.359335580762466    -0.354966310031927    -0.000000000000000
    -0.354966141913688    -0.050543965225629    -0.000000000000000
    -0.000000000000000     0.000000000000000     0.004685101484675
38 17
     0.072753425099018    -0.189231259103775    -0.000000000000000
    -0.076620475850260    -0.190973939887255    -0.000000000000000
    -0.000000000000000     0.000000000000000     0.036020859155715
38 18
     0.072753347483035     0.189231229262880    -0.000000000000000
     0.076620554181041    -0.190973971314310    -0.000000000000000
    -0.000000000000000    -0.000000000000000     0.036020859155715
38 19
     0.113631520128011     0.081132865817361     0.000000000000000
     0.081132827391400     0.207315813788636     0.000000000000000
    -0.000000000000000     0.000000000000000    -0.001739426756031
38 20
     0.113631553405861    -0.081132912425043     0.000000000000000
    -0.081132912425043     0.207315847066501     0.000000000000000
    -0.000000000000000     0.000000000000000    -0.001739426756031
38 21
    -0.240159181598660     0.104039744641398    -0.000000000000000
    -0.008571038612117     0.121938815011378    -0.000000000000000
     0.000000000000000    -0.000000000000000     0.036020859155715
38 22
    -0.510715084339974     0.000000104738732    -0.000000000000000
     0.000000104738732    -0.510715447165587    -0.000000000000000
     0.000000000000000    -0.000000000000000     0.700755218449825
38 23
    -0.240159138925246    -0.104039646136510    -0.000000000000000
     0.008570988597116     0.121938811495848    -0.000000000000000
     0.000000000000000     0.000000000000000     0.036020859155715
38 24
    -0.074320968786049     0.000000015241931    -0.000000000000000
    -0.000000061890949     0.301785816346295    -0.000000000000000
     0.000000000000000     0.000000000000000     0.001124645235910
38 25
     0.008670894826387     0.111219442840775    -0.000000000000000
     0.111219390165294     0.137096083978471    -0.000000000000000
     0.000000000000000     0.000000000000000     0.004539075534786
38 26
    -0.009924901987359     0.124354875072806    -0.000000000000000
     0.236965550154645    -0.108295682686032    -0.000000000000000
     0.000000000000000    -0.000000000000000     0.036020859155715
38 27
    -0.009924850981376    -0.124354871001969    -0.000000000000000
    -0.236965505735595    -0.108295585491061    -0.000000000000000
    -0.000000000000000    -0.000000000000000     0.036020859155715
38 28
     0.008670940444681    -0.111219446397282    -0.000000000000000
    -0.111219446397282     0.137096129596786    -0.000000000000000
    -0.000000000000000     0.000000000000000     0.004539075534786
38 29
     0.201308555268685    -0.000000041284864    -0.000000000000000
     0.000000011390617    -0.055541667700437    -0.000000000000000
    -0.000000000000000    -0.000000000000000     0.004539075534786
38 30
     0.207758925866297     0.162858956918871    -0.000000000000000
     0.162858956918871     0.019705654497814    -0.000000000000000
    -0.000000000000000    -0.000000000000000     0.001124645235910
38 31
     0.254157756334002    -0.000000052123311     0.000000000000000
    -0.000000013697351     0.066789511026929     0.000000000000000
    -0.000000000000000     0.000000000000000    -0.001739426756031
38 32
     0.207758992665315    -0.162859042134329    -0.000000000000000
    -0.162858965001449     0.019705721296863    -0.000000000000000
    -0.000000000000000     0.000000000000000     0.001124645235910
38 33
    -3.283896875405553     2.607721844220928    -0.000000000000000
     3.210378495662237     0.075346649872760    -0.000000000000000
     0.000000000000001    -0.000000000000000     0.974985203242899
38 34
    -3.283895805810298    -2.607720497281505    -0.000000000000000
    -3.210378526567047     0.075347966657739    -0.000000000000000
     0.000000000000000     0.000000000000000     0.974985203242899
38 35
    -0.107436856295692    -0.403806774323588     0.000000000000000
    -0.403806583073603    -0.573712968194634     0.000000000000000
    -0.000000000000000    -0.000000000000000    -0.055510108253404
38 36
    -0.107437021922998     0.403806818390463     0.000000000000000
     0.403806818390463    -0.573713133822018     0.000000000000000
     0.000000000000000    -0.000000000000000    -0.055510108253404
38 37
     1.754846493246877     0.301257966488044    -0.000000000000000
    -0.301398684953264    -4.963399105217809    -0.000000000000000
    -0.000000000000000    -0.000000000000000     0.974985203242899
38 38
    56.143565489501285    -0.000011514063445    -0.000000000000000
    -0.000011514063445    56.143605375387082    -0.000000000000000
    -0.000000000000006     0.000000000000004     8.701466701408043
38 39
     1.754846616812419    -0.301258686264728    -0.000000000000000
     0.301400720764558    -4.963399228841427    -0.000000000000000
    -0.000000000000000    -0.000000000000000     0.974985203242899
38 40
     0.231821408045781    -0.000000047542517     0.000000000000000
     0.000000253305674    -1.235141170799878     0.000000000000000
    -0.000000000000000    -0.000000000000000    -0.091580972093640
38 41
    -0.107480424088463    -0.403788390944551     0.000000000000000
    -0.403788199703272    -0.573735308725975     0.000000000000000
    -0.000000000000000    -0.000000000000000    -0.055505199818114
38 42
    -3.283773184822102    -3.210449321844354    -0.000000000000000
    -2.607791292558813     0.075225345611469    -0.000000000000000
     0.000000000000000     0.000000000000000     0.974985203242899
38 43
    -3.283774501635466     3.210450668733534    -0.000000000000000
     2.607791261704248     0.075224275986697    -0.000000000000000
     0.000000000000000    -0.000000000000000     0.974985203242899
38 44
    -0.107480589708230     0.403788435029295     0.000000000000000
     0.403788435029295    -0.573735474345820     0.000000000000000
     0.000000000000000    -0.000000000000000    -0.055505199818114
38 45
    -0.806862222459730     0.000000165473332     0.000000000000000
    -0.000000025767948     0.125646820884903     0.000000000000000
     0.000000000000000     0.000000000000000    -0.055505199818114
38 46
    -0.868399737709960    -0.635213172636754     0.000000000000000
    -0.635213172636754    -0.134918982875433     0.000000000000000
     0.000000000000000     0.000000000000000    -0.091580972093640
38 47
    -0.806850495586680     0.000000165470927     0.000000000000000
    -0.000000025779059     0.125701002351046     0.000000000000000
     0.000000000000000     0.000000000000000    -0.055510108253404
38 48
    -0.868399998252074     0.635213528824008     0.000000000000000
     0.635213227975816    -0.134919243417671     0.000000000000000
     0.000000000000000    -0.000000000000000    -0.091580972093640
38 49
     0.128382360845843     0.132282978088825     0.000000000000000
     0.132282978088825    -0.024364840539466     0.000000000000000
    -0.000000000000000    -0.000000000000000    -0.004099157021885
38 50
     0.079155547677785    -0.000000016233418     0.000000000000000
    -0.000000050947539     0.248424764815086     0.000000000000000
    -0.000000000000000     0.000000000000000    -0.454164019222512
38 51
     0.128382415103666    -0.132283030746791     0.000000000000000
    -0.132282968095238    -0.024364786281617     0.000000000000000
    -0.000000000000000     0.000000000000000    -0.004099157021885
38 52
     0.016556065354723    -0.000000003395360     0.000000000000000
     0.000000036688798    -0.178897865987544     0.000000000000000
    -0.000000000000000    -0.000000000000000    -0.004664854189102
38 53
     0.022412214482059    -0.042442278867961    -0.000000000000000
    -0.042498603340561    -0.196360620669735    -0.000000000000000
    -0.000000000000000    -0.000000000000000     0.006704309052258
38 54
     0.206107343196824    -0.073295721621620     0.000000000000000
    -0.073295686907500     0.121472909169427     0.000000000000000
    -0.000000000000000     0.000000000000000    -0.454164019222512
38 55
     0.206107313133521     0.073295637083603     0.000000000000000
     0.073295637083603     0.121472879106110     0.000000000000000
    -0.000000000000000     0.000000000000000    -0.454164019222512
38 56
     0.022412197073735     0.042442269675258    -0.000000000000000
     0.042498683880766    -0.196360638101192    -0.000000000000000
     0.000000000000000    -0.000000000000000     0.006704309052258
38 57
    -0.159589009389914     0.000000032728915     0.000000000000000
     0.000000032728915    -0.159589122766201     0.000000000000000
     0.000000000000000    -0.000000000000000    -0.011962470357086
38 58
    -0.104886808889952    -0.115994801093684    -0.000000000000000
    -0.115938401582494    -0.069061476715550    -0.000000000000000
     0.000000000000000     0.000000000000000     0.006704309052258
38 59
    -0.100738388139088     0.000000020659682     0.000000000000000
    -0.000000041991871     0.204756125476809     0.000000000000000
     0.000000000000000     0.000000000000000    -0.004099157021885
38 60
    -0.104886856466938     0.115994844114594    -0.000000000000000
     0.115938429909086    -0.069061524269433    -0.000000000000000
     0.000000000000000    -0.000000000000000     0.006704309052258
38 61
    -0.178447814328198     0.073468015824390    -0.000000000000000
     0.073524340296990     0.004499503271390    -0.000000000000000
     0.000000000000000    -0.000000000000000     0.006704309052258
38 62
    -0.178447784194224    -0.073467942631344    -0.000000000000000
    -0.073524342142533     0.004499533428504    -0.000000000000000
     0.000000000000000     0.000000000000000     0.006704309052258
38 63
    -0.130034270474740    -0.084633993289169     0.000000000000000
    -0.084633993289169    -0.032307391302488     0.000000000000000
     0.000000000000000     0.000000000000000    -0.004664854189102
38 64
    -0.130034305188630     0.084634046624686     0.000000000000000
     0.084634006540529    -0.032307426016394     0.000000000000000
     0.000000000000000    -0.000000000000000    -0.004664854189102
39 1
    -0.255483847906548     0.000000000000000     0.000000000000000
     0.000000000000000     0.564275463443360    -0.000000000000000
     0.000000000000000    -0.000000000000000     0.004685101484675
39 2
    -1.109525300108945    -1.350453211556150    -0.000000000000000
    -1.350453851154719     0.449844119603293     0.000000000000000
     0.000000000000000     0.000000000000000    -0.210803183970686
39 3
   -22.859226109131367    -0.000000000000000    -0.000000000000000
     0.000000000000001    -7.925589663772294     0.000000000000000
     0.000000000000003     0.000000000000000    -4.828767704298100
39 4
    -1.109525300108945     1.350453211556150     0.000000000000000
     1.350453851154719     0.449844119603293     0.000000000000000
     0.000000000000000    -0.000000000000000    -0.210803183970686
39 5
    -0.142429677101324    -0.267489681410732    -0.000000000000000
    -0.836803926597464     1.199192628864805    -0.000000000000000
     0.000000000000000    -0.000000000000000     0.275207376970272
39 6
    -0.142429677101324     0.267489681410733     0.000000000000000
     0.836803926597464     1.199192628864805    -0.000000000000000
    -0.000000000000000    -0.000000000000000     0.275207376970272
39 7
   -11.658998775112060    -6.466452734967941    -0.000000000000000
    -6.466455797594535   -19.125816997791617     0.000000000000000
     0.000000000000002     0.000000000000001    -4.828767704298100
39 8
   -11.658998775112062     6.466452734967940     0.000000000000000
     6.466455797594533   -19.125816997791617     0.000000000000000
     0.000000000000001     0.000000000000000    -4.828767704298100
39 9
     0.385613951865500    -1.141669589405372    -0.000000000000000
    -0.572356011621440     0.671148999897981    -0.000000000000000
    -0.000000000000000     0.000000000000000     0.275207376970272
39 10
     0.665525581294481     0.000000000000000    -0.000000000000000
    -0.000000000000000     0.665525581294481     0.000000000000000
    -0.000000000000000    -0.000000000000000    -0.058303007933635
39 11
     0.385613951865500     1.141669589405372    -0.000000000000000
     0.572356011621440     0.671148999897981    -0.000000000000000
    -0.000000000000000    -0.000000000000000     0.275207376970272
39 12
     1.229528829459412     0.000000000000000     0.000000000000000
    -0.000000000000000    -1.889210009965065     0.000000000000000
    -0.000000000000000     0.000000000000000    -0.210803183970686
39 13
     0.359335635605883    -0.354966110249819    -0.000000000000000
    -0.354966278368058    -0.050544020069071    -0.000000000000000
    -0.000000000000000     0.000000000000000     0.004685101484675
39 14
     1.341960152881045    -0.020209134702011     0.000000000000000
    -0.589523262772294    -0.285197201117564    -0.000000000000000
    -0.000000000000000     0.000000000000000     0.275207376970272
39 15
     1.341960152881045     0.020209134702011     0.000000000000000
     0.589523262772294    -0.285197201117564    -0.000000000000000
    -0.000000000000000     0.000000000000000     0.275207376970272
39 16
     0.359335635605883     0.354966110249819    -0.000000000000000
     0.354966278368058    -0.050544020069071    -0.000000000000000
    -0.000000000000000    -0.000000000000000     0.004685101484675
39 17
     0.113631577130363    -0.081132860301732    -0.000000000000000
    -0.081132898727692     0.207315756786257     0.000000000000000
    -0.000000000000000     0.000000000000000    -0.001739426756031
39 18
     0.072753412133993    -0.189231176965899     0.000000000000000
    -0.076620542232272    -0.190973887764320    -0.000000000000000
    -0.000000000000000     0.000000000000000     0.036020859155715
39 19
     0.072753412133993     0.189231176965899    -0.000000000000000
     0.076620542232272    -0.190973887764320    -0.000000000000000
    -0.000000000000000    -0.000000000000000     0.036020859155715
39 20
     0.113631577130363     0.081132860301731     0.000000000000000
     0.081132898727692     0.207315756786257     0.000000000000000
    -0.000000000000000    -0.000000000000000    -0.001739426756031
39 21
    -0.074320995185842     0.000000000000000     0.000000000000000
     0.000000000000000     0.301785709148001    -0.000000000000000
     0.000000000000000    -0.000000000000000     0.001124645235910
39 22
    -0.240159245569668     0.104039658432685    -0.000000000000000
    -0.008571016649154     0.121938769939342    -0.000000000000000
     0.000000000000000    -0.000000000000000     0.036020859155715
39 23
    -0.510715265752737    -0.000000000000000    -0.000000000000000
     0.000000000000000    -0.510715265752738    -0.000000000000000
     0.000000000000000     0.000000000000000     0.700755218449825
39 24
    -0.240159245569668    -0.104039658432685    -0.000000000000000
     0.008571016649154     0.121938769939342    -0.000000000000000
     0.000000000000000     0.000000000000000     0.036020859155715
39 25
     0.008670920715559    -0.111219405112417     0.000000000000000
    -0.111219457787898     0.137096058089287    -0.000000000000000
     0.000000000000000     0.000000000000000     0.004539075534786
39 26
     0.008670920715559     0.111219405112417     0.000000000000000
     0.111219457787898     0.137096058089287    -0.000000000000000
    -0.000000000000000    -0.000000000000000     0.004539075534786
39 27
    -0.009924880009815     0.124354828864900    -0.000000000000000
     0.236965612118415    -0.108295595620512    -0.000000000000000
    -0.000000000000000    -0.000000000000000     0.036020859155715
39 28
    -0.009924880009815    -0.124354828864900     0.000000000000000
    -0.236965612118415    -0.108295595620512    -0.000000000000000
     0.000000000000000     0.000000000000000     0.036020859155715
39 29
     0.207759033064540    -0.162858941676940    -0.000000000000000
    -0.162859018809820     0.019705680897619    -0.000000000000000
    -0.000000000000000     0.000000000000000     0.001124645235910
39 30
     0.201308626776151     0.000000000000000    -0.000000000000000
    -0.000000000000000    -0.055541647971305    -0.000000000000000
    -0.000000000000000     0.000000000000000     0.004539075534786
39 31
     0.207759033064540     0.162858941676940     0.000000000000000
     0.162859018809820     0.019705680897619    -0.000000000000000
    -0.000000000000000    -0.000000000000000     0.001124645235910
39 32
     0.254157846614203     0.000000000000000    -0.000000000000000
    -0.000000000000000     0.066789487302416     0.000000000000000
    -0.000000000000000    -0.000000000000000    -0.001739426756031
39 33
    -0.107436977272369     0.403806652919536     0.000000000000000
     0.403806844169522    -0.573712847217899     0.000000000000000
    -0.000000000000000    -0.000000000000000    -0.055510108253404
39 34
    -3.283897507091406     2.607720244454331     0.000000000000000
     3.210379651483618     0.075347281500894    -0.000000000000000
     0.000000000000000    -0.000000000000000     0.974985203242899
39 35
    -3.283897507091406    -2.607720244454332     0.000000000000000
    -3.210379651483617     0.075347281500894    -0.000000000000000
     0.000000000000000     0.000000000000000     0.974985203242899
39 36
    -0.107436977272369    -0.403806652919536     0.000000000000000
    -0.403806844169522    -0.573712847217899     0.000000000000000
     0.000000000000000     0.000000000000000    -0.055510108253404
39 37
     0.231821490391816    -0.000000000000000    -0.000000000000000
    -0.000000000000000    -1.235140732061477     0.000000000000000
    -0.000000000000000     0.000000000000000    -0.091580972093640
39 38
     1.754847178374390     0.301258219365463    -0.000000000000000
    -0.301399809920079    -4.963397403964904    -0.000000000000000
    -0.000000000000000     0.000000000000000     0.974985203242899
39 39
    56.143585432439458     0.000000000000002     0.000000000000000
    -0.000000000000000    56.143585432439473    -0.000000000000000
    -0.000000000000006    -0.000000000000003     8.701466701408043
39 40
     1.754847178374390    -0.301258219365463    -0.000000000000000
     0.301399809920078    -4.963397403964903    -0.000000000000000
    -0.000000000000000     0.000000000000000     0.974985203242899
39 41
    -0.107480545076846     0.403788269555964     0.000000000000000
     0.403788460797243    -0.573735187737535     0.000000000000000
    -0.000000000000000    -0.000000000000000    -0.055505199818114
39 42
    -0.107480545076846    -0.403788269555964    -0.000000000000000
    -0.403788460797243    -0.573735187737535     0.000000000000000
     0.000000000000000     0.000000000000000    -0.055505199818114
39 43
    -3.283775009668751    -3.210448854894846     0.000000000000000
    -2.607792203453537     0.075224784078240    -0.000000000000000
     0.000000000000000     0.000000000000000     0.974985203242899
39 44
    -3.283775009668751     3.210448854894846    -0.000000000000000
     2.607792203453538     0.075224784078240    -0.000000000000000
     0.000000000000000    -0.000000000000000     0.974985203242899
39 45
    -0.868400176448153     0.635213125094237    -0.000000000000000
     0.635213425942429    -0.134919065221507     0.000000000000000
     0.000000000000000    -0.000000000000000    -0.091580972093640
39 46
    -0.806862509067879    -0.000000000000000     0.000000000000000
     0.000000000000000     0.125646776253498     0.000000000000000
     0.000000000000000    -0.000000000000000    -0.055505199818114
39 47
    -0.868400176448153    -0.635213125094237    -0.000000000000000
    -0.635213425942429    -0.134919065221507     0.000000000000000
     0.000000000000000     0.000000000000000    -0.091580972093640
39 48
    -0.806850782190663     0.000000000000000    -0.000000000000000
     0.000000000000000     0.125700957700396     0.000000000000000
     0.000000000000000    -0.000000000000000    -0.055510108253404
39 49
     0.016556071235657    -0.000000000000000    -0.000000000000000
    -0.000000000000000    -0.178897802440667     0.000000000000000
    -0.000000000000000     0.000000000000000    -0.004664854189102
39 50
     0.128382433577879     0.132282957429144     0.000000000000000
     0.132283020080696    -0.024364804755839     0.000000000000000
    -0.000000000000000    -0.000000000000000    -0.004099157021885
39 51
     0.079155575794884     0.000000000000000    -0.000000000000000
     0.000000000000000     0.248424676571340     0.000000000000000
    -0.000000000000000    -0.000000000000000    -0.454164019222512
39 52
     0.128382433577879    -0.132282957429144     0.000000000000000
    -0.132283020080696    -0.024364804755839     0.000000000000000
    -0.000000000000000     0.000000000000000    -0.004099157021885
39 53
     0.022412213739009     0.042442259195555     0.000000000000000
     0.042498658706745    -0.196360559635584    -0.000000000000000
    -0.000000000000000     0.000000000000000     0.006704309052258
39 54
     0.022412213739009    -0.042442259195555     0.000000000000000
    -0.042498658706745    -0.196360559635584    -0.000000000000000
    -0.000000000000000     0.000000000000000     0.006704309052258
39 55
     0.206107401377226    -0.073295653317022    -0.000000000000000
    -0.073295688031142     0.121472850988998     0.000000000000000
    -0.000000000000000     0.000000000000000    -0.454164019222512
39 56
     0.206107401377226     0.073295653317022     0.000000000000000
     0.073295688031142     0.121472850988998     0.000000000000000
    -0.000000000000000    -0.000000000000000    -0.454164019222512
39 57
    -0.104886869935637     0.115994781401251    -0.000000000000000
     0.115938456928651    -0.069061475960937    -0.000000000000000
     0.000000000000000    -0.000000000000000     0.006704309052258
39 58
    -0.159589066078044    -0.000000000000000     0.000000000000000
     0.000000000000000    -0.159589066078044     0.000000000000000
     0.000000000000000     0.000000000000000    -0.011962470357086
39 59
    -0.104886869935637    -0.115994781401251     0.000000000000000
    -0.115938456928651    -0.069061475960937    -0.000000000000000
     0.000000000000000     0.000000000000000     0.006704309052258
39 60
    -0.100738423922698     0.000000000000000     0.000000000000000
     0.000000000000000     0.204756052744739     0.000000000000000
     0.000000000000000    -0.000000000000000    -0.004099157021885
39 61
    -0.130034334021586     0.084633989893809    -0.000000000000000
     0.084634029977967    -0.032307397183424     0.000000000000000
     0.000000000000000    -0.000000000000000    -0.004664854189102
39 62
    -0.178447862648234     0.073467953131074    -0.000000000000000
     0.073524367336581     0.004499516751659    -0.000000000000000
     0.000000000000000    -0.000000000000000     0.006704309052258
39 63
    -0.178447862648234    -0.073467953131074    -0.000000000000000
    -0.073524367336581     0.004499516751659    -0.000000000000000
     0.000000000000000     0.000000000000000     0.006704309052258
39 64
    -0.130034334021586    -0.084633989893809     0.000000000000000
    -0.084634029977967    -0.032307397183424     0.000000000000000
     0.000000000000000     0.000000000000000    -0.004664854189102
40 1
    -1.109524629036763     1.350453463710922     0.000000000000000
     1.350453463710922     0.449844556348272    -0.000000000000000
    -0.000000000000000    -0.000000000000000    -0.210803183970686
40 2
    -0.255483757155334    -0.000000052395251    -0.000000000000000
     0.000000115722989     0.564275663881503     0.000000000000000
     0.000000000000000    -0.000000000000000     0.004685101484675
40 3
    -1.109525182945240    -1.350453918799232     0.000000000000000
    -1.350453279200663     0.449844002439532    -0.000000000000000
     0.000000000000000     0.000000000000000    -0.210803183970686
40 4
   -22.859217989234345    -0.000004688025847     0.000000000000000
    -0.000001625399253    -7.925592479047063    -0.000000000000000
     0.000000000000002     0.000000000000001    -4.828767704298100
40 5
   -11.658993307526831     6.466452640881982     0.000000000000000
     6.466449578255389   -19.125822465379436    -0.000000000000000
     0.000000000000001     0.000000000000001    -4.828767704298100
40 6
    -0.142429681365870    -0.267489805636448    -0.000000000000000
    -0.836803383420380     1.199192883220172     0.000000000000000
     0.000000000000000    -0.000000000000000     0.275207376970272
40 7
    -0.142429571650998     0.267489747216796    -0.000000000000000
     0.836803875287079     1.199193226447753     0.000000000000000
    -0.000000000000000    -0.000000000000000     0.275207376970272
40 8
   -11.658995959838624    -6.466457422993786     0.000000000000000
    -6.466457422993788   -19.125825117692486    -0.000000000000000
     0.000000000000002     0.000000000000002    -4.828767704298100
40 9
     1.229528392714639     0.000000252154772     0.000000000000000
    -0.000000387443798    -1.889210681037565    -0.000000000000000
    -0.000000000000000     0.000000000000000    -0.210803183970686
40 10
     0.385613580753981    -1.141669915858932    -0.000000000000000
    -0.572355670672201     0.671149120918858     0.000000000000000
     0.000000000000000     0.000000000000000     0.275207376970272
40 11
     0.665525344891063     0.000000136487610     0.000000000000000
     0.000000136487610     0.665525817698012    -0.000000000000000
    -0.000000000000000    -0.000000000000000    -0.058303007933635
40 12
     0.385614049026749     1.141670074024232    -0.000000000000000
     0.572355945953949     0.671149355679191     0.000000000000000
    -0.000000000000000    -0.000000000000000     0.275207376970272
40 13
     0.359335580762466     0.354966310031927    -0.000000000000000
     0.354966141913688    -0.050543965225629     0.000000000000000
    -0.000000000000000    -0.000000000000000     0.004685101484675
40 14
     0.359335435167835    -0.354966162645070    -0.000000000000000
    -0.354966162645070    -0.050544110820329     0.000000000000000
    -0.000000000000000     0.000000000000000     0.004685101484675
40 15
     1.341959672054653    -0.020208866668103    -0.000000000000000
    -0.589523111854834    -0.285197423324269     0.000000000000000
    -0.000000000000000     0.000000000000000     0.275207376970272
40 16
     1.341959680343730     0.020209417093026    -0.000000000000000
     0.589522994876958    -0.285197181522531     0.000000000000000
    -0.000000000000000     0.000000000000000     0.275207376970272
40 17
     0.113631553405861     0.081132912425043     0.000000000000000
     0.081132912425043     0.207315847066501    -0.000000000000000
    -0.000000000000000    -0.000000000000000    -0.001739426756031
40 18
     0.113631520128011    -0.081132865817361     0.000000000000000
    -0.081132827391400     0.207315813788636    -0.000000000000000
    -0.000000000000000    -0.000000000000000    -0.001739426756031
40 19
     0.072753347483035    -0.189231229262880    -0.000000000000000
    -0.076620554181041    -0.190973971314310     0.000000000000000
    -0.000000000000000     0.000000000000000     0.036020859155715
40 20
     0.072753425099018     0.189231259103775    -0.000000000000000
     0.076620475850260    -0.190973939887255     0.000000000000000
    -0.000000000000000    -0.000000000000000     0.036020859155715
40 21
    -0.240159181598660    -0.104039744641398    -0.000000000000000
     0.008571038612117     0.121938815011378     0.000000000000000
     0.000000000000000     0.000000000000000     0.036020859155715
40 22
    -0.074320968786049    -0.000000015241931    -0.000000000000000
     0.000000061890949     0.301785816346295     0.000000000000000
     0.000000000000000    -0.000000000000000     0.001124645235910
40 23
    -0.240159138925246     0.104039646136510    -0.000000000000000
    -0.008570988597116     0.121938811495848     0.000000000000000
     0.000000000000000    -0.000000000000000     0.036020859155715
40 24
    -0.510715084339974    -0.000000104738732    -0.000000000000000
    -0.000000104738732    -0.510715447165587     0.000000000000000
     0.000000000000000     0.000000000000000     0.700755218449825
40 25
    -0.009924901987359    -0.124354875072806    -0.000000000000000
    -0.236965550154645    -0.108295682686032     0.000000000000000
     0.000000000000000     0.000000000000000     0.036020859155715
40 26
     0.008670894826387    -0.111219442840775    -0.000000000000000
    -0.111219390165294     0.137096083978471     0.000000000000000
     0.000000000000000    -0.000000000000000     0.004539075534786
40 27
     0.008670940444681     0.111219446397282    -0.000000000000000
     0.111219446397282     0.137096129596786     0.000000000000000
    -0.000000000000000    -0.000000000000000     0.004539075534786
40 28
    -0.009924850981376     0.124354871001969    -0.000000000000000
     0.236965505735595    -0.108295585491061     0.000000000000000
    -0.000000000000000     0.000000000000000     0.036020859155715
40 29
     0.254157756334002     0.000000052123311     0.000000000000000
     0.000000013697351     0.066789511026929    -0.000000000000000
    -0.000000000000000    -0.000000000000000    -0.001739426756031
40 30
     0.207758925866297    -0.162858956918871    -0.000000000000000
    -0.162858956918871     0.019705654497814     0.000000000000000
    -0.000000000000000     0.000000000000000     0.001124645235910
40 31
     0.201308555268685     0.000000041284864    -0.000000000000000
    -0.000000011390617    -0.055541667700437     0.000000000000000
    -0.000000000000000     0.000000000000000     0.004539075534786
40 32
     0.207758992665315     0.162859042134329    -0.000000000000000
     0.162858965001449     0.019705721296863     0.000000000000000
    -0.000000000000000    -0.000000000000000     0.001124645235910
40 33
    -0.107437021922999    -0.403806818390463     0.000000000000000
    -0.403806818390463    -0.573713133822018    -0.000000000000000
     0.000000000000000     0.000000000000000    -0.055510108253404
40 34
    -0.107436856295692     0.403806774323588     0.000000000000000
     0.403806583073602    -0.573712968194634    -0.000000000000000
    -0.000000000000000     0.000000000000000    -0.055510108253404
40 35
    -3.283895805810298     2.607720497281505    -0.000000000000000
     3.210378526567047     0.075347966657739     0.000000000000000
     0.000000000000000    -0.000000000000000     0.974985203242899
40 36
    -3.283896875405553    -2.607721844220928    -0.000000000000000
    -3.210378495662237     0.075346649872760     0.000000000000000
     0.000000000000001     0.000000000000000     0.974985203242899
40 37
     1.754846493246877    -0.301257966488044    -0.000000000000000
     0.301398684953264    -4.963399105217809     0.000000000000000
    -0.000000000000000     0.000000000000000     0.974985203242899
40 38
     0.231821408045781     0.000000047542517     0.000000000000000
    -0.000000253305674    -1.235141170799878    -0.000000000000000
    -0.000000000000000     0.000000000000000    -0.091580972093640
40 39
     1.754846616812418     0.301258686264728    -0.000000000000000
    -0.301400720764559    -4.963399228841427     0.000000000000000
    -0.000000000000000     0.000000000000000     0.974985203242899
40 40
    56.143565489501292     0.000011514063448    -0.000000000000000
     0.000011514063448    56.143605375387082     0.000000000000000
    -0.000000000000006    -0.000000000000004     8.701466701408043
40 41
    -3.283773184822102     3.210449321844354    -0.000000000000000
     2.607791292558813     0.075225345611469     0.000000000000000
     0.000000000000000    -0.000000000000000     0.974985203242899
40 42
    -0.107480424088463     0.403788390944551     0.000000000000000
     0.403788199703272    -0.573735308725975    -0.000000000000000
    -0.000000000000000     0.000000000000000    -0.055505199818114
40 43
    -0.107480589708230    -0.403788435029295     0.000000000000000
    -0.403788435029295    -0.573735474345820    -0.000000000000000
     0.000000000000000     0.000000000000000    -0.055505199818114
40 44
    -3.283774501635467    -3.210450668733534    -0.000000000000000
    -2.607791261704248     0.075224275986697     0.000000000000000
     0.000000000000000     0.000000000000000     0.974985203242899
40 45
    -0.806850495586680    -0.000000165470927     0.000000000000000
     0.000000025779059     0.125701002351046    -0.000000000000000
     0.000000000000000    -0.000000000000000    -0.055510108253404
40 46
    -0.868399737709960     0.635213172636754     0.000000000000000
     0.635213172636754    -0.134918982875433    -0.000000000000000
     0.000000000000000    -0.000000000000000    -0.091580972093640
40 47
    -0.806862222459729    -0.000000165473332     0.000000000000000
     0.000000025767948     0.125646820884903    -0.000000000000000
     0.000000000000000    -0.000000000000000    -0.055505199818114
40 48
    -0.868399998252074    -0.635213528824008     0.000000000000000
    -0.635213227975816    -0.134919243417671    -0.000000000000000
     0.000000000000000     0.000000000000000    -0.091580972093640
40 49
     0.128382360845843    -0.132282978088825     0.000000000000000
    -0.132282978088825    -0.024364840539466    -0.000000000000000
    -0.000000000000000     0.000000000000000    -0.004099157021885
40 50
     0.016556065354723     0.000000003395360     0.000000000000000
    -0.000000036688798    -0.178897865987544    -0.000000000000000
    -0.000000000000000     0.000000000000000    -0.004664854189102
40 51
     0.128382415103666     0.132283030746791     0.000000000000000
     0.132282968095238    -0.024364786281617    -0.000000000000000
    -0.000000000000000    -0.000000000000000    -0.004099157021885
40 52
     0.079155547677785     0.000000016233418     0.000000000000000
     0.000000050947539     0.248424764815086    -0.000000000000000
    -0.000000000000000    -0.000000000000000    -0.454164019222512
40 53
     0.206107343196824     0.073295721621620     0.000000000000000
     0.073295686907500     0.121472909169427    -0.000000000000000
    -0.000000000000000    -0.000000000000000    -0.454164019222512
40 54
     0.022412214482059     0.042442278867961    -0.000000000000000
     0.042498603340561    -0.196360620669735     0.000000000000000
    -0.000000000000000     0.000000000000000     0.006704309052258
40 55
     0.022412197073735    -0.042442269675258    -0.000000000000000
    -0.042498683880766    -0.196360638101192     0.000000000000000
     0.000000000000000     0.000000000000000     0.006704309052258
40 56
     0.206107313133521    -0.073295637083603     0.000000000000000
    -0.073295637083603     0.121472879106110    -0.000000000000000
    -0.000000000000000    -0.000000000000000    -0.454164019222512
40 57
    -0.100738388139088    -0.000000020659682     0.000000000000000
     0.000000041991871     0.204756125476809    -0.000000000000000
     0.000000000000000    -0.000000000000000    -0.004099157021885
40 58
    -0.104886808889952     0.115994801093684    -0.000000000000000
     0.115938401582494    -0.069061476715550     0.000000000000000
     0.000000000000000    -0.000000000000000     0.006704309052258
40 59
    -0.159589009389914    -0.000000032728915     0.000000000000000
    -0.000000032728915    -0.159589122766201    -0.000000000000000
     0.000000000000000     0.000000000000000    -0.011962470357086
40 60
    -0.104886856466938    -0.115994844114594    -0.000000000000000
    -0.115938429909086    -0.069061524269433     0.000000000000000
     0.000000000000000     0.000000000000000     0.006704309052258
40 61
    -0.130034305188630    -0.084634046624686     0.000000000000000
    -0.084634006540529    -0.032307426016394    -0.000000000000000
     0.000000000000000     0.000000000000000    -0.004664854189102
40 62
    -0.130034270474740     0.084633993289169     0.000000000000000
     0.084633993289169    -0.032307391302488    -0.000000000000000
     0.000000000000000    -0.000000000000000    -0.004664854189102
40 63
    -0.178447784194224     0.073467942631344    -0.000000000000000
     0.073524342142533     0.004499533428504     0.000000000000000
     0.000000000000000    -0.000000000000000     0.006704309052258
40 64
    -0.178447814328198    -0.073468015824390    -0.000000000000000
    -0.073524340296990     0.004499503271390     0.000000000000000
     0.000000000000000     0.000000000000000     0.006704309052258
41 1
     1.341960152881045     0.020209134702011     0.000000000000000
     0.589523262772294    -0.285197201117564    -0.000000000000000
    -0.000000000000000     0.000000000000000     0.275207376970272
41 2
     0.359335635605883     0.354966110249819    -0.000000000000000
     0.354966278368058    -0.050544020069071    -0.000000000000000
    -0.000000000000000    -0.000000000000000     0.004685101484675
41 3
     0.359335635605883    -0.354966110249819    -0.000000000000000
    -0.354966278368058    -0.050544020069071    -0.000000000000000
    -0.000000000000000     0.000000000000000     0.004685101484675
41 4
     1.341960152881045    -0.020209134702011     0.000000000000000
    -0.589523262772294    -0.285197201117564    -0.000000000000000
    -0.000000000000000     0.000000000000000     0.275207376970272
41 5
   -22.859226109131367    -0.000000000000000    -0.000000000000000
     0.000000000000001    -7.925589663772294     0.000000000000000
     0.000000000000003     0.000000000000000    -4.828767704298100
41 6
    -1.109525300108945     1.350453211556150     0.000000000000000
     1.350453851154719     0.449844119603293     0.000000000000000
     0.000000000000000    -0.000000000000000    -0.210803183970686
41 7
    -0.255483847906548     0.000000000000000     0.000000000000000
     0.000000000000000     0.564275463443360    -0.000000000000000
     0.000000000000000    -0.000000000000000     0.004685101484675
41 8
    -1.109525300108945    -1.350453211556150    -0.000000000000000
    -1.350453851154719     0.449844119603293     0.000000000000000
     0.000000000000000     0.000000000000000    -0.210803183970686
41 9
   -11.658998775112060    -6.466452734967941    -0.000000000000000
    -6.466455797594535   -19.125816997791617     0.000000000000000
     0.000000000000002     0.000000000000001    -4.828767704298100
41 10
   -11.658998775112062     6.466452734967940     0.000000000000000
     6.466455797594533   -19.125816997791617     0.000000000000000
     0.000000000000001     0.000000000000000    -4.828767704298100
41 11
    -0.142429677101324    -0.267489681410732    -0.000000000000000
    -0.836803926597464     1.199192628864805    -0.000000000000000
     0.000000000000000    -0.000000000000000     0.275207376970272
41 12
    -0.142429677101324     0.267489681410733     0.000000000000000
     0.836803926597464     1.199192628864805    -0.000000000000000
    -0.000000000000000    -0.000000000000000     0.275207376970272
41 13
     0.385613951865500     1.141669589405372    -0.000000000000000
     0.572356011621440     0.671148999897981    -0.000000000000000
    -0.000000000000000    -0.000000000000000     0.275207376970272
41 14
     1.229528829459412     0.000000000000000     0.000000000000000
    -0.000000000000000    -1.889210009965065     0.000000000000000
    -0.000000000000000     0.000000000000000    -0.210803183970686
41 15
     0.385613951865500    -1.141669589405372    -0.000000000000000
    -0.572356011621440     0.671148999897981    -0.000000000000000
    -0.000000000000000     0.000000000000000     0.275207376970272
41 16
     0.665525581294481     0.000000000000000    -0.000000000000000
    -0.000000000000000     0.665525581294481     0.000000000000000
    -0.000000000000000    -0.000000000000000    -0.058303007933635
41 17
     0.207759033064540     0.162858941676940     0.000000000000000
     0.162859018809820     0.019705680897619    -0.000000000000000
    -0.000000000000000    -0.000000000000000     0.001124645235910
41 18
     0.254157846614203     0.000000000000000    -0.000000000000000
    -0.000000000000000     0.066789487302416     0.000000000000000
    -0.000000000000000    -0.000000000000000    -0.001739426756031
41 19
     0.207759033064540    -0.162858941676940    -0.000000000000000
    -0.162859018809820     0.019705680897619    -0.000000000000000
    -0.000000000000000     0.000000000000000     0.001124645235910
41 20
     0.201308626776151     0.000000000000000    -0.000000000000000
    -0.000000000000000    -0.055541647971305    -0.000000000000000
    -0.000000000000000     0.000000000000000     0.004539075534786
41 21
     0.072753412133993     0.189231176965899    -0.000000000000000
     0.076620542232272    -0.190973887764320    -0.000000000000000
    -0.000000000000000    -0.000000000000000     0.036020859155715
41 22
     0.113631577130363     0.081132860301731     0.000000000000000
     0.081132898727692     0.207315756786257     0.000000000000000
    -0.000000000000000    -0.000000000000000    -0.001739426756031
41 23
     0.113631577130363    -0.081132860301732    -0.000000000000000
    -0.081132898727692     0.207315756786257     0.000000000000000
    -0.000000000000000     0.000000000000000    -0.001739426756031
41 24
     0.072753412133993    -0.189231176965899     0.000000000000000
    -0.076620542232272    -0.190973887764320    -0.000000000000000
    -0.000000000000000     0.000000000000000     0.036020859155715
41 25
    -0.510715265752737    -0.000000000000000    -0.000000000000000
     0.000000000000000    -0.510715265752738    -0.000000000000000
     0.000000000000000     0.000000000000000     0.700755218449825
41 26
    -0.240159245569668    -0.104039658432685    -0.000000000000000
     0.008571016649154     0.121938769939342    -0.000000000000000
     0.000000000000000     0.000000000000000     0.036020859155715
41 27
    -0.074320995185842     0.000000000000000     0.000000000000000
     0.000000000000000     0.301785709148001    -0.000000000000000
     0.000000000000000    -0.000000000000000     0.001124645235910
41 28
    -0.240159245569668     0.104039658432685    -0.000000000000000
    -0.008571016649154     0.121938769939342    -0.000000000000000
     0.000000000000000    -0.000000000000000     0.036020859155715
41 29
    -0.009924880009815     0.124354828864900    -0.000000000000000
     0.236965612118415    -0.108295595620512    -0.000000000000000
    -0.000000000000000    -0.000000000000000     0.036020859155715
41 30
    -0.009924880009815    -0.124354828864900     0.000000000000000
    -0.236965612118415    -0.108295595620512    -0.000000000000000
     0.000000000000000     0.000000000000000     0.036020859155715
41 31
     0.008670920715559    -0.111219405112417     0.000000000000000
    -0.111219457787898     0.137096058089287    -0.000000000000000
     0.000000000000000     0.000000000000000     0.004539075534786
41 32
     0.008670920715559     0.111219405112417     0.000000000000000
     0.111219457787898     0.137096058089287    -0.000000000000000
    -0.000000000000000    -0.000000000000000     0.004539075534786
41 33
    -0.868400176448153    -0.635213125094237    -0.000000000000000
    -0.635213425942429    -0.134919065221507     0.000000000000000
     0.000000000000000     0.000000000000000    -0.091580972093640
41 34
    -0.806850782190663     0.000000000000000    -0.000000000000000
     0.000000000000000     0.125700957700396     0.000000000000000
     0.000000000000000    -0.000000000000000    -0.055510108253404
41 35
    -0.868400176448153     0.635213125094237    -0.000000000000000
     0.635213425942429    -0.134919065221507     0.000000000000000
     0.000000000000000    -0.000000000000000    -0.091580972093640
41 36
    -0.806862509067879    -0.000000000000000     0.000000000000000
     0.000000000000000     0.125646776253498     0.000000000000000
     0.000000000000000    -0.000000000000000    -0.055505199818114
41 37
    -3.283897507091406    -2.607720244454332     0.000000000000000
    -3.210379651483617     0.075347281500894    -0.000000000000000
     0.000000000000000     0.000000000000000     0.974985203242899
41 38
    -0.107436977272369    -0.403806652919536     0.000000000000000
    -0.403806844169522    -0.573712847217899     0.000000000000000
     0.000000000000000     0.000000000000000    -0.055510108253404
41 39
    -0.107436977272369     0.403806652919536     0.000000000000000
     0.403806844169522    -0.573712847217899     0.000000000000000
    -0.000000000000000    -0.000000000000000    -0.055510108253404
41 40
    -3.283897507091406     2.607720244454331     0.000000000000000
     3.210379651483618     0.075347281500894    -0.000000000000000
     0.000000000000000    -0.000000000000000     0.974985203242899
41 41
    56.143585432439458     0.000000000000002     0.000000000000000
    -0.000000000000000    56.143585432439473    -0.000000000000000
    -0.000000000000006    -0.000000000000003     8.701466701408043
41 42
     1.754847178374390    -0.301258219365463    -0.000000000000000
     0.301399809920078    -4.963397403964903    -0.000000000000000
    -0.000000000000000     0.000000000000000     0.974985203242899
41 43
     0.231821490391816    -0.000000000000000    -0.000000000000000
    -0.000000000000000    -1.235140732061477     0.000000000000000
    -0.000000000000000     0.000000000000000    -0.091580972093640
41 44
     1.754847178374390     0.301258219365463    -0.000000000000000
    -0.301399809920079    -4.963397403964904    -0.000000000000000
    -0.000000000000000     0.000000000000000     0.974985203242899
41 45
    -3.283775009668751    -3.210448854894846     0.000000000000000
    -2.607792203453537     0.075224784078240    -0.000000000000000
     0.000000000000000     0.000000000000000     0.974985203242899
41 46
    -3.283775009668751     3.210448854894846    -0.000000000000000
     2.607792203453538     0.075224784078240    -0.000000000000000
     0.000000000000000    -0.000000000000000     0.974985203242899
41 47
    -0.107480545076846     0.403788269555964     0.000000000000000
     0.403788460797243    -0.573735187737535     0.000000000000000
    -0.000000000000000    -0.000000000000000    -0.055505199818114
41 48
    -0.107480545076846    -0.403788269555964    -0.000000000000000
    -0.403788460797243    -0.573735187737535     0.000000000000000
     0.000000000000000     0.000000000000000    -0.055505199818114
41 49
    -0.178447862648234    -0.073467953131074    -0.000000000000000
    -0.073524367336581     0.004499516751659    -0.000000000000000
     0.000000000000000     0.000000000000000     0.006704309052258
41 50
    -0.130034334021586    -0.084633989893809     0.000000000000000
    -0.084634029977967    -0.032307397183424     0.000000000000000
     0.000000000000000     0.000000000000000    -0.004664854189102
41 51
    -0.130034334021586     0.084633989893809    -0.000000000000000
     0.084634029977967    -0.032307397183424     0.000000000000000
     0.000000000000000    -0.000000000000000    -0.004664854189102
41 52
    -0.178447862648234     0.073467953131074    -0.000000000000000
     0.073524367336581     0.004499516751659    -0.000000000000000
     0.000000000000000    -0.000000000000000     0.006704309052258
41 53
     0.079155575794884     0.000000000000000    -0.000000000000000
     0.000000000000000     0.248424676571340     0.000000000000000
    -0.000000000000000    -0.000000000000000    -0.454164019222512
41 54
     0.128382433577879    -0.132282957429144     0.000000000000000
    -0.132283020080696    -0.024364804755839     0.000000000000000
    -0.000000000000000     0.000000000000000    -0.004099157021885
41 55
     0.016556071235657    -0.000000000000000    -0.000000000000000
    -0.000000000000000    -0.178897802440667     0.000000000000000
    -0.000000000000000     0.000000000000000    -0.004664854189102
41 56
     0.128382433577879     0.132282957429144     0.000000000000000
     0.132283020080696    -0.024364804755839     0.000000000000000
    -0.000000000000000    -0.000000000000000    -0.004099157021885
41 57
     0.206107401377226    -0.073295653317022    -0.000000000000000
    -0.073295688031142     0.121472850988998     0.000000000000000
    -0.000000000000000     0.000000000000000    -0.454164019222512
41 58
     0.206107401377226     0.073295653317022     0.000000000000000
     0.073295688031142     0.121472850988998     0.000000000000000
    -0.000000000000000    -0.000000000000000    -0.454164019222512
41 59
     0.022412213739009     0.042442259195555     0.000000000000000
     0.042498658706745    -0.196360559635584    -0.000000000000000
    -0.000000000000000     0.000000000000000     0.006704309052258
41 60
     0.022412213739009    -0.042442259195555     0.000000000000000
    -0.042498658706745    -0.196360559635584    -0.000000000000000
    -0.000000000000000     0.000000000000000     0.006704309052258
41 61
    -0.104886869935637    -0.115994781401251     0.000000000000000
    -0.115938456928651    -0.069061475960937    -0.000000000000000
     0.000000000000000     0.000000000000000     0.006704309052258
41 62
    -0.100738423922698     0.000000000000000     0.000000000000000
     0.000000000000000     0.204756052744739     0.000000000000000
     0.000000000000000    -0.000000000000000    -0.004099157021885
41 63
    -0.104886869935637     0.115994781401251    -0.000000000000000
     0.115938456928651    -0.069061475960937    -0.000000000000000
     0.000000000000000    -0.000000000000000     0.006704309052258
41 64
    -0.159589066078044    -0.000000000000000     0.000000000000000
     0.000000000000000    -0.159589066078044     0.000000000000000
     0.000000000000000     0.000000000000000    -0.011962470357086
42 1
     1.341959680343730    -0.020209417093026    -0.000000000000000
    -0.589522994876958    -0.285197181522531    -0.000000000000000
    -0.000000000000000    -0.000000000000000     0.275207376970272
42 2
     1.341959672054653     0.020208866668103    -0.000000000000000
     0.589523111854834    -0.285197423324269    -0.000000000000000
    -0.000000000000000    -0.000000000000000     0.275207376970272
42 3
     0.359335435167835     0.354966162645070    -0.000000000000000
     0.354966162645070    -0.050544110820329    -0.000000000000000
    -0.000000000000000    -0.000000000000000     0.004685101484675
42 4
     0.359335580762466    -0.354966310031927    -0.000000000000000
    -0.354966141913688    -0.050543965225629    -0.000000000000000
    -0.000000000000000     0.000000000000000     0.004685101484675
42 5
    -1.109524629036763    -1.350453463710922     0.000000000000000
    -1.350453463710922     0.449844556348272     0.000000000000000
    -0.000000000000000     0.000000000000000    -0.210803183970686
42 6
   -22.859217989234345     0.000004688025848     0.000000000000000
     0.000001625399253    -7.925592479047063     0.000000000000000
     0.000000000000002    -0.000000000000001    -4.828767704298100
42 7
    -1.109525182945240     1.350453918799232     0.000000000000000
     1.350453279200663     0.449844002439532     0.000000000000000
     0.000000000000000    -0.000000000000000    -0.210803183970686
42 8
    -0.255483757155334     0.000000052395251    -0.000000000000000
    -0.000000115722988     0.564275663881503    -0.000000000000000
     0.000000000000000     0.000000000000000     0.004685101484675
42 9
    -0.142429681365870     0.267489805636448    -0.000000000000000
     0.836803383420380     1.199192883220172    -0.000000000000000
     0.000000000000000     0.000000000000000     0.275207376970272
42 10
   -11.658993307526833    -6.466452640881984     0.000000000000000
    -6.466449578255391   -19.125822465379436     0.000000000000000
     0.000000000000001    -0.000000000000001    -4.828767704298100
42 11
   -11.658995959838624     6.466457422993784     0.000000000000000
     6.466457422993786   -19.125825117692486     0.000000000000000
     0.000000000000002    -0.000000000000002    -4.828767704298100
42 12
    -0.142429571650998    -0.267489747216796    -0.000000000000000
    -0.836803875287079     1.199193226447753    -0.000000000000000
    -0.000000000000000     0.000000000000000     0.275207376970272
42 13
     0.665525344891063    -0.000000136487609     0.000000000000000
    -0.000000136487610     0.665525817698012     0.000000000000000
    -0.000000000000000     0.000000000000000    -0.058303007933635
42 14
     0.385613580753981     1.141669915858933    -0.000000000000000
     0.572355670672201     0.671149120918858    -0.000000000000000
     0.000000000000000    -0.000000000000000     0.275207376970272
42 15
     1.229528392714640    -0.000000252154772     0.000000000000000
     0.000000387443797    -1.889210681037565     0.000000000000000
    -0.000000000000000    -0.000000000000000    -0.210803183970686
42 16
     0.385614049026749    -1.141670074024232    -0.000000000000000
    -0.572355945953949     0.671149355679191    -0.000000000000000
    -0.000000000000000     0.000000000000000     0.275207376970272
42 17
     0.201308555268685    -0.000000041284864    -0.000000000000000
     0.000000011390617    -0.055541667700437    -0.000000000000000
    -0.000000000000000    -0.000000000000000     0.004539075534786
42 18
     0.207758925866297     0.162858956918871    -0.000000000000000
     0.162858956918871     0.019705654497814    -0.000000000000000
    -0.000000000000000    -0.000000000000000     0.001124645235910
42 19
     0.254157756334002    -0.000000052123311     0.000000000000000
    -0.000000013697351     0.066789511026929     0.000000000000000
    -0.000000000000000     0.000000000000000    -0.001739426756031
42 20
     0.207758992665315    -0.162859042134329    -0.000000000000000
    -0.162858965001449     0.019705721296863    -0.000000000000000
    -0.000000000000000     0.000000000000000     0.001124645235910
42 21
     0.072753425099018    -0.189231259103775    -0.000000000000000
    -0.076620475850260    -0.190973939887255    -0.000000000000000
    -0.000000000000000     0.000000000000000     0.036020859155715
42 22
     0.072753347483035     0.189231229262880    -0.000000000000000
     0.076620554181041    -0.190973971314310    -0.000000000000000
    -0.000000000000000    -0.000000000000000     0.036020859155715
42 23
     0.113631520128011     0.081132865817361     0.000000000000000
     0.081132827391400     0.207315813788636     0.000000000000000
    -0.000000000000000     0.000000000000000    -0.001739426756031
42 24
     0.113631553405861    -0.081132912425043     0.000000000000000
    -0.081132912425043     0.207315847066501     0.000000000000000
    -0.000000000000000     0.000000000000000    -0.001739426756031
42 25
    -0.240159181598660     0.104039744641398    -0.000000000000000
    -0.008571038612117     0.121938815011378    -0.000000000000000
     0.000000000000000    -0.000000000000000     0.036020859155715
42 26
    -0.510715084339974     0.000000104738732    -0.000000000000000
     0.000000104738732    -0.510715447165587    -0.000000000000000
     0.000000000000000    -0.000000000000000     0.700755218449825
42 27
    -0.240159138925246    -0.104039646136510    -0.000000000000000
     0.008570988597116     0.121938811495848    -0.000000000000000
     0.000000000000000     0.000000000000000     0.036020859155715
42 28
    -0.074320968786049     0.000000015241931    -0.000000000000000
    -0.000000061890949     0.301785816346295    -0.000000000000000
     0.000000000000000     0.000000000000000     0.001124645235910
42 29
     0.008670894826387     0.111219442840775    -0.000000000000000
     0.111219390165294     0.137096083978471    -0.000000000000000
     0.000000000000000     0.000000000000000     0.004539075534786
42 30
    -0.009924901987359     0.124354875072806    -0.000000000000000
     0.236965550154645    -0.108295682686032    -0.000000000000000
     0.000000000000000    -0.000000000000000     0.036020859155715
42 31
    -0.009924850981376    -0.124354871001969    -0.000000000000000
    -0.236965505735595    -0.108295585491061    -0.000000000000000
    -0.000000000000000    -0.000000000000000     0.036020859155715
42 32
     0.008670940444681    -0.111219446397282    -0.000000000000000
    -0.111219446397282     0.137096129596786    -0.000000000000000
    -0.000000000000000     0.000000000000000     0.004539075534786
42 33
    -0.806862222459730     0.000000165473332     0.000000000000000
    -0.000000025767948     0.125646820884903     0.000000000000000
     0.000000000000000     0.000000000000000    -0.055505199818114
42 34
    -0.868399737709960    -0.635213172636754     0.000000000000000
    -0.635213172636754    -0.134918982875433     0.000000000000000
     0.000000000000000     0.000000000000000    -0.091580972093640
42 35
    -0.806850495586680     0.000000165470927     0.000000000000000
    -0.000000025779059     0.125701002351046     0.000000000000000
     0.000000000000000     0.000000000000000    -0.055510108253404
42 36
    -0.868399998252074     0.635213528824008     0.000000000000000
     0.635213227975816    -0.134919243417671     0.000000000000000
     0.000000000000000    -0.000000000000000    -0.091580972093640
42 37
    -3.283896875405553     2.607721844220928    -0.000000000000000
     3.210378495662237     0.075346649872760    -0.000000000000000
     0.000000000000001    -0.000000000000000     0.974985203242899
42 38
    -3.283895805810298    -2.607720497281505    -0.000000000000000
    -3.210378526567047     0.075347966657739    -0.000000000000000
     0.000000000000000     0.000000000000000     0.974985203242899
42 39
    -0.107436856295692    -0.403806774323588     0.000000000000000
    -0.403806583073603    -0.573712968194634     0.000000000000000
    -0.000000000000000    -0.000000000000000    -0.055510108253404
42 40
    -0.107437021922998     0.403806818390463     0.000000000000000
     0.403806818390463    -0.573713133822018     0.000000000000000
     0.000000000000000    -0.000000000000000    -0.055510108253404
42 41
     1.754846493246877     0.301257966488044    -0.000000000000000
    -0.301398684953264    -4.963399105217809    -0.000000000000000
    -0.000000000000000    -0.000000000000000     0.974985203242899
42 42
    56.143565489501285    -0.000011514063445    -0.000000000000000
    -0.000011514063445    56.143605375387082    -0.000000000000000
    -0.000000000000006     0.000000000000004     8.701466701408043
42 43
     1.754846616812419    -0.301258686264728    -0.000000000000000
     0.301400720764558    -4.963399228841427    -0.000000000000000
    -0.000000000000000    -0.000000000000000     0.974985203242899
42 44
     0.231821408045781    -0.000000047542517     0.000000000000000
     0.000000253305674    -1.235141170799878     0.000000000000000
    -0.000000000000000    -0.000000000000000    -0.091580972093640
42 45
    -0.107480424088463    -0.403788390944551     0.000000000000000
    -0.403788199703272    -0.573735308725975     0.000000000000000
    -0.000000000000000    -0.000000000000000    -0.055505199818114
42 46
    -3.283773184822102    -3.210449321844354    -0.000000000000000
    -2.607791292558813     0.075225345611469    -0.000000000000000
     0.000000000000000     0.000000000000000     0.974985203242899
42 47
    -3.283774501635466     3.210450668733534    -0.000000000000000
     2.607791261704248     0.075224275986697    -0.000000000000000
     0.000000000000000    -0.000000000000000     0.974985203242899
42 48
    -0.107480589708230     0.403788435029295     0.000000000000000
     0.403788435029295    -0.573735474345820     0.000000000000000
     0.000000000000000    -0.000000000000000    -0.055505199818114
42 49
    -0.178447814328198     0.073468015824390    -0.000000000000000
     0.073524340296990     0.004499503271390    -0.000000000000000
     0.000000000000000    -0.000000000000000     0.006704309052258
42 50
    -0.178447784194224    -0.073467942631344    -0.000000000000000
    -0.073524342142533     0.004499533428504    -0.000000000000000
     0.000000000000000     0.000000000000000     0.006704309052258
42 51
    -0.130034270474740    -0.084633993289169     0.000000000000000
    -0.084633993289169    -0.032307391302488     0.000000000000000
     0.000000000000000     0.000000000000000    -0.004664854189102
42 52
    -0.130034305188630     0.084634046624686     0.000000000000000
     0.084634006540529    -0.032307426016394     0.000000000000000
     0.000000000000000    -0.000000000000000    -0.004664854189102
42 53
     0.128382360845843     0.132282978088825     0.000000000000000
     0.132282978088825    -0.024364840539466     0.000000000000000
    -0.000000000000000    -0.000000000000000    -0.004099157021885
42 54
     0.079155547677785    -0.000000016233418     0.000000000000000
    -0.000000050947539     0.248424764815086     0.000000000000000
    -0.000000000000000     0.000000000000000    -0.454164019222512
42 55
     0.128382415103666    -0.132283030746791     0.000000000000000
    -0.132282968095238    -0.024364786281617     0.000000000000000
    -0.000000000000000     0.000000000000000    -0.004099157021885
42 56
     0.016556065354723    -0.000000003395360     0.000000000000000
     0.000000036688798    -0.178897865987544     0.000000000000000
    -0.000000000000000    -0.000000000000000    -0.004664854189102
42 57
     0.022412214482059    -0.042442278867961    -0.000000000000000
    -0.042498603340561    -0.196360620669735    -0.000000000000000
    -0.000000000000000    -0.000000000000000     0.006704309052258
42 58
     0.206107343196824    -0.073295721621620     0.000000000000000
    -0.073295686907500     0.121472909169427     0.000000000000000
    -0.000000000000000     0.000000000000000    -0.454164019222512
42 59
     0.206107313133521     0.073295637083603     0.000000000000000
     0.073295637083603     0.121472879106110     0.000000000000000
    -0.000000000000000     0.000000000000000    -0.454164019222512
42 60
     0.022412197073735     0.042442269675258    -0.000000000000000
     0.042498683880766    -0.196360638101192    -0.000000000000000
     0.000000000000000    -0.000000000000000     0.006704309052258
42 61
    -0.159589009389914     0.000000032728915     0.000000000000000
     0.000000032728915    -0.159589122766201     0.000000000000000
     0.000000000000000    -0.000000000000000    -0.011962470357086
42 62
    -0.104886808889952    -0.115994801093684    -0.000000000000000
    -0.115938401582494    -0.069061476715550    -0.000000000000000
     0.000000000000000     0.000000000000000     0.006704309052258
42 63
    -0.100738388139088     0.000000020659682     0.000000000000000
    -0.000000041991871     0.204756125476809     0.000000000000000
     0.000000000000000     0.000000000000000    -0.004099157021885
42 64
    -0.104886856466938     0.115994844114594    -0.000000000000000
     0.115938429909086    -0.069061524269433    -0.000000000000000
     0.000000000000000    -0.000000000000000     0.006704309052258
43 1
     0.359335635605883    -0.354966110249819    -0.000000000000000
    -0.354966278368058    -0.050544020069071     0.000000000000000
    -0.000000000000000     0.000000000000000     0.004685101484675
43 2
     1.341960152881045    -0.020209134702011     0.000000000000000
    -0.589523262772294    -0.285197201117564     0.000000000000000
    -0.000000000000000    -0.000000000000000     0.275207376970272
43 3
     1.341960152881045     0.020209134702011     0.000000000000000
     0.589523262772294    -0.285197201117564     0.000000000000000
    -0.000000000000000    -0.000000000000000     0.275207376970272
43 4
     0.359335635605883     0.354966110249819    -0.000000000000000
     0.354966278368058    -0.050544020069071     0.000000000000000
    -0.000000000000000    -0.000000000000000     0.004685101484675
43 5
    -0.255483847906548     0.000000000000000     0.000000000000000
     0.000000000000000     0.564275463443360     0.000000000000000
     0.000000000000000     0.000000000000000     0.004685101484675
43 6
    -1.109525300108945    -1.350453211556150     0.000000000000000
    -1.350453851154719     0.449844119603293    -0.000000000000000
     0.000000000000000     0.000000000000000    -0.210803183970686
43 7
   -22.859226109131367    -0.000000000000000    -0.000000000000000
    -0.000000000000002    -7.925589663772294    -0.000000000000000
     0.000000000000003    -0.000000000000000    -4.828767704298100
43 8
    -1.109525300108945     1.350453211556150    -0.000000000000000
     1.350453851154719     0.449844119603293    -0.000000000000000
     0.000000000000000    -0.000000000000000    -0.210803183970686
43 9
    -0.142429677101324    -0.267489681410732     0.000000000000000
    -0.836803926597464     1.199192628864805     0.000000000000000
    -0.000000000000000     0.000000000000000     0.275207376970272
43 10
    -0.142429677101324     0.267489681410733    -0.000000000000000
     0.836803926597464     1.199192628864805     0.000000000000000
     0.000000000000000     0.000000000000000     0.275207376970272
43 11
   -11.658998775112062    -6.466452734967943     0.000000000000000
    -6.466455797594536   -19.125816997791617    -0.000000000000000
     0.000000000000001    -0.000000000000000    -4.828767704298100
43 12
   -11.658998775112060     6.466452734967938    -0.000000000000000
     6.466455797594532   -19.125816997791617    -0.000000000000000
     0.000000000000002    -0.000000000000001    -4.828767704298100
43 13
     0.385613951865500    -1.141669589405372    -0.000000000000000
    -0.572356011621440     0.671148999897981     0.000000000000000
    -0.000000000000000     0.000000000000000     0.275207376970272
43 14
     0.665525581294481     0.000000000000000    -0.000000000000000
     0.000000000000000     0.665525581294481    -0.000000000000000
    -0.000000000000000     0.000000000000000    -0.058303007933635
43 15
     0.385613951865500     1.141669589405372    -0.000000000000000
     0.572356011621440     0.671148999897981     0.000000000000000
    -0.000000000000000    -0.000000000000000     0.275207376970272
43 16
     1.229528829459412    -0.000000000000000     0.000000000000000
    -0.000000000000000    -1.889210009965065    -0.000000000000000
    -0.000000000000000    -0.000000000000000    -0.210803183970686
43 17
     0.207759033064540    -0.162858941676940     0.000000000000000
    -0.162859018809820     0.019705680897619     0.000000000000000
    -0.000000000000000     0.000000000000000     0.001124645235910
43 18
     0.201308626776151    -0.000000000000000    -0.000000000000000
     0.000000000000000    -0.055541647971305     0.000000000000000
    -0.000000000000000    -0.000000000000000     0.004539075534786
43 19
     0.207759033064540     0.162858941676940    -0.000000000000000
     0.162859018809820     0.019705680897619     0.000000000000000
    -0.000000000000000    -0.000000000000000     0.001124645235910
43 20
     0.254157846614203     0.000000000000000    -0.000000000000000
     0.000000000000000     0.066789487302416    -0.000000000000000
    -0.000000000000000     0.000000000000000    -0.001739426756031
43 21
     0.113631577130363    -0.081132860301731     0.000000000000000
    -0.081132898727692     0.207315756786257    -0.000000000000000
    -0.000000000000000     0.000000000000000    -0.001739426756031
43 22
     0.072753412133993    -0.189231176965899    -0.000000000000000
    -0.076620542232272    -0.190973887764320     0.000000000000000
    -0.000000000000000     0.000000000000000     0.036020859155715
43 23
     0.072753412133993     0.189231176965899     0.000000000000000
     0.076620542232272    -0.190973887764320     0.000000000000000
    -0.000000000000000    -0.000000000000000     0.036020859155715
43 24
     0.113631577130363     0.081132860301732    -0.000000000000000
     0.081132898727692     0.207315756786257    -0.000000000000000
    -0.000000000000000    -0.000000000000000    -0.001739426756031
43 25
    -0.074320995185842     0.000000000000000     0.000000000000000
     0.000000000000000     0.301785709148001     0.000000000000000
     0.000000000000000     0.000000000000000     0.001124645235910
43 26
    -0.240159245569668     0.104039658432685    -0.000000000000000
    -0.008571016649154     0.121938769939342     0.000000000000000
     0.000000000000000    -0.000000000000000     0.036020859155715
43 27
    -0.510715265752737    -0.000000000000000    -0.000000000000000
    -0.000000000000000    -0.510715265752738     0.000000000000000
     0.000000000000000    -0.000000000000000     0.700755218449825
43 28
    -0.240159245569668    -0.104039658432685    -0.000000000000000
     0.008571016649154     0.121938769939342     0.000000000000000
     0.000000000000000     0.000000000000000     0.036020859155715
43 29
     0.008670920715559    -0.111219405112417     0.000000000000000
    -0.111219457787898     0.137096058089287     0.000000000000000
    -0.000000000000000     0.000000000000000     0.004539075534786
43 30
     0.008670920715559     0.111219405112417     0.000000000000000
     0.111219457787898     0.137096058089287     0.000000000000000
     0.000000000000000    -0.000000000000000     0.004539075534786
43 31
    -0.009924880009815     0.124354828864900     0.000000000000000
     0.236965612118415    -0.108295595620512     0.000000000000000
     0.000000000000000    -0.000000000000000     0.036020859155715
43 32
    -0.009924880009815    -0.124354828864900    -0.000000000000000
    -0.236965612118415    -0.108295595620512     0.000000000000000
    -0.000000000000000     0.000000000000000     0.036020859155715
43 33
    -0.868400176448153     0.635213125094237    -0.000000000000000
     0.635213425942429    -0.134919065221507    -0.000000000000000
     0.000000000000000    -0.000000000000000    -0.091580972093640
43 34
    -0.806862509067879     0.000000000000000     0.000000000000000
    -0.000000000000000     0.125646776253498    -0.000000000000000
     0.000000000000000     0.000000000000000    -0.055505199818114
43 35
    -0.868400176448153    -0.635213125094237    -0.000000000000000
    -0.635213425942429    -0.134919065221507    -0.000000000000000
     0.000000000000000     0.000000000000000    -0.091580972093640
43 36
    -0.806850782190663     0.000000000000000    -0.000000000000000
    -0.000000000000000     0.125700957700396    -0.000000000000000
     0.000000000000000     0.000000000000000    -0.055510108253404
43 37
    -0.107436977272369     0.403806652919536     0.000000000000000
     0.403806844169522    -0.573712847217899    -0.000000000000000
     0.000000000000000    -0.000000000000000    -0.055510108253404
43 38
    -3.283897507091406     2.607720244454332     0.000000000000000
     3.210379651483617     0.075347281500894     0.000000000000000
     0.000000000000000    -0.000000000000000     0.974985203242899
43 39
    -3.283897507091406    -2.607720244454331     0.000000000000000
    -3.210379651483618     0.075347281500894     0.000000000000000
     0.000000000000000     0.000000000000000     0.974985203242899
43 40
    -0.107436977272369    -0.403806652919536     0.000000000000000
    -0.403806844169522    -0.573712847217899    -0.000000000000000
    -0.000000000000000     0.000000000000000    -0.055510108253404
43 41
     0.231821490391816    -0.000000000000000    -0.000000000000000
    -0.000000000000000    -1.235140732061477    -0.000000000000000
    -0.000000000000000    -0.000000000000000    -0.091580972093640
43 42
     1.754847178374390     0.301258219365462    -0.000000000000000
    -0.301399809920079    -4.963397403964903     0.000000000000000
    -0.000000000000000    -0.000000000000000     0.974985203242899
43 43
    56.143585432439458     0.000000000000004     0.000000000000000
     0.000000000000006    56.143585432439473     0.000000000000000
    -0.000000000000006     0.000000000000003     8.701466701408043
43 44
     1.754847178374390    -0.301258219365464    -0.000000000000000
     0.301399809920078    -4.963397403964904     0.000000000000000
    -0.000000000000000    -0.000000000000000     0.974985203242899
43 45
    -0.107480545076846     0.403788269555964    -0.000000000000000
     0.403788460797243    -0.573735187737535    -0.000000000000000
     0.000000000000000    -0.000000000000000    -0.055505199818114
43 46
    -0.107480545076846    -0.403788269555964     0.000000000000000
    -0.403788460797243    -0.573735187737535    -0.000000000000000
    -0.000000000000000     0.000000000000000    -0.055505199818114
43 47
    -3.283775009668752    -3.210448854894846    -0.000000000000000
    -2.607792203453538     0.075224784078240     0.000000000000000
     0.000000000000000     0.000000000000000     0.974985203242899
43 48
    -3.283775009668751     3.210448854894846     0.000000000000000
     2.607792203453537     0.075224784078240     0.000000000000000
     0.000000000000000    -0.000000000000000     0.974985203242899
43 49
    -0.130034334021586     0.084633989893809     0.000000000000000
     0.084634029977967    -0.032307397183424    -0.000000000000000
     0.000000000000000    -0.000000000000000    -0.004664854189102
43 50
    -0.178447862648234     0.073467953131074    -0.000000000000000
     0.073524367336581     0.004499516751659     0.000000000000000
     0.000000000000000    -0.000000000000000     0.006704309052258
43 51
    -0.178447862648234    -0.073467953131074    -0.000000000000000
    -0.073524367336581     0.004499516751659     0.000000000000000
     0.000000000000000     0.000000000000000     0.006704309052258
43 52
    -0.130034334021586    -0.084633989893809    -0.000000000000000
    -0.084634029977967    -0.032307397183424    -0.000000000000000
     0.000000000000000     0.000000000000000    -0.004664854189102
43 53
     0.016556071235657    -0.000000000000000    -0.000000000000000
    -0.000000000000000    -0.178897802440667    -0.000000000000000
    -0.000000000000000    -0.000000000000000    -0.004664854189102
43 54
     0.128382433577879     0.132282957429144     0.000000000000000
     0.132283020080696    -0.024364804755839    -0.000000000000000
    -0.000000000000000    -0.000000000000000    -0.004099157021885
43 55
     0.079155575794884     0.000000000000000    -0.000000000000000
     0.000000000000000     0.248424676571340    -0.000000000000000
    -0.000000000000000     0.000000000000000    -0.454164019222512
43 56
     0.128382433577879    -0.132282957429144     0.000000000000000
    -0.132283020080696    -0.024364804755839    -0.000000000000000
    -0.000000000000000     0.000000000000000    -0.004099157021885
43 57
     0.022412213739009     0.042442259195555     0.000000000000000
     0.042498658706745    -0.196360559635584     0.000000000000000
    -0.000000000000000    -0.000000000000000     0.006704309052258
43 58
     0.022412213739009    -0.042442259195555     0.000000000000000
    -0.042498658706745    -0.196360559635584     0.000000000000000
    -0.000000000000000    -0.000000000000000     0.006704309052258
43 59
     0.206107401377226    -0.073295653317022     0.000000000000000
    -0.073295688031142     0.121472850988998    -0.000000000000000
    -0.000000000000000     0.000000000000000    -0.454164019222512
43 60
     0.206107401377226     0.073295653317022    -0.000000000000000
     0.073295688031142     0.121472850988998    -0.000000000000000
    -0.000000000000000    -0.000000000000000    -0.454164019222512
43 61
    -0.104886869935637     0.115994781401251     0.000000000000000
     0.115938456928651    -0.069061475960937     0.000000000000000
     0.000000000000000    -0.000000000000000     0.006704309052258
43 62
    -0.159589066078044    -0.000000000000000     0.000000000000000
    -0.000000000000000    -0.159589066078044    -0.000000000000000
     0.000000000000000    -0.000000000000000    -0.011962470357086
43 63
    -0.104886869935637    -0.115994781401251    -0.000000000000000
    -0.115938456928651    -0.069061475960937     0.000000000000000
     0.000000000000000     0.000000000000000     0.006704309052258
43 64
    -0.100738423922698     0.000000000000000     0.000000000000000
     0.000000000000000     0.204756052744739    -0.000000000000000
     0.000000000000000     0.000000000000000    -0.004099157021885
44 1
     0.359335635605883     0.354966110249819    -0.000000000000000
     0.354966278368058    -0.050544020069071    -0.000000000000000
    -0.000000000000000    -0.000000000000000     0.004685101484675
44 2
     0.359335635605883    -0.354966110249819    -0.000000000000000
    -0.354966278368058    -0.050544020069071    -0.000000000000000
    -0.000000000000000     0.000000000000000     0.004685101484675
44 3
     1.341960152881045    -0.020209134702011     0.000000000000000
    -0.589523262772294    -0.285197201117564    -0.000000000000000
    -0.000000000000000     0.000000000000000     0.275207376970272
44 4
     1.341960152881045     0.020209134702011     0.000000000000000
     0.589523262772294    -0.285197201117564    -0.000000000000000
    -0.000000000000000     0.000000000000000     0.275207376970272
44 5
    -1.109525300108945     1.350453211556150     0.000000000000000
     1.350453851154719     0.449844119603293     0.000000000000000
     0.000000000000000    -0.000000000000000    -0.210803183970686
44 6
    -0.255483847906548     0.000000000000000     0.000000000000000
     0.000000000000000     0.564275463443360    -0.000000000000000
     0.000000000000000    -0.000000000000000     0.004685101484675
44 7
    -1.109525300108945    -1.350453211556150    -0.000000000000000
    -1.350453851154719     0.449844119603293     0.000000000000000
     0.000000000000000     0.000000000000000    -0.210803183970686
44 8
   -22.859226109131367    -0.000000000000000    -0.000000000000000
     0.000000000000001    -7.925589663772294     0.000000000000000
     0.000000000000003     0.000000000000000    -4.828767704298100
44 9
   -11.658998775112062     6.466452734967940     0.000000000000000
     6.466455797594533   -19.125816997791617     0.000000000000000
     0.000000000000001     0.000000000000000    -4.828767704298100
44 10
    -0.142429677101324    -0.267489681410732    -0.000000000000000
    -0.836803926597464     1.199192628864805    -0.000000000000000
     0.000000000000000    -0.000000000000000     0.275207376970272
44 11
    -0.142429677101324     0.267489681410733     0.000000000000000
     0.836803926597464     1.199192628864805    -0.000000000000000
    -0.000000000000000    -0.000000000000000     0.275207376970272
44 12
   -11.658998775112060    -6.466452734967941    -0.000000000000000
    -6.466455797594535   -19.125816997791617     0.000000000000000
     0.000000000000002     0.000000000000001    -4.828767704298100
44 13
     1.229528829459412     0.000000000000000     0.000000000000000
    -0.000000000000000    -1.889210009965065     0.000000000000000
    -0.000000000000000     0.000000000000000    -0.210803183970686
44 14
     0.385613951865500    -1.141669589405372    -0.000000000000000
    -0.572356011621440     0.671148999897981    -0.000000000000000
    -0.000000000000000     0.000000000000000     0.275207376970272
44 15
     0.665525581294481     0.000000000000000    -0.000000000000000
    -0.000000000000000     0.665525581294481     0.000000000000000
    -0.000000000000000    -0.000000000000000    -0.058303007933635
44 16
     0.385613951865500     1.141669589405372    -0.000000000000000
     0.572356011621440     0.671148999897981    -0.000000000000000
    -0.000000000000000    -0.000000000000000     0.275207376970272
44 17
     0.254157846614203     0.000000000000000    -0.000000000000000
    -0.000000000000000     0.066789487302416     0.000000000000000
    -0.000000000000000    -0.000000000000000    -0.001739426756031
44 18
     0.207759033064540    -0.162858941676940    -0.000000000000000
    -0.162859018809820     0.019705680897619    -0.000000000000000
    -0.000000000000000     0.000000000000000     0.001124645235910
44 19
     0.201308626776151     0.000000000000000    -0.000000000000000
    -0.000000000000000    -0.055541647971305    -0.000000000000000
    -0.000000000000000     0.000000000000000     0.004539075534786
44 20
     0.207759033064540     0.162858941676940     0.000000000000000
     0.162859018809820     0.019705680897619    -0.000000000000000
    -0.000000000000000    -0.000000000000000     0.001124645235910
44 21
     0.113631577130363     0.081132860301731     0.000000000000000
     0.081132898727692     0.207315756786257     0.000000000000000
    -0.000000000000000    -0.000000000000000    -0.001739426756031
44 22
     0.113631577130363    -0.081132860301732    -0.000000000000000
    -0.081132898727692     0.207315756786257     0.000000000000000
    -0.000000000000000     0.000000000000000    -0.001739426756031
44 23
     0.072753412133993    -0.189231176965899     0.000000000000000
    -0.076620542232272    -0.190973887764320    -0.000000000000000
    -0.000000000000000     0.000000000000000     0.036020859155715
44 24
     0.072753412133993     0.189231176965899    -0.000000000000000
     0.076620542232272    -0.190973887764320    -0.000000000000000
    -0.000000000000000    -0.000000000000000     0.036020859155715
44 25
    -0.240159245569668    -0.104039658432685    -0.000000000000000
     0.008571016649154     0.121938769939342    -0.000000000000000
     0.000000000000000     0.000000000000000     0.036020859155715
44 26
    -0.074320995185842     0.000000000000000     0.000000000000000
     0.000000000000000     0.301785709148001    -0.000000000000000
     0.000000000000000    -0.000000000000000     0.001124645235910
44 27
    -0.240159245569668     0.104039658432685    -0.000000000000000
    -0.008571016649154     0.121938769939342    -0.000000000000000
     0.000000000000000    -0.000000000000000     0.036020859155715
44 28
    -0.510715265752737    -0.000000000000000    -0.000000000000000
     0.000000000000000    -0.510715265752738    -0.000000000000000
     0.000000000000000     0.000000000000000     0.700755218449825
44 29
    -0.009924880009815    -0.124354828864900     0.000000000000000
    -0.236965612118415    -0.108295595620512    -0.000000000000000
     0.000000000000000     0.000000000000000     0.036020859155715
44 30
     0.008670920715559    -0.111219405112417     0.000000000000000
    -0.111219457787898     0.137096058089287    -0.000000000000000
     0.000000000000000     0.000000000000000     0.004539075534786
44 31
     0.008670920715559     0.111219405112417     0.000000000000000
     0.111219457787898     0.137096058089287    -0.000000000000000
    -0.000000000000000    -0.000000000000000     0.004539075534786
44 32
    -0.009924880009815     0.124354828864900    -0.000000000000000
     0.236965612118415    -0.108295595620512    -0.000000000000000
    -0.000000000000000    -0.000000000000000     0.036020859155715
44 33
    -0.806850782190663     0.000000000000000    -0.000000000000000
     0.000000000000000     0.125700957700396     0.000000000000000
     0.000000000000000    -0.000000000000000    -0.055510108253404
44 34
    -0.868400176448153     0.635213125094237    -0.000000000000000
     0.635213425942429    -0.134919065221507     0.000000000000000
     0.000000000000000    -0.000000000000000    -0.091580972093640
44 35
    -0.806862509067879    -0.000000000000000     0.000000000000000
     0.000000000000000     0.125646776253498     0.000000000000000
     0.000000000000000    -0.000000000000000    -0.055505199818114
44 36
    -0.868400176448153    -0.635213125094237    -0.000000000000000
    -0.635213425942429    -0.134919065221507     0.000000000000000
     0.000000000000000     0.000000000000000    -0.091580972093640
44 37
    -0.107436977272369    -0.403806652919536     0.000000000000000
    -0.403806844169522    -0.573712847217899     0.000000000000000
     0.000000000000000     0.000000000000000    -0.055510108253404
44 38
    -0.107436977272369     0.403806652919536     0.000000000000000
     0.403806844169522    -0.573712847217899     0.000000000000000
    -0.000000000000000    -0.000000000000000    -0.055510108253404
44 39
    -3.283897507091406     2.607720244454331     0.000000000000000
     3.210379651483618     0.075347281500894    -0.000000000000000
     0.000000000000000    -0.000000000000000     0.974985203242899
44 40
    -3.283897507091406    -2.607720244454332     0.000000000000000
    -3.210379651483617     0.075347281500894    -0.000000000000000
     0.000000000000000     0.000000000000000     0.974985203242899
44 41
     1.754847178374390    -0.301258219365463    -0.000000000000000
     0.301399809920078    -4.963397403964903    -0.000000000000000
    -0.000000000000000     0.000000000000000     0.974985203242899
44 42
     0.231821490391816    -0.000000000000000    -0.000000000000000
    -0.000000000000000    -1.235140732061477     0.000000000000000
    -0.000000000000000     0.000000000000000    -0.091580972093640
44 43
     1.754847178374390     0.301258219365463    -0.000000000000000
    -0.301399809920079    -4.963397403964904    -0.000000000000000
    -0.000000000000000     0.000000000000000     0.974985203242899
44 44
    56.143585432439458     0.000000000000002     0.000000000000000
    -0.000000000000000    56.143585432439473    -0.000000000000000
    -0.000000000000006    -0.000000000000003     8.701466701408043
44 45
    -3.283775009668751     3.210448854894846    -0.000000000000000
     2.607792203453538     0.075224784078240    -0.000000000000000
     0.000000000000000    -0.000000000000000     0.974985203242899
44 46
    -0.107480545076846     0.403788269555964     0.000000000000000
     0.403788460797243    -0.573735187737535     0.000000000000000
    -0.000000000000000    -0.000000000000000    -0.055505199818114
44 47
    -0.107480545076846    -0.403788269555964    -0.000000000000000
    -0.403788460797243    -0.573735187737535     0.000000000000000
     0.000000000000000     0.000000000000000    -0.055505199818114
44 48
    -3.283775009668751    -3.210448854894846     0.000000000000000
    -2.607792203453537     0.075224784078240    -0.000000000000000
     0.000000000000000     0.000000000000000     0.974985203242899
44 49
    -0.130034334021586    -0.084633989893809     0.000000000000000
    -0.084634029977967    -0.032307397183424     0.000000000000000
     0.000000000000000     0.000000000000000    -0.004664854189102
44 50
    -0.130034334021586     0.084633989893809    -0.000000000000000
     0.084634029977967    -0.032307397183424     0.000000000000000
     0.000000000000000    -0.000000000000000    -0.004664854189102
44 51
    -0.178447862648234     0.073467953131074    -0.000000000000000
     0.073524367336581     0.004499516751659    -0.000000000000000
     0.000000000000000    -0.000000000000000     0.006704309052258
44 52
    -0.178447862648234    -0.073467953131074    -0.000000000000000
    -0.073524367336581     0.004499516751659    -0.000000000000000
     0.000000000000000     0.000000000000000     0.006704309052258
44 53
     0.128382433577879    -0.132282957429144     0.000000000000000
    -0.132283020080696    -0.024364804755839     0.000000000000000
    -0.000000000000000     0.000000000000000    -0.004099157021885
44 54
     0.016556071235657    -0.000000000000000    -0.000000000000000
    -0.000000000000000    -0.178897802440667     0.000000000000000
    -0.000000000000000     0.000000000000000    -0.004664854189102
44 55
     0.128382433577879     0.132282957429144     0.000000000000000
     0.132283020080696    -0.024364804755839     0.000000000000000
    -0.000000000000000    -0.000000000000000    -0.004099157021885
44 56
     0.079155575794884     0.000000000000000    -0.000000000000000
     0.000000000000000     0.248424676571340     0.000000000000000
    -0.000000000000000    -0.000000000000000    -0.454164019222512
44 57
     0.206107401377226     0.073295653317022     0.000000000000000
     0.073295688031142     0.121472850988998     0.000000000000000
    -0.000000000000000    -0.000000000000000    -0.454164019222512
44 58
     0.022412213739009     0.042442259195555     0.000000000000000
     0.042498658706745    -0.196360559635584    -0.000000000000000
    -0.000000000000000     0.000000000000000     0.006704309052258
44 59
     0.022412213739009    -0.042442259195555     0.000000000000000
    -0.042498658706745    -0.196360559635584    -0.000000000000000
    -0.000000000000000     0.000000000000000     0.006704309052258
44 60
     0.206107401377226    -0.073295653317022    -0.000000000000000
    -0.073295688031142     0.121472850988998     0.000000000000000
    -0.000000000000000     0.000000000000000    -0.454164019222512
44 61
    -0.100738423922698     0.000000000000000     0.000000000000000
     0.000000000000000     0.204756052744739     0.000000000000000
     0.000000000000000    -0.000000000000000    -0.004099157021885
44 62
    -0.104886869935637     0.115994781401251    -0.000000000000000
     0.115938456928651    -0.069061475960937    -0.000000000000000
     0.000000000000000    -0.000000000000000     0.006704309052258
44 63
    -0.159589066078044    -0.000000000000000     0.000000000000000
     0.000000000000000    -0.159589066078044     0.000000000000000
     0.000000000000000     0.000000000000000    -0.011962470357086
44 64
    -0.104886869935637    -0.115994781401251     0.000000000000000
    -0.115938456928651    -0.069061475960937    -0.000000000000000
     0.000000000000000     0.000000000000000     0.006704309052258
45 1
     0.385613951865500     1.141669589405372    -0.000000000000000
     0.572356011621440     0.671148999897981    -0.000000000000000
    -0.000000000000000    -0.000000000000000     0.275207376970272
45 2
     1.229528829459412     0.000000000000000     0.000000000000000
    -0.000000000000000    -1.889210009965065     0.000000000000000
    -0.000000000000000     0.000000000000000    -0.210803183970686
45 3
     0.385613951865500    -1.141669589405372    -0.000000000000000
    -0.572356011621440     0.671148999897981    -0.000000000000000
    -0.000000000000000     0.000000000000000     0.275207376970272
45 4
     0.665525581294481     0.000000000000000    -0.000000000000000
    -0.000000000000000     0.665525581294481     0.000000000000000
    -0.000000000000000    -0.000000000000000    -0.058303007933635
45 5
     1.341960152881045     0.020209134702011     0.000000000000000
     0.589523262772294    -0.285197201117564    -0.000000000000000
    -0.000000000000000     0.000000000000000     0.275207376970272
45 6
     0.359335635605883     0.354966110249819    -0.000000000000000
     0.354966278368058    -0.050544020069071    -0.000000000000000
    -0.000000000000000    -0.000000000000000     0.004685101484675
45 7
     0.359335635605883    -0.354966110249819    -0.000000000000000
    -0.354966278368058    -0.050544020069071    -0.000000000000000
    -0.000000000000000     0.000000000000000     0.004685101484675
45 8
     1.341960152881045    -0.020209134702011     0.000000000000000
    -0.589523262772294    -0.285197201117564    -0.000000000000000
    -0.000000000000000     0.000000000000000     0.275207376970272
45 9
   -22.859226109131367    -0.000000000000000    -0.000000000000000
     0.000000000000001    -7.925589663772294     0.000000000000000
     0.000000000000003     0.000000000000000    -4.828767704298100
45 10
    -1.109525300108945     1.350453211556150     0.000000000000000
     1.350453851154719     0.449844119603293     0.000000000000000
     0.000000000000000    -0.000000000000000    -0.210803183970686
45 11
    -0.255483847906548     0.000000000000000     0.000000000000000
     0.000000000000000     0.564275463443360    -0.000000000000000
     0.000000000000000    -0.000000000000000     0.004685101484675
45 12
    -1.109525300108945    -1.350453211556150    -0.000000000000000
    -1.350453851154719     0.449844119603293     0.000000000000000
     0.000000000000000     0.000000000000000    -0.210803183970686
45 13
   -11.658998775112060    -6.466452734967941    -0.000000000000000
    -6.466455797594535   -19.125816997791617     0.000000000000000
     0.000000000000002     0.000000000000001    -4.828767704298100
45 14
   -11.658998775112062     6.466452734967940     0.000000000000000
     6.466455797594533   -19.125816997791617     0.000000000000000
     0.000000000000001     0.000000000000000    -4.828767704298100
45 15
    -0.142429677101324    -0.267489681410732    -0.000000000000000
    -0.836803926597464     1.199192628864805    -0.000000000000000
     0.000000000000000    -0.000000000000000     0.275207376970272
45 16
    -0.142429677101324     0.267489681410733     0.000000000000000
     0.836803926597464     1.199192628864805    -0.000000000000000
    -0.000000000000000    -0.000000000000000     0.275207376970272
45 17
    -0.009924880009815     0.124354828864900    -0.000000000000000
     0.236965612118415    -0.108295595620512    -0.000000000000000
    -0.000000000000000    -0.000000000000000     0.036020859155715
45 18
    -0.009924880009815    -0.124354828864900     0.000000000000000
    -0.236965612118415    -0.108295595620512    -0.000000000000000
     0.000000000000000     0.000000000000000     0.036020859155715
45 19
     0.008670920715559    -0.111219405112417     0.000000000000000
    -0.111219457787898     0.137096058089287    -0.000000000000000
     0.000000000000000     0.000000000000000     0.004539075534786
45 20
     0.008670920715559     0.111219405112417     0.000000000000000
     0.111219457787898     0.137096058089287    -0.000000000000000
    -0.000000000000000    -0.000000000000000     0.004539075534786
45 21
     0.207759033064540     0.162858941676940     0.000000000000000
     0.162859018809820     0.019705680897619    -0.000000000000000
    -0.000000000000000    -0.000000000000000     0.001124645235910
45 22
     0.254157846614203     0.000000000000000    -0.000000000000000
    -0.000000000000000     0.066789487302416     0.000000000000000
    -0.000000000000000    -0.000000000000000    -0.001739426756031
45 23
     0.207759033064540    -0.162858941676940    -0.000000000000000
    -0.162859018809820     0.019705680897619    -0.000000000000000
    -0.000000000000000     0.000000000000000     0.001124645235910
45 24
     0.201308626776151     0.000000000000000    -0.000000000000000
    -0.000000000000000    -0.055541647971305    -0.000000000000000
    -0.000000000000000     0.000000000000000     0.004539075534786
45 25
     0.072753412133993     0.189231176965899    -0.000000000000000
     0.076620542232272    -0.190973887764320    -0.000000000000000
    -0.000000000000000    -0.000000000000000     0.036020859155715
45 26
     0.113631577130363     0.081132860301731     0.000000000000000
     0.081132898727692     0.207315756786257     0.000000000000000
    -0.000000000000000    -0.000000000000000    -0.001739426756031
45 27
     0.113631577130363    -0.081132860301732    -0.000000000000000
    -0.081132898727692     0.207315756786257     0.000000000000000
    -0.000000000000000     0.000000000000000    -0.001739426756031
45 28
     0.072753412133993    -0.189231176965899     0.000000000000000
    -0.076620542232272    -0.190973887764320    -0.000000000000000
    -0.000000000000000     0.000000000000000     0.036020859155715
45 29
    -0.510715265752737    -0.000000000000000    -0.000000000000000
     0.000000000000000    -0.510715265752738    -0.000000000000000
     0.000000000000000     0.000000000000000     0.700755218449825
45 30
    -0.240159245569668    -0.104039658432685    -0.000000000000000
     0.008571016649154     0.121938769939342    -0.000000000000000
     0.000000000000000     0.000000000000000     0.036020859155715
45 31
    -0.074320995185842     0.000000000000000     0.000000000000000
     0.000000000000000     0.301785709148001    -0.000000000000000
     0.000000000000000    -0.000000000000000     0.001124645235910
45 32
    -0.240159245569668     0.104039658432685    -0.000000000000000
    -0.008571016649154     0.121938769939342    -0.000000000000000
     0.000000000000000    -0.000000000000000     0.036020859155715
45 33
    -3.283775009668751    -3.210448854894846     0.000000000000000
    -2.607792203453537     0.075224784078240    -0.000000000000000
     0.000000000000000     0.000000000000000     0.974985203242899
45 34
    -3.283775009668751     3.210448854894846    -0.000000000000000
     2.607792203453538     0.075224784078240    -0.000000000000000
     0.000000000000000    -0.000000000000000     0.974985203242899
45 35
    -0.107480545076846     0.403788269555964     0.000000000000000
     0.403788460797243    -0.573735187737535     0.000000000000000
    -0.000000000000000    -0.000000000000000    -0.055505199818114
45 36
    -0.107480545076846    -0.403788269555964    -0.000000000000000
    -0.403788460797243    -0.573735187737535     0.000000000000000
     0.000000000000000     0.000000000000000    -0.055505199818114
45 37
    -0.868400176448153    -0.635213125094237    -0.000000000000000
    -0.635213425942429    -0.134919065221507     0.000000000000000
     0.000000000000000     0.000000000000000    -0.091580972093640
45 38
    -0.806850782190663     0.000000000000000    -0.000000000000000
     0.000000000000000     0.125700957700396     0.000000000000000
     0.000000000000000    -0.000000000000000    -0.055510108253404
45 39
    -0.868400176448153     0.635213125094237    -0.000000000000000
     0.635213425942429    -0.134919065221507     0.000000000000000
     0.000000000000000    -0.000000000000000    -0.091580972093640
45 40
    -0.806862509067879    -0.000000000000000     0.000000000000000
     0.000000000000000     0.125646776253498     0.000000000000000
     0.000000000000000    -0.000000000000000    -0.055505199818114
45 41
    -3.283897507091406    -2.607720244454332     0.000000000000000
    -3.210379651483617     0.075347281500894    -0.000000000000000
     0.000000000000000     0.000000000000000     0.974985203242899
45 42
    -0.107436977272369    -0.403806652919536     0.000000000000000
    -0.403806844169522    -0.573712847217899     0.000000000000000
     0.000000000000000     0.000000000000000    -0.055510108253404
45 43
    -0.107436977272369     0.403806652919536     0.000000000000000
     0.403806844169522    -0.573712847217899     0.000000000000000
    -0.000000000000000    -0.000000000000000    -0.055510108253404
45 44
    -3.283897507091406     2.607720244454331     0.000000000000000
     3.210379651483618     0.075347281500894    -0.000000000000000
     0.000000000000000    -0.000000000000000     0.974985203242899
45 45
    56.143585432439458     0.000000000000002     0.000000000000000
    -0.000000000000000    56.143585432439473    -0.000000000000000
    -0.000000000000006    -0.000000000000003     8.701466701408043
45 46
     1.754847178374390    -0.301258219365463    -0.000000000000000
     0.301399809920078    -4.963397403964903    -0.000000000000000
    -0.000000000000000     0.000000000000000     0.974985203242899
45 47
     0.231821490391816    -0.000000000000000    -0.000000000000000
    -0.000000000000000    -1.235140732061477     0.000000000000000
    -0.000000000000000     0.000000000000000    -0.091580972093640
45 48
     1.754847178374390     0.301258219365463    -0.000000000000000
    -0.301399809920079    -4.963397403964904    -0.000000000000000
    -0.000000000000000     0.000000000000000     0.974985203242899
45 49
    -0.104886869935637    -0.115994781401251     0.000000000000000
    -0.115938456928651    -0.069061475960937    -0.000000000000000
     0.000000000000000     0.000000000000000     0.006704309052258
45 50
    -0.100738423922698     0.000000000000000     0.000000000000000
     0.000000000000000     0.204756052744739     0.000000000000000
     0.000000000000000    -0.000000000000000    -0.004099157021885
45 51
    -0.104886869935637     0.115994781401251    -0.000000000000000
     0.115938456928651    -0.069061475960937    -0.000000000000000
     0.000000000000000    -0.000000000000000     0.006704309052258
45 52
    -0.159589066078044    -0.000000000000000     0.000000000000000
     0.000000000000000    -0.159589066078044     0.000000000000000
     0.000000000000000     0.000000000000000    -0.011962470357086
45 53
    -0.178447862648234    -0.073467953131074    -0.000000000000000
    -0.073524367336581     0.004499516751659    -0.000000000000000
     0.000000000000000     0.000000000000000     0.006704309052258
45 54
    -0.130034334021586    -0.084633989893809     0.000000000000000
    -0.084634029977967    -0.032307397183424     0.000000000000000
     0.000000000000000     0.000000000000000    -0.004664854189102
45 55
    -0.130034334021586     0.084633989893809    -0.000000000000000
     0.084634029977967    -0.032307397183424     0.000000000000000
     0.000000000000000    -0.000000000000000    -0.004664854189102
45 56
    -0.178447862648234     0.073467953131074    -0.000000000000000
     0.073524367336581     0.004499516751659    -0.000000000000000
     0.000000000000000    -0.000000000000000     0.006704309052258
45 57
     0.079155575794884     0.000000000000000    -0.000000000000000
     0.000000000000000     0.248424676571340     0.000000000000000
    -0.000000000000000    -0.000000000000000    -0.454164019222512
45 58
     0.128382433577879    -0.132282957429144     0.000000000000000
    -0.132283020080696    -0.024364804755839     0.000000000000000
    -0.000000000000000     0.000000000000000    -0.004099157021885
45 59
     0.016556071235657    -0.000000000000000    -0.000000000000000
    -0.000000000000000    -0.178897802440667     0.000000000000000
    -0.000000000000000     0.000000000000000    -0.004664854189102
45 60
     0.128382433577879     0.132282957429144     0.000000000000000
     0.132283020080696    -0.024364804755839     0.000000000000000
    -0.000000000000000    -0.000000000000000    -0.004099157021885
45 61
     0.206107401377226    -0.073295653317022    -0.000000000000000
    -0.073295688031142     0.121472850988998     0.000000000000000
    -0.000000000000000     0.000000000000000    -0.454164019222512
45 62
     0.206107401377226     0.073295653317022     0.000000000000000
     0.073295688031142     0.121472850988998     0.000000000000000
    -0.000000000000000    -0.000000000000000    -0.454164019222512
45 63
     0.022412213739009     0.042442259195555     0.000000000000000
     0.042498658706745    -0.196360559635584    -0.000000000000000
    -0.000000000000000     0.000000000000000     0.006704309052258
45 64
     0.022412213739009    -0.042442259195555     0.000000000000000
    -0.042498658706745    -0.196360559635584    -0.000000000000000
    -0.000000000000000     0.000000000000000     0.006704309052258
46 1
     0.665525344891063     0.000000136487610     0.000000000000000
     0.000000136487610     0.665525817698012    -0.000000000000000
     0.000000000000000     0.000000000000000    -0.058303007933635
46 2
     0.385614049026749     1.141670074024232    -0.000000000000000
     0.572355945953949     0.671149355679191     0.000000000000000
     0.000000000000000     0.000000000000000     0.275207376970272
46 3
     1.229528392714640     0.000000252154772     0.000000000000000
    -0.000000387443798    -1.889210681037565    -0.000000000000000
     0.000000000000000    -0.000000000000000    -0.210803183970686
46 4
     0.385613580753981    -1.141669915858932    -0.000000000000000
    -0.572355670672201     0.671149120918858     0.000000000000000
    -0.000000000000000     0.000000000000000     0.275207376970272
46 5
     1.341959672054653    -0.020208866668103    -0.000000000000000
    -0.589523111854834    -0.285197423324269     0.000000000000000
    -0.000000000000000    -0.000000000000000     0.275207376970272
46 6
     1.341959680343730     0.020209417093026    -0.000000000000000
     0.589522994876958    -0.285197181522531     0.000000000000000
     0.000000000000000    -0.000000000000000     0.275207376970272
46 7
     0.359335580762466     0.354966310031927    -0.000000000000000
     0.354966141913688    -0.050543965225629     0.000000000000000
     0.000000000000000     0.000000000000000     0.004685101484675
46 8
     0.359335435167835    -0.354966162645070    -0.000000000000000
    -0.354966162645070    -0.050544110820329     0.000000000000000
    -0.000000000000000    -0.000000000000000     0.004685101484675
46 9
    -1.109525182945240    -1.350453918799232     0.000000000000000
    -1.350453279200663     0.449844002439532    -0.000000000000000
    -0.000000000000000     0.000000000000000    -0.210803183970686
46 10
   -22.859217989234345    -0.000004688025848     0.000000000000000
    -0.000001625399255    -7.925592479047063    -0.000000000000000
    -0.000000000000000    -0.000000000000001    -4.828767704298100
46 11
    -1.109524629036763     1.350453463710922     0.000000000000000
     1.350453463710922     0.449844556348272    -0.000000000000000
     0.000000000000000     0.000000000000000    -0.210803183970686
46 12
    -0.255483757155334    -0.000000052395251    -0.000000000000000
     0.000000115722989     0.564275663881503     0.000000000000000
    -0.000000000000000     0.000000000000000     0.004685101484675
46 13
    -0.142429571650998     0.267489747216796    -0.000000000000000
     0.836803875287079     1.199193226447753     0.000000000000000
     0.000000000000000     0.000000000000000     0.275207376970272
46 14
   -11.658995959838625    -6.466457422993789     0.000000000000000
    -6.466457422993788   -19.125825117692486    -0.000000000000000
    -0.000000000000001    -0.000000000000003    -4.828767704298100
46 15
   -11.658993307526831     6.466452640881983     0.000000000000000
     6.466449578255389   -19.125822465379436    -0.000000000000000
     0.000000000000000    -0.000000000000002    -4.828767704298100
46 16
    -0.142429681365870    -0.267489805636448    -0.000000000000000
    -0.836803383420380     1.199192883220172     0.000000000000000
    -0.000000000000000     0.000000000000000     0.275207376970272
46 17
     0.008670940444681     0.111219446397282    -0.000000000000000
     0.111219446397282     0.137096129596786     0.000000000000000
     0.000000000000000     0.000000000000000     0.004539075534786
46 18
    -0.009924850981376     0.124354871001969    -0.000000000000000
     0.236965505735595    -0.108295585491061     0.000000000000000
     0.000000000000000    -0.000000000000000     0.036020859155715
46 19
    -0.009924901987359    -0.124354875072806    -0.000000000000000
    -0.236965550154645    -0.108295682686032     0.000000000000000
    -0.000000000000000    -0.000000000000000     0.036020859155715
46 20
     0.008670894826387    -0.111219442840775    -0.000000000000000
    -0.111219390165294     0.137096083978471     0.000000000000000
    -0.000000000000000     0.000000000000000     0.004539075534786
46 21
     0.201308555268685     0.000000041284864    -0.000000000000000
    -0.000000011390617    -0.055541667700437     0.000000000000000
     0.000000000000000    -0.000000000000000     0.004539075534786
46 22
     0.207758992665315     0.162859042134329    -0.000000000000000
     0.162858965001449     0.019705721296863     0.000000000000000
     0.000000000000000     0.000000000000000     0.001124645235910
46 23
     0.254157756334002     0.000000052123311     0.000000000000000
     0.000000013697351     0.066789511026929    -0.000000000000000
     0.000000000000000     0.000000000000000    -0.001739426756031
46 24
     0.207758925866297    -0.162858956918871    -0.000000000000000
    -0.162858956918871     0.019705654497814     0.000000000000000
    -0.000000000000000     0.000000000000000     0.001124645235910
46 25
     0.072753347483035    -0.189231229262880    -0.000000000000000
    -0.076620554181041    -0.190973971314310     0.000000000000000
    -0.000000000000000    -0.000000000000000     0.036020859155715
46 26
     0.072753425099018     0.189231259103775    -0.000000000000000
     0.076620475850260    -0.190973939887255     0.000000000000000
     0.000000000000000    -0.000000000000000     0.036020859155715
46 27
     0.113631553405861     0.081132912425043     0.000000000000000
     0.081132912425043     0.207315847066501    -0.000000000000000
     0.000000000000000     0.000000000000000    -0.001739426756031
46 28
     0.113631520128011    -0.081132865817361     0.000000000000000
    -0.081132827391400     0.207315813788636    -0.000000000000000
    -0.000000000000000     0.000000000000000    -0.001739426756031
46 29
    -0.240159138925246     0.104039646136510    -0.000000000000000
    -0.008570988597116     0.121938811495848     0.000000000000000
    -0.000000000000000     0.000000000000000     0.036020859155715
46 30
    -0.510715084339974    -0.000000104738732    -0.000000000000000
    -0.000000104738732    -0.510715447165587     0.000000000000000
     0.000000000000000    -0.000000000000000     0.700755218449825
46 31
    -0.240159181598660    -0.104039744641398    -0.000000000000000
     0.008571038612117     0.121938815011378     0.000000000000000
    -0.000000000000000     0.000000000000000     0.036020859155715
46 32
    -0.074320968786049    -0.000000015241931    -0.000000000000000
     0.000000061890949     0.301785816346295     0.000000000000000
    -0.000000000000000     0.000000000000000     0.001124645235910
46 33
    -0.107480589708230    -0.403788435029295     0.000000000000000
    -0.403788435029295    -0.573735474345820    -0.000000000000000
    -0.000000000000000    -0.000000000000000    -0.055505199818114
46 34
    -3.283774501635467    -3.210450668733534    -0.000000000000000
    -2.607791261704247     0.075224275986697     0.000000000000000
    -0.000000000000000    -0.000000000000000     0.974985203242899
46 35
    -3.283773184822103     3.210449321844355    -0.000000000000000
     2.607791292558813     0.075225345611468     0.000000000000000
     0.000000000000000     0.000000000000000     0.974985203242899
46 36
    -0.107480424088463     0.403788390944551     0.000000000000000
     0.403788199703272    -0.573735308725975    -0.000000000000000
     0.000000000000000    -0.000000000000000    -0.055505199818114
46 37
    -0.806862222459730    -0.000000165473332     0.000000000000000
     0.000000025767947     0.125646820884903    -0.000000000000000
    -0.000000000000000     0.000000000000000    -0.055505199818114
46 38
    -0.868399998252074    -0.635213528824008     0.000000000000000
    -0.635213227975816    -0.134919243417671    -0.000000000000000
    -0.000000000000000    -0.000000000000000    -0.091580972093640
46 39
    -0.806850495586680    -0.000000165470927     0.000000000000000
     0.000000025779059     0.125701002351046    -0.000000000000000
    -0.000000000000000     0.000000000000000    -0.055510108253404
46 40
    -0.868399737709960     0.635213172636754     0.000000000000000
     0.635213172636754    -0.134918982875433    -0.000000000000000
     0.000000000000000    -0.000000000000000    -0.091580972093640
46 41
    -3.283895805810297     2.607720497281505    -0.000000000000000
     3.210378526567046     0.075347966657739     0.000000000000000
     0.000000000000000     0.000000000000000     0.974985203242899
46 42
    -3.283896875405554    -2.607721844220929    -0.000000000000000
    -3.210378495662237     0.075346649872761     0.000000000000000
    -0.000000000000000    -0.000000000000000     0.974985203242899
46 43
    -0.107437021922999    -0.403806818390463     0.000000000000000
    -0.403806818390463    -0.573713133822018    -0.000000000000000
    -0.000000000000000    -0.000000000000000    -0.055510108253404
46 44
    -0.107436856295692     0.403806774323588     0.000000000000000
     0.403806583073602    -0.573712968194634    -0.000000000000000
     0.000000000000000    -0.000000000000000    -0.055510108253404
46 45
     1.754846616812419     0.301258686264727    -0.000000000000000
    -0.301400720764559    -4.963399228841427     0.000000000000000
     0.000000000000000    -0.000000000000001     0.974985203242899
46 46
    56.143565489501292     0.000011514063448    -0.000000000000000
     0.000011514063448    56.143605375387082     0.000000000000000
     0.000000000000000     0.000000000000007     8.701466701408043
46 47
     1.754846493246877    -0.301257966488045    -0.000000000000000
     0.301398684953264    -4.963399105217809     0.000000000000000
     0.000000000000000    -0.000000000000001     0.974985203242899
46 48
     0.231821408045781     0.000000047542517     0.000000000000000
    -0.000000253305674    -1.235141170799878    -0.000000000000000
     0.000000000000000    -0.000000000000000    -0.091580972093640
46 49
    -0.159589009389914    -0.000000032728915     0.000000000000000
    -0.000000032728915    -0.159589122766201    -0.000000000000000
    -0.000000000000000    -0.000000000000000    -0.011962470357086
46 50
    -0.104886856466938    -0.115994844114594    -0.000000000000000
    -0.115938429909086    -0.069061524269433     0.000000000000000
    -0.000000000000000    -0.000000000000000     0.006704309052258
46 51
    -0.100738388139088    -0.000000020659682     0.000000000000000
     0.000000041991871     0.204756125476809    -0.000000000000000
    -0.000000000000000     0.000000000000000    -0.004099157021885
46 52
    -0.104886808889952     0.115994801093684    -0.000000000000000
     0.115938401582494    -0.069061476715550     0.000000000000000
     0.000000000000000    -0.000000000000000     0.006704309052258
46 53
    -0.178447784194224     0.073467942631344    -0.000000000000000
     0.073524342142533     0.004499533428504     0.000000000000000
     0.000000000000000     0.000000000000000     0.006704309052258
46 54
    -0.178447814328198    -0.073468015824390    -0.000000000000000
    -0.073524340296990     0.004499503271390     0.000000000000000
    -0.000000000000000    -0.000000000000000     0.006704309052258
46 55
    -0.130034305188630    -0.084634046624686     0.000000000000000
    -0.084634006540528    -0.032307426016394    -0.000000000000000
    -0.000000000000000    -0.000000000000000    -0.004664854189102
46 56
    -0.130034270474740     0.084633993289169     0.000000000000000
     0.084633993289169    -0.032307391302488    -0.000000000000000
     0.000000000000000    -0.000000000000000    -0.004664854189102
46 57
     0.128382415103666     0.132283030746791     0.000000000000000
     0.132282968095238    -0.024364786281617    -0.000000000000000
     0.000000000000000    -0.000000000000000    -0.004099157021885
46 58
     0.079155547677784     0.000000016233419     0.000000000000000
     0.000000050947539     0.248424764815086    -0.000000000000000
    -0.000000000000000     0.000000000000000    -0.454164019222512
46 59
     0.128382360845843    -0.132282978088825     0.000000000000000
    -0.132282978088825    -0.024364840539466    -0.000000000000000
    -0.000000000000000    -0.000000000000000    -0.004099157021885
46 60
     0.016556065354723     0.000000003395359     0.000000000000000
    -0.000000036688798    -0.178897865987544    -0.000000000000000
    -0.000000000000000    -0.000000000000000    -0.004664854189102
46 61
     0.022412197073735    -0.042442269675258    -0.000000000000000
    -0.042498683880766    -0.196360638101192     0.000000000000000
    -0.000000000000000    -0.000000000000000     0.006704309052258
46 62
     0.206107313133521    -0.073295637083603     0.000000000000000
    -0.073295637083603     0.121472879106110    -0.000000000000000
    -0.000000000000000     0.000000000000000    -0.454164019222512
46 63
     0.206107343196824     0.073295721621620     0.000000000000000
     0.073295686907500     0.121472909169427    -0.000000000000000
     0.000000000000000     0.000000000000000    -0.454164019222512
46 64
     0.022412214482059     0.042442278867961    -0.000000000000000
     0.042498603340561    -0.196360620669735     0.000000000000000
     0.000000000000000    -0.000000000000000     0.006704309052258
47 1
     0.385613580753981    -1.141669915858932    -0.000000000000000
    -0.572355670672201     0.671149120918858     0.000000000000000
    -0.000000000000000     0.000000000000000     0.275207376970272
47 2
     0.665525344891063     0.000000136487610     0.000000000000000
     0.000000136487610     0.665525817698012    -0.000000000000000
     0.000000000000000     0.000000000000000    -0.058303007933635
47 3
     0.385614049026749     1.141670074024232    -0.000000000000000
     0.572355945953949     0.671149355679191     0.000000000000000
     0.000000000000000     0.000000000000000     0.275207376970272
47 4
     1.229528392714640     0.000000252154772     0.000000000000000
    -0.000000387443798    -1.889210681037565    -0.000000000000000
     0.000000000000000    -0.000000000000000    -0.210803183970686
47 5
     0.359335435167835    -0.354966162645070    -0.000000000000000
    -0.354966162645070    -0.050544110820329     0.000000000000000
    -0.000000000000000    -0.000000000000000     0.004685101484675
47 6
     1.341959672054653    -0.020208866668103    -0.000000000000000
    -0.589523111854834    -0.285197423324269     0.000000000000000
    -0.000000000000000    -0.000000000000000     0.275207376970272
47 7
     1.341959680343730     0.020209417093026    -0.000000000000000
     0.589522994876958    -0.285197181522531     0.000000000000000
     0.000000000000000    -0.000000000000000     0.275207376970272
47 8
     0.359335580762466     0.354966310031927    -0.000000000000000
     0.354966141913688    -0.050543965225629     0.000000000000000
     0.000000000000000     0.000000000000000     0.004685101484675
47 9
    -0.255483757155334    -0.000000052395251    -0.000000000000000
     0.000000115722989     0.564275663881503     0.000000000000000
    -0.000000000000000     0.000000000000000     0.004685101484675
47 10
    -1.109525182945240    -1.350453918799232     0.000000000000000
    -1.350453279200663     0.449844002439532    -0.000000000000000
    -0.000000000000000     0.000000000000000    -0.210803183970686
47 11
   -22.859217989234345    -0.000004688025848     0.000000000000000
    -0.000001625399255    -7.925592479047063    -0.000000000000000
    -0.000000000000000    -0.000000000000001    -4.828767704298100
47 12
    -1.109524629036763     1.350453463710922     0.000000000000000
     1.350453463710922     0.449844556348272    -0.000000000000000
     0.000000000000000     0.000000000000000    -0.210803183970686
47 13
    -0.142429681365870    -0.267489805636448    -0.000000000000000
    -0.836803383420380     1.199192883220172     0.000000000000000
    -0.000000000000000     0.000000000000000     0.275207376970272
47 14
    -0.142429571650998     0.267489747216796    -0.000000000000000
     0.836803875287079     1.199193226447753     0.000000000000000
     0.000000000000000     0.000000000000000     0.275207376970272
47 15
   -11.658995959838625    -6.466457422993789     0.000000000000000
    -6.466457422993788   -19.125825117692486    -0.000000000000000
    -0.000000000000001    -0.000000000000003    -4.828767704298100
47 16
   -11.658993307526831     6.466452640881983     0.000000000000000
     6.466449578255389   -19.125822465379436    -0.000000000000000
     0.000000000000000    -0.000000000000002    -4.828767704298100
47 17
     0.008670894826387    -0.111219442840775    -0.000000000000000
    -0.111219390165294     0.137096083978471     0.000000000000000
    -0.000000000000000     0.000000000000000     0.004539075534786
47 18
     0.008670940444681     0.111219446397282    -0.000000000000000
     0.111219446397282     0.137096129596786     0.000000000000000
     0.000000000000000     0.000000000000000     0.004539075534786
47 19
    -0.009924850981376     0.124354871001969    -0.000000000000000
     0.236965505735595    -0.108295585491061     0.000000000000000
     0.000000000000000    -0.000000000000000     0.036020859155715
47 20
    -0.009924901987359    -0.124354875072806    -0.000000000000000
    -0.236965550154645    -0.108295682686032     0.000000000000000
    -0.000000000000000    -0.000000000000000     0.036020859155715
47 21
     0.207758925866297    -0.162858956918871    -0.000000000000000
    -0.162858956918871     0.019705654497814     0.000000000000000
    -0.000000000000000     0.000000000000000     0.001124645235910
47 22
     0.201308555268685     0.000000041284864    -0.000000000000000
    -0.000000011390617    -0.055541667700437     0.000000000000000
     0.000000000000000    -0.000000000000000     0.004539075534786
47 23
     0.207758992665315     0.162859042134329    -0.000000000000000
     0.162858965001449     0.019705721296863     0.000000000000000
     0.000000000000000     0.000000000000000     0.001124645235910
47 24
     0.254157756334002     0.000000052123311     0.000000000000000
     0.000000013697351     0.066789511026929    -0.000000000000000
     0.000000000000000     0.000000000000000    -0.001739426756031
47 25
     0.113631520128011    -0.081132865817361     0.000000000000000
    -0.081132827391400     0.207315813788636    -0.000000000000000
    -0.000000000000000     0.000000000000000    -0.001739426756031
47 26
     0.072753347483035    -0.189231229262880    -0.000000000000000
    -0.076620554181041    -0.190973971314310     0.000000000000000
    -0.000000000000000    -0.000000000000000     0.036020859155715
47 27
     0.072753425099018     0.189231259103775    -0.000000000000000
     0.076620475850260    -0.190973939887255     0.000000000000000
     0.000000000000000    -0.000000000000000     0.036020859155715
47 28
     0.113631553405861     0.081132912425043     0.000000000000000
     0.081132912425043     0.207315847066501    -0.000000000000000
     0.000000000000000     0.000000000000000    -0.001739426756031
47 29
    -0.074320968786049    -0.000000015241931    -0.000000000000000
     0.000000061890949     0.301785816346295     0.000000000000000
    -0.000000000000000     0.000000000000000     0.001124645235910
47 30
    -0.240159138925246     0.104039646136510    -0.000000000000000
    -0.008570988597116     0.121938811495848     0.000000000000000
    -0.000000000000000     0.000000000000000     0.036020859155715
47 31
    -0.510715084339974    -0.000000104738732    -0.000000000000000
    -0.000000104738732    -0.510715447165587     0.000000000000000
     0.000000000000000    -0.000000000000000     0.700755218449825
47 32
    -0.240159181598660    -0.104039744641398    -0.000000000000000
     0.008571038612117     0.121938815011378     0.000000000000000
    -0.000000000000000     0.000000000000000     0.036020859155715
47 33
    -0.107480424088463     0.403788390944551     0.000000000000000
     0.403788199703272    -0.573735308725975    -0.000000000000000
     0.000000000000000    -0.000000000000000    -0.055505199818114
47 34
    -0.107480589708230    -0.403788435029295     0.000000000000000
    -0.403788435029295    -0.573735474345820    -0.000000000000000
    -0.000000000000000    -0.000000000000000    -0.055505199818114
47 35
    -3.283774501635467    -3.210450668733534    -0.000000000000000
    -2.607791261704247     0.075224275986697     0.000000000000000
    -0.000000000000000    -0.000000000000000     0.974985203242899
47 36
    -3.283773184822103     3.210449321844355    -0.000000000000000
     2.607791292558813     0.075225345611468     0.000000000000000
     0.000000000000000     0.000000000000000     0.974985203242899
47 37
    -0.868399737709960     0.635213172636754     0.000000000000000
     0.635213172636754    -0.134918982875433    -0.000000000000000
     0.000000000000000    -0.000000000000000    -0.091580972093640
47 38
    -0.806862222459730    -0.000000165473332     0.000000000000000
     0.000000025767947     0.125646820884903    -0.000000000000000
    -0.000000000000000     0.000000000000000    -0.055505199818114
47 39
    -0.868399998252074    -0.635213528824008     0.000000000000000
    -0.635213227975816    -0.134919243417671    -0.000000000000000
    -0.000000000000000    -0.000000000000000    -0.091580972093640
47 40
    -0.806850495586680    -0.000000165470927     0.000000000000000
     0.000000025779059     0.125701002351046    -0.000000000000000
    -0.000000000000000     0.000000000000000    -0.055510108253404
47 41
    -0.107436856295692     0.403806774323588     0.000000000000000
     0.403806583073602    -0.573712968194634    -0.000000000000000
     0.000000000000000    -0.000000000000000    -0.055510108253404
47 42
    -3.283895805810297     2.607720497281505    -0.000000000000000
     3.210378526567046     0.075347966657739     0.000000000000000
     0.000000000000000     0.000000000000000     0.974985203242899
47 43
    -3.283896875405554    -2.607721844220929    -0.000000000000000
    -3.210378495662237     0.075346649872761     0.000000000000000
    -0.000000000000000    -0.000000000000000     0.974985203242899
47 44
    -0.107437021922999    -0.403806818390463     0.000000000000000
    -0.403806818390463    -0.573713133822018    -0.000000000000000
    -0.000000000000000    -0.000000000000000    -0.055510108253404
47 45
     0.231821408045781     0.000000047542517     0.000000000000000
    -0.000000253305674    -1.235141170799878    -0.000000000000000
     0.000000000000000    -0.000000000000000    -0.091580972093640
47 46
     1.754846616812419     0.301258686264727    -0.000000000000000
    -0.301400720764559    -4.963399228841427     0.000000000000000
     0.000000000000000    -0.000000000000001     0.974985203242899
47 47
    56.143565489501292     0.000011514063448    -0.000000000000000
     0.000011514063448    56.143605375387082     0.000000000000000
     0.000000000000000     0.000000000000007     8.701466701408043
47 48
     1.754846493246877    -0.301257966488045    -0.000000000000000
     0.301398684953264    -4.963399105217809     0.000000000000000
     0.000000000000000    -0.000000000000001     0.974985203242899
47 49
    -0.104886808889952     0.115994801093684    -0.000000000000000
     0.115938401582494    -0.069061476715550     0.000000000000000
     0.000000000000000    -0.000000000000000     0.006704309052258
47 50
    -0.159589009389914    -0.000000032728915     0.000000000000000
    -0.000000032728915    -0.159589122766201    -0.000000000000000
    -0.000000000000000    -0.000000000000000    -0.011962470357086
47 51
    -0.104886856466938    -0.115994844114594    -0.000000000000000
    -0.115938429909086    -0.069061524269433     0.000000000000000
    -0.000000000000000    -0.000000000000000     0.006704309052258
47 52
    -0.100738388139088    -0.000000020659682     0.000000000000000
     0.000000041991871     0.204756125476809    -0.000000000000000
    -0.000000000000000     0.000000000000000    -0.004099157021885
47 53
    -0.130034270474740     0.084633993289169     0.000000000000000
     0.084633993289169    -0.032307391302488    -0.000000000000000
     0.000000000000000    -0.000000000000000    -0.004664854189102
47 54
    -0.178447784194224     0.073467942631344    -0.000000000000000
     0.073524342142533     0.004499533428504     0.000000000000000
     0.000000000000000     0.000000000000000     0.006704309052258
47 55
    -0.178447814328198    -0.073468015824390    -0.000000000000000
    -0.073524340296990     0.004499503271390     0.000000000000000
    -0.000000000000000    -0.000000000000000     0.006704309052258
47 56
    -0.130034305188630    -0.084634046624686     0.000000000000000
    -0.084634006540528    -0.032307426016394    -0.000000000000000
    -0.000000000000000    -0.000000000000000    -0.004664854189102
47 57
     0.016556065354723     0.000000003395359     0.000000000000000
    -0.000000036688798    -0.178897865987544    -0.000000000000000
    -0.000000000000000    -0.000000000000000    -0.004664854189102
47 58
     0.128382415103666     0.132283030746791     0.000000000000000
     0.132282968095238    -0.024364786281617    -0.000000000000000
     0.000000000000000    -0.000000000000000    -0.004099157021885
47 59
     0.079155547677784     0.000000016233419     0.000000000000000
     0.000000050947539     0.248424764815086    -0.000000000000000
    -0.000000000000000     0.000000000000000    -0.454164019222512
47 60
     0.128382360845843    -0.132282978088825     0.000000000000000
    -0.132282978088825    -0.024364840539466    -0.000000000000000
    -0.000000000000000    -0.000000000000000    -0.004099157021885
47 61
     0.022412214482059     0.042442278867961    -0.000000000000000
     0.042498603340561    -0.196360620669735     0.000000000000000
     0.000000000000000    -0.000000000000000     0.006704309052258
47 62
     0.022412197073735    -0.042442269675258    -0.000000000000000
    -0.042498683880766    -0.196360638101192     0.000000000000000
    -0.000000000000000    -0.000000000000000     0.006704309052258
47 63
     0.206107313133521    -0.073295637083603     0.000000000000000
    -0.073295637083603     0.121472879106110    -0.000000000000000
    -0.000000000000000     0.000000000000000    -0.454164019222512
47 64
     0.206107343196824     0.073295721621620     0.000000000000000
     0.073295686907500     0.121472909169427    -0.000000000000000
     0.000000000000000     0.000000000000000    -0.454164019222512
48 1
     1.229528392714640     0.000000252154772     0.000000000000000
    -0.000000387443798    -1.889210681037565    -0.000000000000000
     0.000000000000000    -0.000000000000000    -0.210803183970686
48 2
     0.385613580753981    -1.141669915858932    -0.000000000000000
    -0.572355670672201     0.671149120918858     0.000000000000000
    -0.000000000000000     0.000000000000000     0.275207376970272
48 3
     0.665525344891063     0.000000136487610     0.000000000000000
     0.000000136487610     0.665525817698012    -0.000000000000000
     0.000000000000000     0.000000000000000    -0.058303007933635
48 4
     0.385614049026749     1.141670074024232    -0.000000000000000
     0.572355945953949     0.671149355679191     0.000000000000000
     0.000000000000000     0.000000000000000     0.275207376970272
48 5
     0.359335580762466     0.354966310031927    -0.000000000000000
     0.354966141913688    -0.050543965225629     0.000000000000000
     0.000000000000000     0.000000000000000     0.004685101484675
48 6
     0.359335435167835    -0.354966162645070    -0.000000000000000
    -0.354966162645070    -0.050544110820329     0.000000000000000
    -0.000000000000000    -0.000000000000000     0.004685101484675
48 7
     1.341959672054653    -0.020208866668103    -0.000000000000000
    -0.589523111854834    -0.285197423324269     0.000000000000000
    -0.000000000000000    -0.000000000000000     0.275207376970272
48 8
     1.341959680343730     0.020209417093026    -0.000000000000000
     0.589522994876958    -0.285197181522531     0.000000000000000
     0.000000000000000    -0.000000000000000     0.275207376970272
48 9
    -1.109524629036763     1.350453463710922     0.000000000000000
     1.350453463710922     0.449844556348272    -0.000000000000000
     0.000000000000000     0.000000000000000    -0.210803183970686
48 10
    -0.255483757155334    -0.000000052395251    -0.000000000000000
     0.000000115722989     0.564275663881503     0.000000000000000
    -0.000000000000000     0.000000000000000     0.004685101484675
48 11
    -1.109525182945240    -1.350453918799232     0.000000000000000
    -1.350453279200663     0.449844002439532    -0.000000000000000
    -0.000000000000000     0.000000000000000    -0.210803183970686
48 12
   -22.859217989234345    -0.000004688025848     0.000000000000000
    -0.000001625399255    -7.925592479047063    -0.000000000000000
    -0.000000000000000    -0.000000000000001    -4.828767704298100
48 13
   -11.658993307526831     6.466452640881983     0.000000000000000
     6.466449578255389   -19.125822465379436    -0.000000000000000
     0.000000000000000    -0.000000000000002    -4.828767704298100
48 14
    -0.142429681365870    -0.267489805636448    -0.000000000000000
    -0.836803383420380     1.199192883220172     0.000000000000000
    -0.000000000000000     0.000000000000000     0.275207376970272
48 15
    -0.142429571650998     0.267489747216796    -0.000000000000000
     0.836803875287079     1.199193226447753     0.000000000000000
     0.000000000000000     0.000000000000000     0.275207376970272
48 16
   -11.658995959838625    -6.466457422993789     0.000000000000000
    -6.466457422993788   -19.125825117692486    -0.000000000000000
    -0.000000000000001    -0.000000000000003    -4.828767704298100
48 17
    -0.009924901987359    -0.124354875072806    -0.000000000000000
    -0.236965550154645    -0.108295682686032     0.000000000000000
    -0.000000000000000    -0.000000000000000     0.036020859155715
48 18
     0.008670894826387    -0.111219442840775    -0.000000000000000
    -0.111219390165294     0.137096083978471     0.000000000000000
    -0.000000000000000     0.000000000000000     0.004539075534786
48 19
     0.008670940444681     0.111219446397282    -0.000000000000000
     0.111219446397282     0.137096129596786     0.000000000000000
     0.000000000000000     0.000000000000000     0.004539075534786
48 20
    -0.009924850981376     0.124354871001969    -0.000000000000000
     0.236965505735595    -0.108295585491061     0.000000000000000
     0.000000000000000    -0.000000000000000     0.036020859155715
48 21
     0.254157756334002     0.000000052123311     0.000000000000000
     0.000000013697351     0.066789511026929    -0.000000000000000
     0.000000000000000     0.000000000000000    -0.001739426756031
48 22
     0.207758925866297    -0.162858956918871    -0.000000000000000
    -0.162858956918871     0.019705654497814     0.000000000000000
    -0.000000000000000     0.000000000000000     0.001124645235910
48 23
     0.201308555268685     0.000000041284864    -0.000000000000000
    -0.000000011390617    -0.055541667700437     0.000000000000000
     0.000000000000000    -0.000000000000000     0.004539075534786
48 24
     0.207758992665315     0.162859042134329    -0.000000000000000
     0.162858965001449     0.019705721296863     0.000000000000000
     0.000000000000000     0.000000000000000     0.001124645235910
48 25
     0.113631553405861     0.081132912425043     0.000000000000000
     0.081132912425043     0.207315847066501    -0.000000000000000
     0.000000000000000     0.000000000000000    -0.001739426756031
48 26
     0.113631520128011    -0.081132865817361     0.000000000000000
    -0.081132827391400     0.207315813788636    -0.000000000000000
    -0.000000000000000     0.000000000000000    -0.001739426756031
48 27
     0.072753347483035    -0.189231229262880    -0.000000000000000
    -0.076620554181041    -0.190973971314310     0.000000000000000
    -0.000000000000000    -0.000000000000000     0.036020859155715
48 28
     0.072753425099018     0.189231259103775    -0.000000000000000
     0.076620475850260    -0.190973939887255     0.000000000000000
     0.000000000000000    -0.000000000000000     0.036020859155715
48 29
    -0.240159181598660    -0.104039744641398    -0.000000000000000
     0.008571038612117     0.121938815011378     0.000000000000000
    -0.000000000000000     0.000000000000000     0.036020859155715
48 30
    -0.074320968786049    -0.000000015241931    -0.000000000000000
     0.000000061890949     0.301785816346295     0.000000000000000
    -0.000000000000000     0.000000000000000     0.001124645235910
48 31
    -0.240159138925246     0.104039646136510    -0.000000000000000
    -0.008570988597116     0.121938811495848     0.000000000000000
    -0.000000000000000     0.000000000000000     0.036020859155715
48 32
    -0.510715084339974    -0.000000104738732    -0.000000000000000
    -0.000000104738732    -0.510715447165587     0.000000000000000
     0.000000000000000    -0.000000000000000     0.700755218449825
48 33
    -3.283773184822103     3.210449321844355    -0.000000000000000
     2.607791292558813     0.075225345611468     0.000000000000000
     0.000000000000000     0.000000000000000     0.974985203242899
48 34
    -0.107480424088463     0.403788390944551     0.000000000000000
     0.403788199703272    -0.573735308725975    -0.000000000000000
     0.000000000000000    -0.000000000000000    -0.055505199818114
48 35
    -0.107480589708230    -0.403788435029295     0.000000000000000
    -0.403788435029295    -0.573735474345820    -0.000000000000000
    -0.000000000000000    -0.000000000000000    -0.055505199818114
48 36
    -3.283774501635467    -3.210450668733534    -0.000000000000000
    -2.607791261704247     0.075224275986697     0.000000000000000
    -0.000000000000000    -0.000000000000000     0.974985203242899
48 37
    -0.806850495586680    -0.000000165470927     0.000000000000000
     0.000000025779059     0.125701002351046    -0.000000000000000
    -0.000000000000000     0.000000000000000    -0.055510108253404
48 38
    -0.868399737709960     0.635213172636754     0.000000000000000
     0.635213172636754    -0.134918982875433    -0.000000000000000
     0.000000000000000    -0.000000000000000    -0.091580972093640
48 39
    -0.806862222459730    -0.000000165473332     0.000000000000000
     0.000000025767947     0.125646820884903    -0.000000000000000
    -0.000000000000000     0.000000000000000    -0.055505199818114
48 40
    -0.868399998252074    -0.635213528824008     0.000000000000000
    -0.635213227975816    -0.134919243417671    -0.000000000000000
    -0.000000000000000    -0.000000000000000    -0.091580972093640
48 41
    -0.107437021922999    -0.403806818390463     0.000000000000000
    -0.403806818390463    -0.573713133822018    -0.000000000000000
    -0.000000000000000    -0.000000000000000    -0.055510108253404
48 42
    -0.107436856295692     0.403806774323588     0.000000000000000
     0.403806583073602    -0.573712968194634    -0.000000000000000
     0.000000000000000    -0.000000000000000    -0.055510108253404
48 43
    -3.283895805810297     2.607720497281505    -0.000000000000000
     3.210378526567046     0.075347966657739     0.000000000000000
     0.000000000000000     0.000000000000000     0.974985203242899
48 44
    -3.283896875405554    -2.607721844220929    -0.000000000000000
    -3.210378495662237     0.075346649872761     0.000000000000000
    -0.000000000000000    -0.000000000000000     0.974985203242899
48 45
     1.754846493246877    -0.301257966488045    -0.000000000000000
     0.301398684953264    -4.963399105217809     0.000000000000000
     0.000000000000000    -0.000000000000001     0.974985203242899
48 46
     0.231821408045781     0.000000047542517     0.000000000000000
    -0.000000253305674    -1.235141170799878    -0.000000000000000
     0.000000000000000    -0.000000000000000    -0.091580972093640
48 47
     1.754846616812419     0.301258686264727    -0.000000000000000
    -0.301400720764559    -4.963399228841427     0.000000000000000
     0.000000000000000    -0.000000000000001     0.974985203242899
48 48
    56.143565489501292     0.000011514063448    -0.000000000000000
     0.000011514063448    56.143605375387082     0.000000000000000
     0.000000000000000     0.000000000000007     8.701466701408043
48 49
    -0.100738388139088    -0.000000020659682     0.000000000000000
     0.000000041991871     0.204756125476809    -0.000000000000000
    -0.000000000000000     0.000000000000000    -0.004099157021885
48 50
    -0.104886808889952     0.115994801093684    -0.000000000000000
     0.115938401582494    -0.069061476715550     0.000000000000000
     0.000000000000000    -0.000000000000000     0.006704309052258
48 51
    -0.159589009389914    -0.000000032728915     0.000000000000000
    -0.000000032728915    -0.159589122766201    -0.000000000000000
    -0.000000000000000    -0.000000000000000    -0.011962470357086
48 52
    -0.104886856466938    -0.115994844114594    -0.000000000000000
    -0.115938429909086    -0.069061524269433     0.000000000000000
    -0.000000000000000    -0.000000000000000     0.006704309052258
48 53
    -0.130034305188630    -0.084634046624686     0.000000000000000
    -0.084634006540528    -0.032307426016394    -0.000000000000000
    -0.000000000000000    -0.000000000000000    -0.004664854189102
48 54
    -0.130034270474740     0.084633993289169     0.000000000000000
     0.084633993289169    -0.032307391302488    -0.000000000000000
     0.000000000000000    -0.000000000000000    -0.004664854189102
48 55
    -0.178447784194224     0.073467942631344    -0.000000000000000
     0.073524342142533     0.004499533428504     0.000000000000000
     0.000000000000000     0.000000000000000     0.006704309052258
48 56
    -0.178447814328198    -0.073468015824390    -0.000000000000000
    -0.073524340296990     0.004499503271390     0.000000000000000
    -0.000000000000000    -0.000000000000000     0.006704309052258
48 57
     0.128382360845843    -0.132282978088825     0.000000000000000
    -0.132282978088825    -0.024364840539466    -0.000000000000000
    -0.000000000000000    -0.000000000000000    -0.004099157021885
48 58
     0.016556065354723     0.000000003395359     0.000000000000000
    -0.000000036688798    -0.178897865987544    -0.000000000000000
    -0.000000000000000    -0.000000000000000    -0.004664854189102
48 59
     0.128382415103666     0.132283030746791     0.000000000000000
     0.132282968095238    -0.024364786281617    -0.000000000000000
     0.000000000000000    -0.000000000000000    -0.004099157021885
48 60
     0.079155547677784     0.000000016233419     0.000000000000000
     0.000000050947539     0.248424764815086    -0.000000000000000
    -0.000000000000000     0.000000000000000    -0.454164019222512
48 61
     0.206107343196824     0.073295721621620     0.000000000000000
     0.073295686907500     0.121472909169427    -0.000000000000000
     0.000000000000000     0.000000000000000    -0.454164019222512
48 62
     0.022412214482059     0.042442278867961    -0.000000000000000
     0.042498603340561    -0.196360620669735     0.000000000000000
     0.000000000000000    -0.000000000000000     0.006704309052258
48 63
     0.022412197073735    -0.042442269675258    -0.000000000000000
    -0.042498683880766    -0.196360638101192     0.000000000000000
    -0.000000000000000    -0.000000000000000     0.006704309052258
48 64
     0.206107313133521    -0.073295637083603     0.000000000000000
    -0.073295637083603     0.121472879106110    -0.000000000000000
    -0.000000000000000     0.000000000000000    -0.454164019222512
49 1
    -0.510715084339974    -0.000000104738732    -0.000000000000000
    -0.000000104738732    -0.510715447165587     0.000000000000000
     0.000000000000000    -0.000000000000000     0.700755218449825
49 2
    -0.240159138925246     0.104039646136510    -0.000000000000000
    -0.008570988597116     0.121938811495848     0.000000000000000
    -0.000000000000000     0.000000000000000     0.036020859155715
49 3
    -0.074320968786049    -0.000000015241931    -0.000000000000000
     0.000000061890949     0.301785816346295     0.000000000000000
    -0.000000000000000     0.000000000000000     0.001124645235910
49 4
    -0.240159181598660    -0.104039744641398    -0.000000000000000
     0.008571038612117     0.121938815011378     0.000000000000000
    -0.000000000000000     0.000000000000000     0.036020859155715
49 5
     0.072753425099018     0.189231259103775    -0.000000000000000
     0.076620475850260    -0.190973939887255     0.000000000000000
     0.000000000000000    -0.000000000000000     0.036020859155715
49 6
     0.072753347483035    -0.189231229262880    -0.000000000000000
    -0.076620554181041    -0.190973971314310     0.000000000000000
    -0.000000000000000    -0.000000000000000     0.036020859155715
49 7
     0.113631520128011    -0.081132865817361     0.000000000000000
    -0.081132827391400     0.207315813788636    -0.000000000000000
    -0.000000000000000     0.000000000000000    -0.001739426756031
49 8
     0.113631553405861     0.081132912425043     0.000000000000000
     0.081132912425043     0.207315847066501    -0.000000000000000
     0.000000000000000     0.000000000000000    -0.001739426756031
49 9
     0.207758992665315     0.162859042134329    -0.000000000000000
     0.162858965001449     0.019705721296863     0.000000000000000
     0.000000000000000     0.000000000000000     0.001124645235910
49 10
     0.201308555268685     0.000000041284864    -0.000000000000000
    -0.000000011390617    -0.055541667700437     0.000000000000000
     0.000000000000000    -0.000000000000000     0.004539075534786
49 11
     0.207758925866297    -0.162858956918871    -0.000000000000000
    -0.162858956918871     0.019705654497814     0.000000000000000
    -0.000000000000000     0.000000000000000     0.001124645235910
49 12
     0.254157756334002     0.000000052123311     0.000000000000000
     0.000000013697351     0.066789511026929    -0.000000000000000
     0.000000000000000     0.000000000000000    -0.001739426756031
49 13
    -0.009924850981376     0.124354871001969    -0.000000000000000
     0.236965505735595    -0.108295585491061     0.000000000000000
     0.000000000000000    -0.000000000000000     0.036020859155715
49 14
     0.008670940444681     0.111219446397282    -0.000000000000000
     0.111219446397282     0.137096129596786     0.000000000000000
     0.000000000000000     0.000000000000000     0.004539075534786
49 15
     0.008670894826387    -0.111219442840775    -0.000000000000000
    -0.111219390165294     0.137096083978471     0.000000000000000
    -0.000000000000000     0.000000000000000     0.004539075534786
49 16
    -0.009924901987359    -0.124354875072806    -0.000000000000000
    -0.236965550154645    -0.108295682686032     0.000000000000000
    -0.000000000000000    -0.000000000000000     0.036020859155715
49 17
   -11.658995959838625    -6.466457422993789     0.000000000000000
    -6.466457422993788   -19.125825117692486    -0.000000000000000
    -0.000000000000001    -0.000000000000003    -4.828767704298100
49 18
    -0.142429571650998     0.267489747216796    -0.000000000000000
     0.836803875287079     1.199193226447753     0.000000000000000
     0.000000000000000     0.000000000000000     0.275207376970272
49 19
    -0.142429681365870    -0.267489805636448    -0.000000000000000
    -0.836803383420380     1.199192883220172     0.000000000000000
    -0.000000000000000     0.000000000000000     0.275207376970272
49 20
   -11.658993307526831     6.466452640881983     0.000000000000000
     6.466449578255389   -19.125822465379436    -0.000000000000000
     0.000000000000000    -0.000000000000002    -4.828767704298100
49 21
   -22.859217989234345    -0.000004688025848     0.000000000000000
    -0.000001625399255    -7.925592479047063    -0.000000000000000
    -0.000000000000000    -0.000000000000001    -4.828767704298100
49 22
    -1.109525182945240    -1.350453918799232     0.000000000000000
    -1.350453279200663     0.449844002439532    -0.000000000000000
    -0.000000000000000     0.000000000000000    -0.210803183970686
49 23
    -0.255483757155334    -0.000000052395251    -0.000000000000000
     0.000000115722989     0.564275663881503     0.000000000000000
    -0.000000000000000     0.000000000000000     0.004685101484675
49 24
    -1.109524629036763     1.350453463710922     0.000000000000000
     1.350453463710922     0.449844556348272    -0.000000000000000
     0.000000000000000     0.000000000000000    -0.210803183970686
49 25
     1.341959680343730     0.020209417093026    -0.000000000000000
     0.589522994876958    -0.285197181522531     0.000000000000000
     0.000000000000000    -0.000000000000000     0.275207376970272
49 26
     1.341959672054653    -0.020208866668103    -0.000000000000000
    -0.589523111854834    -0.285197423324269     0.000000000000000
    -0.000000000000000    -0.000000000000000     0.275207376970272
49 27
     0.359335435167835    -0.354966162645070    -0.000000000000000
    -0.354966162645070    -0.050544110820329     0.000000000000000
    -0.000000000000000    -0.000000000000000     0.004685101484675
49 28
     0.359335580762466     0.354966310031927    -0.000000000000000
     0.354966141913688    -0.050543965225629     0.000000000000000
     0.000000000000000     0.000000000000000     0.004685101484675
49 29
     0.385614049026749     1.141670074024232    -0.000000000000000
     0.572355945953949     0.671149355679191     0.000000000000000
     0.000000000000000     0.000000000000000     0.275207376970272
49 30
     0.665525344891063     0.000000136487610     0.000000000000000
     0.000000136487610     0.665525817698012    -0.000000000000000
     0.000000000000000     0.000000000000000    -0.058303007933635
49 31
     0.385613580753981    -1.141669915858932    -0.000000000000000
    -0.572355670672201     0.671149120918858     0.000000000000000
    -0.000000000000000     0.000000000000000     0.275207376970272
49 32
     1.229528392714640     0.000000252154772     0.000000000000000
    -0.000000387443798    -1.889210681037565    -0.000000000000000
     0.000000000000000    -0.000000000000000    -0.210803183970686
49 33
     0.206107313133521    -0.073295637083603     0.000000000000000
    -0.073295637083603     0.121472879106110    -0.000000000000000
    -0.000000000000000     0.000000000000000    -0.454164019222512
49 34
     0.022412197073735    -0.042442269675258    -0.000000000000000
    -0.042498683880766    -0.196360638101192     0.000000000000000
    -0.000000000000000    -0.000000000000000     0.006704309052258
49 35
     0.022412214482059     0.042442278867961    -0.000000000000000
     0.042498603340561    -0.196360620669735     0.000000000000000
     0.000000000000000    -0.000000000000000     0.006704309052258
49 36
     0.206107343196824     0.073295721621620     0.000000000000000
     0.073295686907500     0.121472909169427    -0.000000000000000
     0.000000000000000     0.000000000000000    -0.454164019222512
49 37
     0.079155547677784     0.000000016233419     0.000000000000000
     0.000000050947539     0.248424764815086    -0.000000000000000
    -0.000000000000000     0.000000000000000    -0.454164019222512
49 38
     0.128382415103666     0.132283030746791     0.000000000000000
     0.132282968095238    -0.024364786281617    -0.000000000000000
     0.000000000000000    -0.000000000000000    -0.004099157021885
49 39
     0.016556065354723     0.000000003395359     0.000000000000000
    -0.000000036688798    -0.178897865987544    -0.000000000000000
    -0.000000000000000    -0.000000000000000    -0.004664854189102
49 40
     0.128382360845843    -0.132282978088825     0.000000000000000
    -0.132282978088825    -0.024364840539466    -0.000000000000000
    -0.000000000000000    -0.000000000000000    -0.004099157021885
49 41
    -0.178447814328198    -0.073468015824390    -0.000000000000000
    -0.073524340296990     0.004499503271390     0.000000000000000
    -0.000000000000000    -0.000000000000000     0.006704309052258
49 42
    -0.178447784194224     0.073467942631344    -0.000000000000000
     0.073524342142533     0.004499533428504     0.000000000000000
     0.000000000000000     0.000000000000000     0.006704309052258
49 43
    -0.130034270474740     0.084633993289169     0.000000000000000
     0.084633993289169    -0.032307391302488    -0.000000000000000
     0.000000000000000    -0.000000000000000    -0.004664854189102
49 44
    -0.130034305188630    -0.084634046624686     0.000000000000000
    -0.084634006540528    -0.032307426016394    -0.000000000000000
    -0.000000000000000    -0.000000000000000    -0.004664854189102
49 45
    -0.104886856466938    -0.115994844114594    -0.000000000000000
    -0.115938429909086    -0.069061524269433     0.000000000000000
    -0.000000000000000    -0.000000000000000     0.006704309052258
49 46
    -0.159589009389914    -0.000000032728915     0.000000000000000
    -0.000000032728915    -0.159589122766201    -0.000000000000000
    -0.000000000000000    -0.000000000000000    -0.011962470357086
49 47
    -0.104886808889952     0.115994801093684    -0.000000000000000
     0.115938401582494    -0.069061476715550     0.000000000000000
     0.000000000000000    -0.000000000000000     0.006704309052258
49 48
    -0.100738388139088    -0.000000020659682     0.000000000000000
     0.000000041991871     0.204756125476809    -0.000000000000000
    -0.000000000000000     0.000000000000000    -0.004099157021885
49 49
    56.143565489501292     0.000011514063448    -0.000000000000000
     0.000011514063448    56.143605375387082     0.000000000000000
     0.000000000000000     0.000000000000007     8.701466701408043
49 50
     1.754846616812419     0.301258686264727    -0.000000000000000
    -0.301400720764559    -4.963399228841427     0.000000000000000
     0.000000000000000    -0.000000000000001     0.974985203242899
49 51
     0.231821408045781     0.000000047542517     0.000000000000000
    -0.000000253305674    -1.235141170799878    -0.000000000000000
     0.000000000000000    -0.000000000000000    -0.091580972093640
49 52
     1.754846493246877    -0.301257966488045    -0.000000000000000
     0.301398684953264    -4.963399105217809     0.000000000000000
     0.000000000000000    -0.000000000000001     0.974985203242899
49 53
    -3.283896875405554    -2.607721844220929    -0.000000000000000
    -3.210378495662237     0.075346649872761     0.000000000000000
    -0.000000000000000    -0.000000000000000     0.974985203242899
49 54
    -3.283895805810297     2.607720497281505    -0.000000000000000
     3.210378526567046     0.075347966657739     0.000000000000000
     0.000000000000000     0.000000000000000     0.974985203242899
49 55
    -0.107436856295692     0.403806774323588     0.000000000000000
     0.403806583073602    -0.573712968194634    -0.000000000000000
     0.000000000000000    -0.000000000000000    -0.055510108253404
49 56
    -0.107437021922999    -0.403806818390463     0.000000000000000
    -0.403806818390463    -0.573713133822018    -0.000000000000000
    -0.000000000000000    -0.000000000000000    -0.055510108253404
49 57
    -0.868399998252074    -0.635213528824008     0.000000000000000
    -0.635213227975816    -0.134919243417671    -0.000000000000000
    -0.000000000000000    -0.000000000000000    -0.091580972093640
49 58
    -0.806862222459730    -0.000000165473332     0.000000000000000
     0.000000025767947     0.125646820884903    -0.000000000000000
    -0.000000000000000     0.000000000000000    -0.055505199818114
49 59
    -0.868399737709960     0.635213172636754     0.000000000000000
     0.635213172636754    -0.134918982875433    -0.000000000000000
     0.000000000000000    -0.000000000000000    -0.091580972093640
49 60
    -0.806850495586680    -0.000000165470927     0.000000000000000
     0.000000025779059     0.125701002351046    -0.000000000000000
    -0.000000000000000     0.000000000000000    -0.055510108253404
49 61
    -3.283774501635467    -3.210450668733534    -0.000000000000000
    -2.607791261704247     0.075224275986697     0.000000000000000
    -0.000000000000000    -0.000000000000000     0.974985203242899
49 62
    -0.107480589708230    -0.403788435029295     0.000000000000000
    -0.403788435029295    -0.573735474345820    -0.000000000000000
    -0.000000000000000    -0.000000000000000    -0.055505199818114
49 63
    -0.107480424088463     0.403788390944551     0.000000000000000
     0.403788199703272    -0.573735308725975    -0.000000000000000
     0.000000000000000    -0.000000000000000    -0.055505199818114
49 64
    -3.283773184822103     3.210449321844355    -0.000000000000000
     2.607791292558813     0.075225345611468     0.000000000000000
     0.000000000000000     0.000000000000000     0.974985203242899
50 1
    -0.240159181598660    -0.104039744641398    -0.000000000000000
     0.008571038612117     0.121938815011378     0.000000000000000
    -0.000000000000000     0.000000000000000     0.036020859155715
50 2
    -0.510715084339974    -0.000000104738732    -0.000000000000000
    -0.000000104738732    -0.510715447165587     0.000000000000000
     0.000000000000000    -0.000000000000000     0.700755218449825
50 3
    -0.240159138925246     0.104039646136510    -0.000000000000000
    -0.008570988597116     0.121938811495848     0.000000000000000
    -0.000000000000000     0.000000000000000     0.036020859155715
50 4
    -0.074320968786049    -0.000000015241931    -0.000000000000000
     0.000000061890949     0.301785816346295     0.000000000000000
    -0.000000000000000     0.000000000000000     0.001124645235910
50 5
     0.113631553405861     0.081132912425043     0.000000000000000
     0.081132912425043     0.207315847066501    -0.000000000000000
     0.000000000000000     0.000000000000000    -0.001739426756031
50 6
     0.072753425099018     0.189231259103775    -0.000000000000000
     0.076620475850260    -0.190973939887255     0.000000000000000
     0.000000000000000    -0.000000000000000     0.036020859155715
50 7
     0.072753347483035    -0.189231229262880    -0.000000000000000
    -0.076620554181041    -0.190973971314310     0.000000000000000
    -0.000000000000000    -0.000000000000000     0.036020859155715
50 8
     0.113631520128011    -0.081132865817361     0.000000000000000
    -0.081132827391400     0.207315813788636    -0.000000000000000
    -0.000000000000000     0.000000000000000    -0.001739426756031
50 9
     0.254157756334002     0.000000052123311     0.000000000000000
     0.000000013697351     0.066789511026929    -0.000000000000000
     0.000000000000000     0.000000000000000    -0.001739426756031
50 10
     0.207758992665315     0.162859042134329    -0.000000000000000
     0.162858965001449     0.019705721296863     0.000000000000000
     0.000000000000000     0.000000000000000     0.001124645235910
50 11
     0.201308555268685     0.000000041284864    -0.000000000000000
    -0.000000011390617    -0.055541667700437     0.000000000000000
     0.000000000000000    -0.000000000000000     0.004539075534786
50 12
     0.207758925866297    -0.162858956918871    -0.000000000000000
    -0.162858956918871     0.019705654497814     0.000000000000000
    -0.000000000000000     0.000000000000000     0.001124645235910
50 13
    -0.009924901987359    -0.124354875072806    -0.000000000000000
    -0.236965550154645    -0.108295682686032     0.000000000000000
    -0.000000000000000    -0.000000000000000     0.036020859155715
50 14
    -0.009924850981376     0.124354871001969    -0.000000000000000
     0.236965505735595    -0.108295585491061     0.000000000000000
     0.000000000000000    -0.000000000000000     0.036020859155715
50 15
     0.008670940444681     0.111219446397282    -0.000000000000000
     0.111219446397282     0.137096129596786     0.000000000000000
     0.000000000000000     0.000000000000000     0.004539075534786
50 16
     0.008670894826387    -0.111219442840775    -0.000000000000000
    -0.111219390165294     0.137096083978471     0.000000000000000
    -0.000000000000000     0.000000000000000     0.004539075534786
50 17
   -11.658993307526831     6.466452640881983     0.000000000000000
     6.466449578255389   -19.125822465379436    -0.000000000000000
     0.000000000000000    -0.000000000000002    -4.828767704298100
50 18
   -11.658995959838625    -6.466457422993789     0.000000000000000
    -6.466457422993788   -19.125825117692486    -0.000000000000000
    -0.000000000000001    -0.000000000000003    -4.828767704298100
50 19
    -0.142429571650998     0.267489747216796    -0.000000000000000
     0.836803875287079     1.199193226447753     0.000000000000000
     0.000000000000000     0.000000000000000     0.275207376970272
50 20
    -0.142429681365870    -0.267489805636448    -0.000000000000000
    -0.836803383420380     1.199192883220172     0.000000000000000
    -0.000000000000000     0.000000000000000     0.275207376970272
50 21
    -1.109524629036763     1.350453463710922     0.000000000000000
     1.350453463710922     0.449844556348272    -0.000000000000000
     0.000000000000000     0.000000000000000    -0.210803183970686
50 22
   -22.859217989234345    -0.000004688025848     0.000000000000000
    -0.000001625399255    -7.925592479047063    -0.000000000000000
    -0.000000000000000    -0.000000000000001    -4.828767704298100
50 23
    -1.109525182945240    -1.350453918799232     0.000000000000000
    -1.350453279200663     0.449844002439532    -0.000000000000000
    -0.000000000000000     0.000000000000000    -0.210803183970686
50 24
    -0.255483757155334    -0.000000052395251    -0.000000000000000
     0.000000115722989     0.564275663881503     0.000000000000000
    -0.000000000000000     0.000000000000000     0.004685101484675
50 25
     0.359335580762466     0.354966310031927    -0.000000000000000
     0.354966141913688    -0.050543965225629     0.000000000000000
     0.000000000000000     0.000000000000000     0.004685101484675
50 26
     1.341959680343730     0.020209417093026    -0.000000000000000
     0.589522994876958    -0.285197181522531     0.000000000000000
     0.000000000000000    -0.000000000000000     0.275207376970272
50 27
     1.341959672054653    -0.020208866668103    -0.000000000000000
    -0.589523111854834    -0.285197423324269     0.000000000000000
    -0.000000000000000    -0.000000000000000     0.275207376970272
50 28
     0.359335435167835    -0.354966162645070    -0.000000000000000
    -0.354966162645070    -0.050544110820329     0.000000000000000
    -0.000000000000000    -0.000000000000000     0.004685101484675
50 29
     1.229528392714640     0.000000252154772     0.000000000000000
    -0.000000387443798    -1.889210681037565    -0.000000000000000
     0.000000000000000    -0.000000000000000    -0.210803183970686
50 30
     0.385614049026749     1.141670074024232    -0.000000000000000
     0.572355945953949     0.671149355679191     0.000000000000000
     0.000000000000000     0.000000000000000     0.275207376970272
50 31
     0.665525344891063     0.000000136487610     0.000000000000000
     0.000000136487610     0.665525817698012    -0.000000000000000
     0.000000000000000     0.000000000000000    -0.058303007933635
50 32
     0.385613580753981    -1.141669915858932    -0.000000000000000
    -0.572355670672201     0.671149120918858     0.000000000000000
    -0.000000000000000     0.000000000000000     0.275207376970272
50 33
     0.206107343196824     0.073295721621620     0.000000000000000
     0.073295686907500     0.121472909169427    -0.000000000000000
     0.000000000000000     0.000000000000000    -0.454164019222512
50 34
     0.206107313133521    -0.073295637083603     0.000000000000000
    -0.073295637083603     0.121472879106110    -0.000000000000000
    -0.000000000000000     0.000000000000000    -0.454164019222512
50 35
     0.022412197073735    -0.042442269675258    -0.000000000000000
    -0.042498683880766    -0.196360638101192     0.000000000000000
    -0.000000000000000    -0.000000000000000     0.006704309052258
50 36
     0.022412214482059     0.042442278867961    -0.000000000000000
     0.042498603340561    -0.196360620669735     0.000000000000000
     0.000000000000000    -0.000000000000000     0.006704309052258
50 37
     0.128382360845843    -0.132282978088825     0.000000000000000
    -0.132282978088825    -0.024364840539466    -0.000000000000000
    -0.000000000000000    -0.000000000000000    -0.004099157021885
50 38
     0.079155547677784     0.000000016233419     0.000000000000000
     0.000000050947539     0.248424764815086    -0.000000000000000
    -0.000000000000000     0.000000000000000    -0.454164019222512
50 39
     0.128382415103666     0.132283030746791     0.000000000000000
     0.132282968095238    -0.024364786281617    -0.000000000000000
     0.000000000000000    -0.000000000000000    -0.004099157021885
50 40
     0.016556065354723     0.000000003395359     0.000000000000000
    -0.000000036688798    -0.178897865987544    -0.000000000000000
    -0.000000000000000    -0.000000000000000    -0.004664854189102
50 41
    -0.130034305188630    -0.084634046624686     0.000000000000000
    -0.084634006540528    -0.032307426016394    -0.000000000000000
    -0.000000000000000    -0.000000000000000    -0.004664854189102
50 42
    -0.178447814328198    -0.073468015824390    -0.000000000000000
    -0.073524340296990     0.004499503271390     0.000000000000000
    -0.000000000000000    -0.000000000000000     0.006704309052258
50 43
    -0.178447784194224     0.073467942631344    -0.000000000000000
     0.073524342142533     0.004499533428504     0.000000000000000
     0.000000000000000     0.000000000000000     0.006704309052258
50 44
    -0.130034270474740     0.084633993289169     0.000000000000000
     0.084633993289169    -0.032307391302488    -0.000000000000000
     0.000000000000000    -0.000000000000000    -0.004664854189102
50 45
    -0.100738388139088    -0.000000020659682     0.000000000000000
     0.000000041991871     0.204756125476809    -0.000000000000000
    -0.000000000000000     0.000000000000000    -0.004099157021885
50 46
    -0.104886856466938    -0.115994844114594    -0.000000000000000
    -0.115938429909086    -0.069061524269433     0.000000000000000
    -0.000000000000000    -0.000000000000000     0.006704309052258
50 47
    -0.159589009389914    -0.000000032728915     0.000000000000000
    -0.000000032728915    -0.159589122766201    -0.000000000000000
    -0.000000000000000    -0.000000000000000    -0.011962470357086
50 48
    -0.104886808889952     0.115994801093684    -0.000000000000000
     0.115938401582494    -0.069061476715550     0.000000000000000
     0.000000000000000    -0.000000000000000     0.006704309052258
50 49
     1.754846493246877    -0.301257966488045    -0.000000000000000
     0.301398684953264    -4.963399105217809     0.000000000000000
     0.000000000000000    -0.000000000000001     0.974985203242899
50 50
    56.143565489501292     0.000011514063448    -0.000000000000000
     0.000011514063448    56.143605375387082     0.000000000000000
     0.000000000000000     0.000000000000007     8.701466701408043
50 51
     1.754846616812419     0.301258686264727    -0.000000000000000
    -0.301400720764559    -4.963399228841427     0.000000000000000
     0.000000000000000    -0.000000000000001     0.974985203242899
50 52
     0.231821408045781     0.000000047542517     0.000000000000000
    -0.000000253305674    -1.235141170799878    -0.000000000000000
     0.000000000000000    -0.000000000000000    -0.091580972093640
50 53
    -0.107437021922999    -0.403806818390463     0.000000000000000
    -0.403806818390463    -0.573713133822018    -0.000000000000000
    -0.000000000000000    -0.000000000000000    -0.055510108253404
50 54
    -3.283896875405554    -2.607721844220929    -0.000000000000000
    -3.210378495662237     0.075346649872761     0.000000000000000
    -0.000000000000000    -0.000000000000000     0.974985203242899
50 55
    -3.283895805810297     2.607720497281505    -0.000000000000000
     3.210378526567046     0.075347966657739     0.000000000000000
     0.000000000000000     0.000000000000000     0.974985203242899
50 56
    -0.107436856295692     0.403806774323588     0.000000000000000
     0.403806583073602    -0.573712968194634    -0.000000000000000
     0.000000000000000    -0.000000000000000    -0.055510108253404
50 57
    -0.806850495586680    -0.000000165470927     0.000000000000000
     0.000000025779059     0.125701002351046    -0.000000000000000
    -0.000000000000000     0.000000000000000    -0.055510108253404
50 58
    -0.868399998252074    -0.635213528824008     0.000000000000000
    -0.635213227975816    -0.134919243417671    -0.000000000000000
    -0.000000000000000    -0.000000000000000    -0.091580972093640
50 59
    -0.806862222459730    -0.000000165473332     0.000000000000000
     0.000000025767947     0.125646820884903    -0.000000000000000
    -0.000000000000000     0.000000000000000    -0.055505199818114
50 60
    -0.868399737709960     0.635213172636754     0.000000000000000
     0.635213172636754    -0.134918982875433    -0.000000000000000
     0.000000000000000    -0.000000000000000    -0.091580972093640
50 61
    -3.283773184822103     3.210449321844355    -0.000000000000000
     2.607791292558813     0.075225345611468     0.000000000000000
     0.000000000000000     0.000000000000000     0.974985203242899
50 62
    -3.283774501635467    -3.210450668733534    -0.000000000000000
    -2.607791261704247     0.075224275986697     0.000000000000000
    -0.000000000000000    -0.000000000000000     0.974985203242899
50 63
    -0.107480589708230    -0.403788435029295     0.000000000000000
    -0.403788435029295    -0.573735474345820    -0.000000000000000
    -0.000000000000000    -0.000000000000000    -0.055505199818114
50 64
    -0.107480424088463     0.403788390944551     0.000000000000000
     0.403788199703272    -0.573735308725975    -0.000000000000000
     0.000000000000000    -0.000000000000000    -0.055505199818114
51 1
    -0.074320968786049    -0.000000015241931    -0.000000000000000
     0.000000061890949     0.301785816346295     0.000000000000000
    -0.000000000000000     0.000000000000000     0.001124645235910
51 2
    -0.240159181598660    -0.104039744641398    -0.000000000000000
     0.008571038612117     0.121938815011378     0.000000000000000
    -0.000000000000000     0.000000000000000     0.036020859155715
51 3
    -0.510715084339974    -0.000000104738732    -0.000000000000000
    -0.000000104738732    -0.510715447165587     0.000000000000000
     0.000000000000000    -0.000000000000000     0.700755218449825
51 4
    -0.240159138925246     0.104039646136510    -0.000000000000000
    -0.008570988597116     0.121938811495848     0.000000000000000
    -0.000000000000000     0.000000000000000     0.036020859155715
51 5
     0.113631520128011    -0.081132865817361     0.000000000000000
    -0.081132827391400     0.207315813788636    -0.000000000000000
    -0.000000000000000     0.000000000000000    -0.001739426756031
51 6
     0.113631553405861     0.081132912425043     0.000000000000000
     0.081132912425043     0.207315847066501    -0.000000000000000
     0.000000000000000     0.000000000000000    -0.001739426756031
51 7
     0.072753425099018     0.189231259103775    -0.000000000000000
     0.076620475850260    -0.190973939887255     0.000000000000000
     0.000000000000000    -0.000000000000000     0.036020859155715
51 8
     0.072753347483035    -0.189231229262880    -0.000000000000000
    -0.076620554181041    -0.190973971314310     0.000000000000000
    -0.000000000000000    -0.000000000000000     0.036020859155715
51 9
     0.207758925866297    -0.162858956918871    -0.000000000000000
    -0.162858956918871     0.019705654497814     0.000000000000000
    -0.000000000000000     0.000000000000000     0.001124645235910
51 10
     0.254157756334002     0.000000052123311     0.000000000000000
     0.000000013697351     0.066789511026929    -0.000000000000000
     0.000000000000000     0.000000000000000    -0.001739426756031
51 11
     0.207758992665315     0.162859042134329    -0.000000000000000
     0.162858965001449     0.019705721296863     0.000000000000000
     0.000000000000000     0.000000000000000     0.001124645235910
51 12
     0.201308555268685     0.000000041284864    -0.000000000000000
    -0.000000011390617    -0.055541667700437     0.000000000000000
     0.000000000000000    -0.000000000000000     0.004539075534786
51 13
     0.008670894826387    -0.111219442840775    -0.000000000000000
    -0.111219390165294     0.137096083978471     0.000000000000000
    -0.000000000000000     0.000000000000000     0.004539075534786
51 14
    -0.009924901987359    -0.124354875072806    -0.000000000000000
    -0.236965550154645    -0.108295682686032     0.000000000000000
    -0.000000000000000    -0.000000000000000     0.036020859155715
51 15
    -0.009924850981376     0.124354871001969    -0.000000000000000
     0.236965505735595    -0.108295585491061     0.000000000000000
     0.000000000000000    -0.000000000000000     0.036020859155715
51 16
     0.008670940444681     0.111219446397282    -0.000000000000000
     0.111219446397282     0.137096129596786     0.000000000000000
     0.000000000000000     0.000000000000000     0.004539075534786
51 17
    -0.142429681365870    -0.267489805636448    -0.000000000000000
    -0.836803383420380     1.199192883220172     0.000000000000000
    -0.000000000000000     0.000000000000000     0.275207376970272
51 18
   -11.658993307526831     6.466452640881983     0.000000000000000
     6.466449578255389   -19.125822465379436    -0.000000000000000
     0.000000000000000    -0.000000000000002    -4.828767704298100
51 19
   -11.658995959838625    -6.466457422993789     0.000000000000000
    -6.466457422993788   -19.125825117692486    -0.000000000000000
    -0.000000000000001    -0.000000000000003    -4.828767704298100
51 20
    -0.142429571650998     0.267489747216796    -0.000000000000000
     0.836803875287079     1.199193226447753     0.000000000000000
     0.000000000000000     0.000000000000000     0.275207376970272
51 21
    -0.255483757155334    -0.000000052395251    -0.000000000000000
     0.000000115722989     0.564275663881503     0.000000000000000
    -0.000000000000000     0.000000000000000     0.004685101484675
51 22
    -1.109524629036763     1.350453463710922     0.000000000000000
     1.350453463710922     0.449844556348272    -0.000000000000000
     0.000000000000000     0.000000000000000    -0.210803183970686
51 23
   -22.859217989234345    -0.000004688025848     0.000000000000000
    -0.000001625399255    -7.925592479047063    -0.000000000000000
    -0.000000000000000    -0.000000000000001    -4.828767704298100
51 24
    -1.109525182945240    -1.350453918799232     0.000000000000000
    -1.350453279200663     0.449844002439532    -0.000000000000000
    -0.000000000000000     0.000000000000000    -0.210803183970686
51 25
     0.359335435167835    -0.354966162645070    -0.000000000000000
    -0.354966162645070    -0.050544110820329     0.000000000000000
    -0.000000000000000    -0.000000000000000     0.004685101484675
51 26
     0.359335580762466     0.354966310031927    -0.000000000000000
     0.354966141913688    -0.050543965225629     0.000000000000000
     0.000000000000000     0.000000000000000     0.004685101484675
51 27
     1.341959680343730     0.020209417093026    -0.000000000000000
     0.589522994876958    -0.285197181522531     0.000000000000000
     0.000000000000000    -0.000000000000000     0.275207376970272
51 28
     1.341959672054653    -0.020208866668103    -0.000000000000000
    -0.589523111854834    -0.285197423324269     0.000000000000000
    -0.000000000000000    -0.000000000000000     0.275207376970272
51 29
     0.385613580753981    -1.141669915858932    -0.000000000000000
    -0.572355670672201     0.671149120918858     0.000000000000000
    -0.000000000000000     0.000000000000000     0.275207376970272
51 30
     1.229528392714640     0.000000252154772     0.000000000000000
    -0.000000387443798    -1.889210681037565    -0.000000000000000
     0.000000000000000    -0.000000000000000    -0.210803183970686
51 31
     0.385614049026749     1.141670074024232    -0.000000000000000
     0.572355945953949     0.671149355679191     0.000000000000000
     0.000000000000000     0.000000000000000     0.275207376970272
51 32
     0.665525344891063     0.000000136487610     0.000000000000000
     0.000000136487610     0.665525817698012    -0.000000000000000
     0.000000000000000     0.000000000000000    -0.058303007933635
51 33
     0.022412214482059     0.042442278867961    -0.000000000000000
     0.042498603340561    -0.196360620669735     0.000000000000000
     0.000000000000000    -0.000000000000000     0.006704309052258
51 34
     0.206107343196824     0.073295721621620     0.000000000000000
     0.073295686907500     0.121472909169427    -0.000000000000000
     0.000000000000000     0.000000000000000    -0.454164019222512
51 35
     0.206107313133521    -0.073295637083603     0.000000000000000
    -0.073295637083603     0.121472879106110    -0.000000000000000
    -0.000000000000000     0.000000000000000    -0.454164019222512
51 36
     0.022412197073735    -0.042442269675258    -0.000000000000000
    -0.042498683880766    -0.196360638101192     0.000000000000000
    -0.000000000000000    -0.000000000000000     0.006704309052258
51 37
     0.016556065354723     0.000000003395359     0.000000000000000
    -0.000000036688798    -0.178897865987544    -0.000000000000000
    -0.000000000000000    -0.000000000000000    -0.004664854189102
51 38
     0.128382360845843    -0.132282978088825     0.000000000000000
    -0.132282978088825    -0.024364840539466    -0.000000000000000
    -0.000000000000000    -0.000000000000000    -0.004099157021885
51 39
     0.079155547677784     0.000000016233419     0.000000000000000
     0.000000050947539     0.248424764815086    -0.000000000000000
    -0.000000000000000     0.000000000000000    -0.454164019222512
51 40
     0.128382415103666     0.132283030746791     0.000000000000000
     0.132282968095238    -0.024364786281617    -0.000000000000000
     0.000000000000000    -0.000000000000000    -0.004099157021885
51 41
    -0.130034270474740     0.084633993289169     0.000000000000000
     0.084633993289169    -0.032307391302488    -0.000000000000000
     0.000000000000000    -0.000000000000000    -0.004664854189102
51 42
    -0.130034305188630    -0.084634046624686     0.000000000000000
    -0.084634006540528    -0.032307426016394    -0.000000000000000
    -0.000000000000000    -0.000000000000000    -0.004664854189102
51 43
    -0.178447814328198    -0.073468015824390    -0.000000000000000
    -0.073524340296990     0.004499503271390     0.000000000000000
    -0.000000000000000    -0.000000000000000     0.006704309052258
51 44
    -0.178447784194224     0.073467942631344    -0.000000000000000
     0.073524342142533     0.004499533428504     0.000000000000000
     0.000000000000000     0.000000000000000     0.006704309052258
51 45
    -0.104886808889952     0.115994801093684    -0.000000000000000
     0.115938401582494    -0.069061476715550     0.000000000000000
     0.000000000000000    -0.000000000000000     0.006704309052258
51 46
    -0.100738388139088    -0.000000020659682     0.000000000000000
     0.000000041991871     0.204756125476809    -0.000000000000000
    -0.000000000000000     0.000000000000000    -0.004099157021885
51 47
    -0.104886856466938    -0.115994844114594    -0.000000000000000
    -0.115938429909086    -0.069061524269433     0.000000000000000
    -0.000000000000000    -0.000000000000000     0.006704309052258
51 48
    -0.159589009389914    -0.000000032728915     0.000000000000000
    -0.000000032728915    -0.159589122766201    -0.000000000000000
    -0.000000000000000    -0.000000000000000    -0.011962470357086
51 49
     0.231821408045781     0.000000047542517     0.000000000000000
    -0.000000253305674    -1.235141170799878    -0.000000000000000
     0.000000000000000    -0.000000000000000    -0.091580972093640
51 50
     1.754846493246877    -0.301257966488045    -0.000000000000000
     0.301398684953264    -4.963399105217809     0.000000000000000
     0.000000000000000    -0.000000000000001     0.974985203242899
51 51
    56.143565489501292     0.000011514063448    -0.000000000000000
     0.000011514063448    56.143605375387082     0.000000000000000
     0.000000000000000     0.000000000000007     8.701466701408043
51 52
     1.754846616812419     0.301258686264727    -0.000000000000000
    -0.301400720764559    -4.963399228841427     0.000000000000000
     0.000000000000000    -0.000000000000001     0.974985203242899
51 53
    -0.107436856295692     0.403806774323588     0.000000000000000
     0.403806583073602    -0.573712968194634    -0.000000000000000
     0.000000000000000    -0.000000000000000    -0.055510108253404
51 54
    -0.107437021922999    -0.403806818390463     0.000000000000000
    -0.403806818390463    -0.573713133822018    -0.000000000000000
    -0.000000000000000    -0.000000000000000    -0.055510108253404
51 55
    -3.283896875405554    -2.607721844220929    -0.000000000000000
    -3.210378495662237     0.075346649872761     0.000000000000000
    -0.000000000000000    -0.000000000000000     0.974985203242899
51 56
    -3.283895805810297     2.607720497281505    -0.000000000000000
     3.210378526567046     0.075347966657739     0.000000000000000
     0.000000000000000     0.000000000000000     0.974985203242899
51 57
    -0.868399737709960     0.635213172636754     0.000000000000000
     0.635213172636754    -0.134918982875433    -0.000000000000000
     0.000000000000000    -0.000000000000000    -0.091580972093640
51 58
    -0.806850495586680    -0.000000165470927     0.000000000000000
     0.000000025779059     0.125701002351046    -0.000000000000000
    -0.000000000000000     0.000000000000000    -0.055510108253404
51 59
    -0.868399998252074    -0.635213528824008     0.000000000000000
    -0.635213227975816    -0.134919243417671    -0.000000000000000
    -0.000000000000000    -0.000000000000000    -0.091580972093640
51 60
    -0.806862222459730    -0.000000165473332     0.000000000000000
     0.000000025767947     0.125646820884903    -0.000000000000000
    -0.000000000000000     0.000000000000000    -0.055505199818114
51 61
    -0.107480424088463     0.403788390944551     0.000000000000000
     0.403788199703272    -0.573735308725975    -0.000000000000000
     0.000000000000000    -0.000000000000000    -0.055505199818114
51 62
    -3.283773184822103     3.210449321844355    -0.000000000000000
     2.607791292558813     0.075225345611468     0.000000000000000
     0.000000000000000     0.000000000000000     0.974985203242899
51 63
    -3.283774501635467    -3.210450668733534    -0.000000000000000
    -2.607791261704247     0.075224275986697     0.000000000000000
    -0.000000000000000    -0.000000000000000     0.974985203242899
51 64
    -0.107480589708230    -0.403788435029295     0.000000000000000
    -0.403788435029295    -0.573735474345820    -0.000000000000000
    -0.000000000000000    -0.000000000000000    -0.055505199818114
52 1
    -0.240159245569668     0.104039658432685    -0.000000000000000
    -0.008571016649154     0.121938769939342    -0.000000000000000
     0.000000000000000    -0.000000000000000     0.036020859155715
52 2
    -0.074320995185842     0.000000000000000     0.000000000000000
     0.000000000000000     0.301785709148001    -0.000000000000000
     0.000000000000000    -0.000000000000000     0.001124645235910
52 3
    -0.240159245569668    -0.104039658432685    -0.000000000000000
     0.008571016649154     0.121938769939342    -0.000000000000000
     0.000000000000000     0.000000000000000     0.036020859155715
52 4
    -0.510715265752737    -0.000000000000000    -0.000000000000000
     0.000000000000000    -0.510715265752738    -0.000000000000000
     0.000000000000000     0.000000000000000     0.700755218449825
52 5
     0.072753412133993    -0.189231176965899     0.000000000000000
    -0.076620542232272    -0.190973887764320    -0.000000000000000
    -0.000000000000000     0.000000000000000     0.036020859155715
52 6
     0.113631577130363    -0.081132860301732    -0.000000000000000
    -0.081132898727692     0.207315756786257     0.000000000000000
    -0.000000000000000     0.000000000000000    -0.001739426756031
52 7
     0.113631577130363     0.081132860301731     0.000000000000000
     0.081132898727692     0.207315756786257     0.000000000000000
    -0.000000000000000    -0.000000000000000    -0.001739426756031
52 8
     0.072753412133993     0.189231176965899    -0.000000000000000
     0.076620542232272    -0.190973887764320    -0.000000000000000
    -0.000000000000000    -0.000000000000000     0.036020859155715
52 9
     0.201308626776151     0.000000000000000    -0.000000000000000
    -0.000000000000000    -0.055541647971305    -0.000000000000000
    -0.000000000000000     0.000000000000000     0.004539075534786
52 10
     0.207759033064540    -0.162858941676940    -0.000000000000000
    -0.162859018809820     0.019705680897619    -0.000000000000000
    -0.000000000000000     0.000000000000000     0.001124645235910
52 11
     0.254157846614203     0.000000000000000    -0.000000000000000
    -0.000000000000000     0.066789487302416     0.000000000000000
    -0.000000000000000    -0.000000000000000    -0.001739426756031
52 12
     0.207759033064540     0.162858941676940     0.000000000000000
     0.162859018809820     0.019705680897619    -0.000000000000000
    -0.000000000000000    -0.000000000000000     0.001124645235910
52 13
     0.008670920715559     0.111219405112417     0.000000000000000
     0.111219457787898     0.137096058089287    -0.000000000000000
    -0.000000000000000    -0.000000000000000     0.004539075534786
52 14
     0.008670920715559    -0.111219405112417     0.000000000000000
    -0.111219457787898     0.137096058089287    -0.000000000000000
     0.000000000000000     0.000000000000000     0.004539075534786
52 15
    -0.009924880009815    -0.124354828864900     0.000000000000000
    -0.236965612118415    -0.108295595620512    -0.000000000000000
     0.000000000000000     0.000000000000000     0.036020859155715
52 16
    -0.009924880009815     0.124354828864900    -0.000000000000000
     0.236965612118415    -0.108295595620512    -0.000000000000000
    -0.000000000000000    -0.000000000000000     0.036020859155715
52 17
    -0.142429677101324     0.267489681410733     0.000000000000000
     0.836803926597464     1.199192628864805    -0.000000000000000
    -0.000000000000000    -0.000000000000000     0.275207376970272
52 18
    -0.142429677101324    -0.267489681410732    -0.000000000000000
    -0.836803926597464     1.199192628864805    -0.000000000000000
     0.000000000000000    -0.000000000000000     0.275207376970272
52 19
   -11.658998775112062     6.466452734967940     0.000000000000000
     6.466455797594533   -19.125816997791617     0.000000000000000
     0.000000000000001     0.000000000000000    -4.828767704298100
52 20
   -11.658998775112060    -6.466452734967941    -0.000000000000000
    -6.466455797594535   -19.125816997791617     0.000000000000000
     0.000000000000002     0.000000000000001    -4.828767704298100
52 21
    -1.109525300108945    -1.350453211556150    -0.000000000000000
    -1.350453851154719     0.449844119603293     0.000000000000000
     0.000000000000000     0.000000000000000    -0.210803183970686
52 22
    -0.255483847906548     0.000000000000000     0.000000000000000
     0.000000000000000     0.564275463443360    -0.000000000000000
     0.000000000000000    -0.000000000000000     0.004685101484675
52 23
    -1.109525300108945     1.350453211556150     0.000000000000000
     1.350453851154719     0.449844119603293     0.000000000000000
     0.000000000000000    -0.000000000000000    -0.210803183970686
52 24
   -22.859226109131367    -0.000000000000000    -0.000000000000000
     0.000000000000001    -7.925589663772294     0.000000000000000
     0.000000000000003     0.000000000000000    -4.828767704298100
52 25
     1.341960152881045    -0.020209134702011     0.000000000000000
    -0.589523262772294    -0.285197201117564    -0.000000000000000
    -0.000000000000000     0.000000000000000     0.275207376970272
52 26
     0.359335635605883    -0.354966110249819    -0.000000000000000
    -0.354966278368058    -0.050544020069071    -0.000000000000000
    -0.000000000000000     0.000000000000000     0.004685101484675
52 27
     0.359335635605883     0.354966110249819    -0.000000000000000
     0.354966278368058    -0.050544020069071    -0.000000000000000
    -0.000000000000000    -0.000000000000000     0.004685101484675
52 28
     1.341960152881045     0.020209134702011     0.000000000000000
     0.589523262772294    -0.285197201117564    -0.000000000000000
    -0.000000000000000     0.000000000000000     0.275207376970272
52 29
     0.665525581294481     0.000000000000000    -0.000000000000000
    -0.000000000000000     0.665525581294481     0.000000000000000
    -0.000000000000000    -0.000000000000000    -0.058303007933635
52 30
     0.385613951865500    -1.141669589405372    -0.000000000000000
    -0.572356011621440     0.671148999897981    -0.000000000000000
    -0.000000000000000     0.000000000000000     0.275207376970272
52 31
     1.229528829459412     0.000000000000000     0.000000000000000
    -0.000000000000000    -1.889210009965065     0.000000000000000
    -0.000000000000000     0.000000000000000    -0.210803183970686
52 32
     0.385613951865500     1.141669589405372    -0.000000000000000
     0.572356011621440     0.671148999897981    -0.000000000000000
    -0.000000000000000    -0.000000000000000     0.275207376970272
52 33
     0.022412213739009    -0.042442259195555     0.000000000000000
    -0.042498658706745    -0.196360559635584    -0.000000000000000
    -0.000000000000000     0.000000000000000     0.006704309052258
52 34
     0.022412213739009     0.042442259195555     0.000000000000000
     0.042498658706745    -0.196360559635584    -0.000000000000000
    -0.000000000000000     0.000000000000000     0.006704309052258
52 35
     0.206107401377226     0.073295653317022     0.000000000000000
     0.073295688031142     0.121472850988998     0.000000000000000
    -0.000000000000000    -0.000000000000000    -0.454164019222512
52 36
     0.206107401377226    -0.073295653317022    -0.000000000000000
    -0.073295688031142     0.121472850988998     0.000000000000000
    -0.000000000000000     0.000000000000000    -0.454164019222512
52 37
     0.128382433577879     0.132282957429144     0.000000000000000
     0.132283020080696    -0.024364804755839     0.000000000000000
    -0.000000000000000    -0.000000000000000    -0.004099157021885
52 38
     0.016556071235657    -0.000000000000000    -0.000000000000000
    -0.000000000000000    -0.178897802440667     0.000000000000000
    -0.000000000000000     0.000000000000000    -0.004664854189102
52 39
     0.128382433577879    -0.132282957429144     0.000000000000000
    -0.132283020080696    -0.024364804755839     0.000000000000000
    -0.000000000000000     0.000000000000000    -0.004099157021885
52 40
     0.079155575794884     0.000000000000000    -0.000000000000000
     0.000000000000000     0.248424676571340     0.000000000000000
    -0.000000000000000    -0.000000000000000    -0.454164019222512
52 41
    -0.178447862648234     0.073467953131074    -0.000000000000000
     0.073524367336581     0.004499516751659    -0.000000000000000
     0.000000000000000    -0.000000000000000     0.006704309052258
52 42
    -0.130034334021586     0.084633989893809    -0.000000000000000
     0.084634029977967    -0.032307397183424     0.000000000000000
     0.000000000000000    -0.000000000000000    -0.004664854189102
52 43
    -0.130034334021586    -0.084633989893809     0.000000000000000
    -0.084634029977967    -0.032307397183424     0.000000000000000
     0.000000000000000     0.000000000000000    -0.004664854189102
52 44
    -0.178447862648234    -0.073467953131074    -0.000000000000000
    -0.073524367336581     0.004499516751659    -0.000000000000000
     0.000000000000000     0.000000000000000     0.006704309052258
52 45
    -0.159589066078044    -0.000000000000000     0.000000000000000
     0.000000000000000    -0.159589066078044     0.000000000000000
     0.000000000000000     0.000000000000000    -0.011962470357086
52 46
    -0.104886869935637     0.115994781401251    -0.000000000000000
     0.115938456928651    -0.069061475960937    -0.000000000000000
     0.000000000000000    -0.000000000000000     0.006704309052258
52 47
    -0.100738423922698     0.000000000000000     0.000000000000000
     0.000000000000000     0.204756052744739     0.000000000000000
     0.000000000000000    -0.000000000000000    -0.004099157021885
52 48
    -0.104886869935637    -0.115994781401251     0.000000000000000
    -0.115938456928651    -0.069061475960937    -0.000000000000000
     0.000000000000000     0.000000000000000     0.006704309052258
52 49
     1.754847178374390     0.301258219365463    -0.000000000000000
    -0.301399809920079    -4.963397403964904    -0.000000000000000
    -0.000000000000000     0.000000000000000     0.974985203242899
52 50
     0.231821490391816    -0.000000000000000    -0.000000000000000
    -0.000000000000000    -1.235140732061477     0.000000000000000
    -0.000000000000000     0.000000000000000    -0.091580972093640
52 51
     1.754847178374390    -0.301258219365463    -0.000000000000000
     0.301399809920078    -4.963397403964903    -0.000000000000000
    -0.000000000000000     0.000000000000000     0.974985203242899
52 52
    56.143585432439458     0.000000000000002     0.000000000000000
    -0.000000000000000    56.143585432439473    -0.000000000000000
    -0.000000000000006    -0.000000000000003     8.701466701408043
52 53
    -3.283897507091406     2.607720244454331     0.000000000000000
     3.210379651483618     0.075347281500894    -0.000000000000000
     0.000000000000000    -0.000000000000000     0.974985203242899
52 54
    -0.107436977272369     0.403806652919536     0.000000000000000
     0.403806844169522    -0.573712847217899     0.000000000000000
    -0.000000000000000    -0.000000000000000    -0.055510108253404
52 55
    -0.107436977272369    -0.403806652919536     0.000000000000000
    -0.403806844169522    -0.573712847217899     0.000000000000000
     0.000000000000000     0.000000000000000    -0.055510108253404
52 56
    -3.283897507091406    -2.607720244454332     0.000000000000000
    -3.210379651483617     0.075347281500894    -0.000000000000000
     0.000000000000000     0.000000000000000     0.974985203242899
52 57
    -0.806862509067879    -0.000000000000000     0.000000000000000
     0.000000000000000     0.125646776253498     0.000000000000000
     0.000000000000000    -0.000000000000000    -0.055505199818114
52 58
    -0.868400176448153     0.635213125094237    -0.000000000000000
     0.635213425942429    -0.134919065221507     0.000000000000000
     0.000000000000000    -0.000000000000000    -0.091580972093640
52 59
    -0.806850782190663     0.000000000000000    -0.000000000000000
     0.000000000000000     0.125700957700396     0.000000000000000
     0.000000000000000    -0.000000000000000    -0.055510108253404
52 60
    -0.868400176448153    -0.635213125094237    -0.000000000000000
    -0.635213425942429    -0.134919065221507     0.000000000000000
     0.000000000000000     0.000000000000000    -0.091580972093640
52 61
    -0.107480545076846    -0.403788269555964    -0.000000000000000
    -0.403788460797243    -0.573735187737535     0.000000000000000
     0.000000000000000     0.000000000000000    -0.055505199818114
52 62
    -0.107480545076846     0.403788269555964     0.000000000000000
     0.403788460797243    -0.573735187737535     0.000000000000000
    -0.000000000000000    -0.000000000000000    -0.055505199818114
52 63
    -3.283775009668751     3.210448854894846    -0.000000000000000
     2.607792203453538     0.075224784078240    -0.000000000000000
     0.000000000000000    -0.000000000000000     0.974985203242899
52 64
    -3.283775009668751    -3.210448854894846     0.000000000000000
    -2.607792203453537     0.075224784078240    -0.000000000000000
     0.000000000000000     0.000000000000000     0.974985203242899
53 1
    -0.009924880009815     0.124354828864900    -0.000000000000000
     0.236965612118415    -0.108295595620512    -0.000000000000000
    -0.000000000000000    -0.000000000000000     0.036020859155715
53 2
     0.008670920715559     0.111219405112417     0.000000000000000
     0.111219457787898     0.137096058089287    -0.000000000000000
    -0.000000000000000    -0.000000000000000     0.004539075534786
53 3
     0.008670920715559    -0.111219405112417     0.000000000000000
    -0.111219457787898     0.137096058089287    -0.000000000000000
     0.000000000000000     0.000000000000000     0.004539075534786
53 4
    -0.009924880009815    -0.124354828864900     0.000000000000000
    -0.236965612118415    -0.108295595620512    -0.000000000000000
     0.000000000000000     0.000000000000000     0.036020859155715
53 5
    -0.510715265752737    -0.000000000000000    -0.000000000000000
     0.000000000000000    -0.510715265752738    -0.000000000000000
     0.000000000000000     0.000000000000000     0.700755218449825
53 6
    -0.240159245569668     0.104039658432685    -0.000000000000000
    -0.008571016649154     0.121938769939342    -0.000000000000000
     0.000000000000000    -0.000000000000000     0.036020859155715
53 7
    -0.074320995185842     0.000000000000000     0.000000000000000
     0.000000000000000     0.301785709148001    -0.000000000000000
     0.000000000000000    -0.000000000000000     0.001124645235910
53 8
    -0.240159245569668    -0.104039658432685    -0.000000000000000
     0.008571016649154     0.121938769939342    -0.000000000000000
     0.000000000000000     0.000000000000000     0.036020859155715
53 9
     0.072753412133993     0.189231176965899    -0.000000000000000
     0.076620542232272    -0.190973887764320    -0.000000000000000
    -0.000000000000000    -0.000000000000000     0.036020859155715
53 10
     0.072753412133993    -0.189231176965899     0.000000000000000
    -0.076620542232272    -0.190973887764320    -0.000000000000000
    -0.000000000000000     0.000000000000000     0.036020859155715
53 11
     0.113631577130363    -0.081132860301732    -0.000000000000000
    -0.081132898727692     0.207315756786257     0.000000000000000
    -0.000000000000000     0.000000000000000    -0.001739426756031
53 12
     0.113631577130363     0.081132860301731     0.000000000000000
     0.081132898727692     0.207315756786257     0.000000000000000
    -0.000000000000000    -0.000000000000000    -0.001739426756031
53 13
     0.207759033064540     0.162858941676940     0.000000000000000
     0.162859018809820     0.019705680897619    -0.000000000000000
    -0.000000000000000    -0.000000000000000     0.001124645235910
53 14
     0.201308626776151     0.000000000000000    -0.000000000000000
    -0.000000000000000    -0.055541647971305    -0.000000000000000
    -0.000000000000000     0.000000000000000     0.004539075534786
53 15
     0.207759033064540    -0.162858941676940    -0.000000000000000
    -0.162859018809820     0.019705680897619    -0.000000000000000
    -0.000000000000000     0.000000000000000     0.001124645235910
53 16
     0.254157846614203     0.000000000000000    -0.000000000000000
    -0.000000000000000     0.066789487302416     0.000000000000000
    -0.000000000000000    -0.000000000000000    -0.001739426756031
53 17
     0.385613951865500     1.141669589405372    -0.000000000000000
     0.572356011621440     0.671148999897981    -0.000000000000000
    -0.000000000000000    -0.000000000000000     0.275207376970272
53 18
     0.665525581294481     0.000000000000000    -0.000000000000000
    -0.000000000000000     0.665525581294481     0.000000000000000
    -0.000000000000000    -0.000000000000000    -0.058303007933635
53 19
     0.385613951865500    -1.141669589405372    -0.000000000000000
    -0.572356011621440     0.671148999897981    -0.000000000000000
    -0.000000000000000     0.000000000000000     0.275207376970272
53 20
     1.229528829459412     0.000000000000000     0.000000000000000
    -0.000000000000000    -1.889210009965065     0.000000000000000
    -0.000000000000000     0.000000000000000    -0.210803183970686
53 21
   -11.658998775112060    -6.466452734967941    -0.000000000000000
    -6.466455797594535   -19.125816997791617     0.000000000000000
     0.000000000000002     0.000000000000001    -4.828767704298100
53 22
    -0.142429677101324     0.267489681410733     0.000000000000000
     0.836803926597464     1.199192628864805    -0.000000000000000
    -0.000000000000000    -0.000000000000000     0.275207376970272
53 23
    -0.142429677101324    -0.267489681410732    -0.000000000000000
    -0.836803926597464     1.199192628864805    -0.000000000000000
     0.000000000000000    -0.000000000000000     0.275207376970272
53 24
   -11.658998775112062     6.466452734967940     0.000000000000000
     6.466455797594533   -19.125816997791617     0.000000000000000
     0.000000000000001     0.000000000000000    -4.828767704298100
53 25
   -22.859226109131367    -0.000000000000000    -0.000000000000000
     0.000000000000001    -7.925589663772294     0.000000000000000
     0.000000000000003     0.000000000000000    -4.828767704298100
53 26
    -1.109525300108945    -1.350453211556150    -0.000000000000000
    -1.350453851154719     0.449844119603293     0.000000000000000
     0.000000000000000     0.000000000000000    -0.210803183970686
53 27
    -0.255483847906548     0.000000000000000     0.000000000000000
     0.000000000000000     0.564275463443360    -0.000000000000000
     0.000000000000000    -0.000000000000000     0.004685101484675
53 28
    -1.109525300108945     1.350453211556150     0.000000000000000
     1.350453851154719     0.449844119603293     0.000000000000000
     0.000000000000000    -0.000000000000000    -0.210803183970686
53 29
     1.341960152881045     0.020209134702011     0.000000000000000
     0.589523262772294    -0.285197201117564    -0.000000000000000
    -0.000000000000000     0.000000000000000     0.275207376970272
53 30
     1.341960152881045    -0.020209134702011     0.000000000000000
    -0.589523262772294    -0.285197201117564    -0.000000000000000
    -0.000000000000000     0.000000000000000     0.275207376970272
53 31
     0.359335635605883    -0.354966110249819    -0.000000000000000
    -0.354966278368058    -0.050544020069071    -0.000000000000000
    -0.000000000000000     0.000000000000000     0.004685101484675
53 32
     0.359335635605883     0.354966110249819    -0.000000000000000
     0.354966278368058    -0.050544020069071    -0.000000000000000
    -0.000000000000000    -0.000000000000000     0.004685101484675
53 33
    -0.104886869935637    -0.115994781401251     0.000000000000000
    -0.115938456928651    -0.069061475960937    -0.000000000000000
     0.000000000000000     0.000000000000000     0.006704309052258
53 34
    -0.159589066078044    -0.000000000000000     0.000000000000000
     0.000000000000000    -0.159589066078044     0.000000000000000
     0.000000000000000     0.000000000000000    -0.011962470357086
53 35
    -0.104886869935637     0.115994781401251    -0.000000000000000
     0.115938456928651    -0.069061475960937    -0.000000000000000
     0.000000000000000    -0.000000000000000     0.006704309052258
53 36
    -0.100738423922698     0.000000000000000     0.000000000000000
     0.000000000000000     0.204756052744739     0.000000000000000
     0.000000000000000    -0.000000000000000    -0.004099157021885
53 37
     0.206107401377226    -0.073295653317022    -0.000000000000000
    -0.073295688031142     0.121472850988998     0.000000000000000
    -0.000000000000000     0.000000000000000    -0.454164019222512
53 38
     0.022412213739009    -0.042442259195555     0.000000000000000
    -0.042498658706745    -0.196360559635584    -0.000000000000000
    -0.000000000000000     0.000000000000000     0.006704309052258
53 39
     0.022412213739009     0.042442259195555     0.000000000000000
     0.042498658706745    -0.196360559635584    -0.000000000000000
    -0.000000000000000     0.000000000000000     0.006704309052258
53 40
     0.206107401377226     0.073295653317022     0.000000000000000
     0.073295688031142     0.121472850988998     0.000000000000000
    -0.000000000000000    -0.000000000000000    -0.454164019222512
53 41
     0.079155575794884     0.000000000000000    -0.000000000000000
     0.000000000000000     0.248424676571340     0.000000000000000
    -0.000000000000000    -0.000000000000000    -0.454164019222512
53 42
     0.128382433577879     0.132282957429144     0.000000000000000
     0.132283020080696    -0.024364804755839     0.000000000000000
    -0.000000000000000    -0.000000000000000    -0.004099157021885
53 43
     0.016556071235657    -0.000000000000000    -0.000000000000000
    -0.000000000000000    -0.178897802440667     0.000000000000000
    -0.000000000000000     0.000000000000000    -0.004664854189102
53 44
     0.128382433577879    -0.132282957429144     0.000000000000000
    -0.132283020080696    -0.024364804755839     0.000000000000000
    -0.000000000000000     0.000000000000000    -0.004099157021885
53 45
    -0.178447862648234    -0.073467953131074    -0.000000000000000
    -0.073524367336581     0.004499516751659    -0.000000000000000
     0.000000000000000     0.000000000000000     0.006704309052258
53 46
    -0.178447862648234     0.073467953131074    -0.000000000000000
     0.073524367336581     0.004499516751659    -0.000000000000000
     0.000000000000000    -0.000000000000000     0.006704309052258
53 47
    -0.130034334021586     0.084633989893809    -0.000000000000000
     0.084634029977967    -0.032307397183424     0.000000000000000
     0.000000000000000    -0.000000000000000    -0.004664854189102
53 48
    -0.130034334021586    -0.084633989893809     0.000000000000000
    -0.084634029977967    -0.032307397183424     0.000000000000000
     0.000000000000000     0.000000000000000    -0.004664854189102
53 49
    -3.283775009668751    -3.210448854894846     0.000000000000000
    -2.607792203453537     0.075224784078240    -0.000000000000000
     0.000000000000000     0.000000000000000     0.974985203242899
53 50
    -0.107480545076846    -0.403788269555964    -0.000000000000000
    -0.403788460797243    -0.573735187737535     0.000000000000000
     0.000000000000000     0.000000000000000    -0.055505199818114
53 51
    -0.107480545076846     0.403788269555964     0.000000000000000
     0.403788460797243    -0.573735187737535     0.000000000000000
    -0.000000000000000    -0.000000000000000    -0.055505199818114
53 52
    -3.283775009668751     3.210448854894846    -0.000000000000000
     2.607792203453538     0.075224784078240    -0.000000000000000
     0.000000000000000    -0.000000000000000     0.974985203242899
53 53
    56.143585432439458     0.000000000000002     0.000000000000000
    -0.000000000000000    56.143585432439473    -0.000000000000000
    -0.000000000000006    -0.000000000000003     8.701466701408043
53 54
     1.754847178374390     0.301258219365463    -0.000000000000000
    -0.301399809920079    -4.963397403964904    -0.000000000000000
    -0.000000000000000     0.000000000000000     0.974985203242899
53 55
     0.231821490391816    -0.000000000000000    -0.000000000000000
    -0.000000000000000    -1.235140732061477     0.000000000000000
    -0.000000000000000     0.000000000000000    -0.091580972093640
53 56
     1.754847178374390    -0.301258219365463    -0.000000000000000
     0.301399809920078    -4.963397403964903    -0.000000000000000
    -0.000000000000000     0.000000000000000     0.974985203242899
53 57
    -3.283897507091406    -2.607720244454332     0.000000000000000
    -3.210379651483617     0.075347281500894    -0.000000000000000
     0.000000000000000     0.000000000000000     0.974985203242899
53 58
    -3.283897507091406     2.607720244454331     0.000000000000000
     3.210379651483618     0.075347281500894    -0.000000000000000
     0.000000000000000    -0.000000000000000     0.974985203242899
53 59
    -0.107436977272369     0.403806652919536     0.000000000000000
     0.403806844169522    -0.573712847217899     0.000000000000000
    -0.000000000000000    -0.000000000000000    -0.055510108253404
53 60
    -0.107436977272369    -0.403806652919536     0.000000000000000
    -0.403806844169522    -0.573712847217899     0.000000000000000
     0.000000000000000     0.000000000000000    -0.055510108253404
53 61
    -0.868400176448153    -0.635213125094237    -0.000000000000000
    -0.635213425942429    -0.134919065221507     0.000000000000000
     0.000000000000000     0.000000000000000    -0.091580972093640
53 62
    -0.806862509067879    -0.000000000000000     0.000000000000000
     0.000000000000000     0.125646776253498     0.000000000000000
     0.000000000000000    -0.000000000000000    -0.055505199818114
53 63
    -0.868400176448153     0.635213125094237    -0.000000000000000
     0.635213425942429    -0.134919065221507     0.000000000000000
     0.000000000000000    -0.000000000000000    -0.091580972093640
53 64
    -0.806850782190663     0.000000000000000    -0.000000000000000
     0.000000000000000     0.125700957700396     0.000000000000000
     0.000000000000000    -0.000000000000000    -0.055510108253404
54 1
    -0.009924880009815    -0.124354828864900    -0.000000000000000
    -0.236965612118415    -0.108295595620512     0.000000000000000
    -0.000000000000000     0.000000000000000     0.036020859155715
54 2
    -0.009924880009815     0.124354828864900     0.000000000000000
     0.236965612118415    -0.108295595620512     0.000000000000000
     0.000000000000000    -0.000000000000000     0.036020859155715
54 3
     0.008670920715559     0.111219405112417     0.000000000000000
     0.111219457787898     0.137096058089287     0.000000000000000
     0.000000000000000    -0.000000000000000     0.004539075534786
54 4
     0.008670920715559    -0.111219405112417     0.000000000000000
    -0.111219457787898     0.137096058089287     0.000000000000000
    -0.000000000000000     0.000000000000000     0.004539075534786
54 5
    -0.240159245569668    -0.104039658432685    -0.000000000000000
     0.008571016649154     0.121938769939342     0.000000000000000
     0.000000000000000     0.000000000000000     0.036020859155715
54 6
    -0.510715265752737    -0.000000000000000    -0.000000000000000
    -0.000000000000000    -0.510715265752738     0.000000000000000
     0.000000000000000    -0.000000000000000     0.700755218449825
54 7
    -0.240159245569668     0.104039658432685    -0.000000000000000
    -0.008571016649154     0.121938769939342     0.000000000000000
     0.000000000000000    -0.000000000000000     0.036020859155715
54 8
    -0.074320995185842     0.000000000000000     0.000000000000000
     0.000000000000000     0.301785709148001     0.000000000000000
     0.000000000000000     0.000000000000000     0.001124645235910
54 9
     0.113631577130363     0.081132860301732    -0.000000000000000
     0.081132898727692     0.207315756786257    -0.000000000000000
    -0.000000000000000    -0.000000000000000    -0.001739426756031
54 10
     0.072753412133993     0.189231176965899     0.000000000000000
     0.076620542232272    -0.190973887764320     0.000000000000000
    -0.000000000000000    -0.000000000000000     0.036020859155715
54 11
     0.072753412133993    -0.189231176965899    -0.000000000000000
    -0.076620542232272    -0.190973887764320     0.000000000000000
    -0.000000000000000     0.000000000000000     0.036020859155715
54 12
     0.113631577130363    -0.081132860301731     0.000000000000000
    -0.081132898727692     0.207315756786257    -0.000000000000000
    -0.000000000000000     0.000000000000000    -0.001739426756031
54 13
     0.254157846614203     0.000000000000000    -0.000000000000000
     0.000000000000000     0.066789487302416    -0.000000000000000
    -0.000000000000000     0.000000000000000    -0.001739426756031
54 14
     0.207759033064540     0.162858941676940    -0.000000000000000
     0.162859018809820     0.019705680897619     0.000000000000000
    -0.000000000000000    -0.000000000000000     0.001124645235910
54 15
     0.201308626776151    -0.000000000000000    -0.000000000000000
     0.000000000000000    -0.055541647971305     0.000000000000000
    -0.000000000000000    -0.000000000000000     0.004539075534786
54 16
     0.207759033064540    -0.162858941676940     0.000000000000000
    -0.162859018809820     0.019705680897619     0.000000000000000
    -0.000000000000000     0.000000000000000     0.001124645235910
54 17
     1.229528829459412    -0.000000000000000     0.000000000000000
    -0.000000000000000    -1.889210009965065    -0.000000000000000
    -0.000000000000000    -0.000000000000000    -0.210803183970686
54 18
     0.385613951865500     1.141669589405372    -0.000000000000000
     0.572356011621440     0.671148999897981     0.000000000000000
    -0.000000000000000    -0.000000000000000     0.275207376970272
54 19
     0.665525581294481     0.000000000000000    -0.000000000000000
     0.000000000000000     0.665525581294481    -0.000000000000000
    -0.000000000000000     0.000000000000000    -0.058303007933635
54 20
     0.385613951865500    -1.141669589405372    -0.000000000000000
    -0.572356011621440     0.671148999897981     0.000000000000000
    -0.000000000000000     0.000000000000000     0.275207376970272
54 21
   -11.658998775112060     6.466452734967938    -0.000000000000000
     6.466455797594532   -19.125816997791617    -0.000000000000000
     0.000000000000002    -0.000000000000001    -4.828767704298100
54 22
   -11.658998775112062    -6.466452734967943     0.000000000000000
    -6.466455797594536   -19.125816997791617    -0.000000000000000
     0.000000000000001    -0.000000000000000    -4.828767704298100
54 23
    -0.142429677101324     0.267489681410733    -0.000000000000000
     0.836803926597464     1.199192628864805     0.000000000000000
     0.000000000000000     0.000000000000000     0.275207376970272
54 24
    -0.142429677101324    -0.267489681410732     0.000000000000000
    -0.836803926597464     1.199192628864805     0.000000000000000
    -0.000000000000000     0.000000000000000     0.275207376970272
54 25
    -1.109525300108945     1.350453211556150    -0.000000000000000
     1.350453851154719     0.449844119603293    -0.000000000000000
     0.000000000000000    -0.000000000000000    -0.210803183970686
54 26
   -22.859226109131367    -0.000000000000000    -0.000000000000000
    -0.000000000000002    -7.925589663772294    -0.000000000000000
     0.000000000000003    -0.000000000000000    -4.828767704298100
54 27
    -1.109525300108945    -1.350453211556150     0.000000000000000
    -1.350453851154719     0.449844119603293    -0.000000000000000
     0.000000000000000     0.000000000000000    -0.210803183970686
54 28
    -0.255483847906548     0.000000000000000     0.000000000000000
     0.000000000000000     0.564275463443360     0.000000000000000
     0.000000000000000     0.000000000000000     0.004685101484675
54 29
     0.359335635605883     0.354966110249819    -0.000000000000000
     0.354966278368058    -0.050544020069071     0.000000000000000
    -0.000000000000000    -0.000000000000000     0.004685101484675
54 30
     1.341960152881045     0.020209134702011     0.000000000000000
     0.589523262772294    -0.285197201117564     0.000000000000000
    -0.000000000000000    -0.000000000000000     0.275207376970272
54 31
     1.341960152881045    -0.020209134702011     0.000000000000000
    -0.589523262772294    -0.285197201117564     0.000000000000000
    -0.000000000000000    -0.000000000000000     0.275207376970272
54 32
     0.359335635605883    -0.354966110249819    -0.000000000000000
    -0.354966278368058    -0.050544020069071     0.000000000000000
    -0.000000000000000     0.000000000000000     0.004685101484675
54 33
    -0.100738423922698     0.000000000000000     0.000000000000000
     0.000000000000000     0.204756052744739    -0.000000000000000
     0.000000000000000     0.000000000000000    -0.004099157021885
54 34
    -0.104886869935637    -0.115994781401251    -0.000000000000000
    -0.115938456928651    -0.069061475960937     0.000000000000000
     0.000000000000000     0.000000000000000     0.006704309052258
54 35
    -0.159589066078044    -0.000000000000000     0.000000000000000
    -0.000000000000000    -0.159589066078044    -0.000000000000000
     0.000000000000000    -0.000000000000000    -0.011962470357086
54 36
    -0.104886869935637     0.115994781401251     0.000000000000000
     0.115938456928651    -0.069061475960937     0.000000000000000
     0.000000000000000    -0.000000000000000     0.006704309052258
54 37
     0.206107401377226     0.073295653317022    -0.000000000000000
     0.073295688031142     0.121472850988998    -0.000000000000000
    -0.000000000000000    -0.000000000000000    -0.454164019222512
54 38
     0.206107401377226    -0.073295653317022     0.000000000000000
    -0.073295688031142     0.121472850988998    -0.000000000000000
    -0.000000000000000     0.000000000000000    -0.454164019222512
54 39
     0.022412213739009    -0.042442259195555     0.000000000000000
    -0.042498658706745    -0.196360559635584     0.000000000000000
    -0.000000000000000    -0.000000000000000     0.006704309052258
54 40
     0.022412213739009     0.042442259195555     0.000000000000000
     0.042498658706745    -0.196360559635584     0.000000000000000
    -0.000000000000000    -0.000000000000000     0.006704309052258
54 41
     0.128382433577879    -0.132282957429144     0.000000000000000
    -0.132283020080696    -0.024364804755839    -0.000000000000000
    -0.000000000000000     0.000000000000000    -0.004099157021885
54 42
     0.079155575794884     0.000000000000000    -0.000000000000000
     0.000000000000000     0.248424676571340    -0.000000000000000
    -0.000000000000000     0.000000000000000    -0.454164019222512
54 43
     0.128382433577879     0.132282957429144     0.000000000000000
     0.132283020080696    -0.024364804755839    -0.000000000000000
    -0.000000000000000    -0.000000000000000    -0.004099157021885
54 44
     0.016556071235657    -0.000000000000000    -0.000000000000000
    -0.000000000000000    -0.178897802440667    -0.000000000000000
    -0.000000000000000    -0.000000000000000    -0.004664854189102
54 45
    -0.130034334021586    -0.084633989893809    -0.000000000000000
    -0.084634029977967    -0.032307397183424    -0.000000000000000
     0.000000000000000     0.000000000000000    -0.004664854189102
54 46
    -0.178447862648234    -0.073467953131074    -0.000000000000000
    -0.073524367336581     0.004499516751659     0.000000000000000
     0.000000000000000     0.000000000000000     0.006704309052258
54 47
    -0.178447862648234     0.073467953131074    -0.000000000000000
     0.073524367336581     0.004499516751659     0.000000000000000
     0.000000000000000    -0.000000000000000     0.006704309052258
54 48
    -0.130034334021586     0.084633989893809     0.000000000000000
     0.084634029977967    -0.032307397183424    -0.000000000000000
     0.000000000000000    -0.000000000000000    -0.004664854189102
54 49
    -3.283775009668751     3.210448854894846     0.000000000000000
     2.607792203453537     0.075224784078240     0.000000000000000
     0.000000000000000    -0.000000000000000     0.974985203242899
54 50
    -3.283775009668752    -3.210448854894846    -0.000000000000000
    -2.607792203453538     0.075224784078240     0.000000000000000
     0.000000000000000     0.000000000000000     0.974985203242899
54 51
    -0.107480545076846    -0.403788269555964     0.000000000000000
    -0.403788460797243    -0.573735187737535    -0.000000000000000
    -0.000000000000000     0.000000000000000    -0.055505199818114
54 52
    -0.107480545076846     0.403788269555964    -0.000000000000000
     0.403788460797243    -0.573735187737535    -0.000000000000000
     0.000000000000000    -0.000000000000000    -0.055505199818114
54 53
     1.754847178374390    -0.301258219365464    -0.000000000000000
     0.301399809920078    -4.963397403964904     0.000000000000000
    -0.000000000000000    -0.000000000000000     0.974985203242899
54 54
    56.143585432439458     0.000000000000004     0.000000000000000
     0.000000000000006    56.143585432439473     0.000000000000000
    -0.000000000000006     0.000000000000003     8.701466701408043
54 55
     1.754847178374390     0.301258219365462    -0.000000000000000
    -0.301399809920079    -4.963397403964903     0.000000000000000
    -0.000000000000000    -0.000000000000000     0.974985203242899
54 56
     0.231821490391816    -0.000000000000000    -0.000000000000000
    -0.000000000000000    -1.235140732061477    -0.000000000000000
    -0.000000000000000    -0.000000000000000    -0.091580972093640
54 57
    -0.107436977272369    -0.403806652919536     0.000000000000000
    -0.403806844169522    -0.573712847217899    -0.000000000000000
    -0.000000000000000     0.000000000000000    -0.055510108253404
54 58
    -3.283897507091406    -2.607720244454331     0.000000000000000
    -3.210379651483618     0.075347281500894     0.000000000000000
     0.000000000000000     0.000000000000000     0.974985203242899
54 59
    -3.283897507091406     2.607720244454332     0.000000000000000
     3.210379651483617     0.075347281500894     0.000000000000000
     0.000000000000000    -0.000000000000000     0.974985203242899
54 60
    -0.107436977272369     0.403806652919536     0.000000000000000
     0.403806844169522    -0.573712847217899    -0.000000000000000
     0.000000000000000    -0.000000000000000    -0.055510108253404
54 61
    -0.806850782190663     0.000000000000000    -0.000000000000000
    -0.000000000000000     0.125700957700396    -0.000000000000000
     0.000000000000000     0.000000000000000    -0.055510108253404
54 62
    -0.868400176448153    -0.635213125094237    -0.000000000000000
    -0.635213425942429    -0.134919065221507    -0.000000000000000
     0.000000000000000     0.000000000000000    -0.091580972093640
54 63
    -0.806862509067879     0.000000000000000     0.000000000000000
    -0.000000000000000     0.125646776253498    -0.000000000000000
     0.000000000000000     0.000000000000000    -0.055505199818114
54 64
    -0.868400176448153     0.635213125094237    -0.000000000000000
     0.635213425942429    -0.134919065221507    -0.000000000000000
     0.000000000000000    -0.000000000000000    -0.091580972093640
55 1
     0.008670940444681    -0.111219446397282    -0.000000000000000
    -0.111219446397282     0.137096129596786    -0.000000000000000
    -0.000000000000000     0.000000000000000     0.004539075534786
55 2
    -0.009924850981376    -0.124354871001969    -0.000000000000000
    -0.236965505735595    -0.108295585491061    -0.000000000000000
    -0.000000000000000    -0.000000000000000     0.036020859155715
55 3
    -0.009924901987359     0.124354875072806    -0.000000000000000
     0.236965550154645    -0.108295682686032    -0.000000000000000
     0.000000000000000    -0.000000000000000     0.036020859155715
55 4
     0.008670894826387     0.111219442840775    -0.000000000000000
     0.111219390165294     0.137096083978471    -0.000000000000000
     0.000000000000000     0.000000000000000     0.004539075534786
55 5
    -0.074320968786049     0.000000015241931    -0.000000000000000
    -0.000000061890949     0.301785816346295    -0.000000000000000
     0.000000000000000     0.000000000000000     0.001124645235910
55 6
    -0.240159138925246    -0.104039646136510    -0.000000000000000
     0.008570988597116     0.121938811495848    -0.000000000000000
     0.000000000000000     0.000000000000000     0.036020859155715
55 7
    -0.510715084339974     0.000000104738732    -0.000000000000000
     0.000000104738732    -0.510715447165587    -0.000000000000000
     0.000000000000000    -0.000000000000000     0.700755218449825
55 8
    -0.240159181598660     0.104039744641398    -0.000000000000000
    -0.008571038612117     0.121938815011378    -0.000000000000000
     0.000000000000000    -0.000000000000000     0.036020859155715
55 9
     0.113631553405861    -0.081132912425043     0.000000000000000
    -0.081132912425043     0.207315847066501     0.000000000000000
    -0.000000000000000     0.000000000000000    -0.001739426756031
55 10
     0.113631520128011     0.081132865817361     0.000000000000000
     0.081132827391400     0.207315813788636     0.000000000000000
    -0.000000000000000     0.000000000000000    -0.001739426756031
55 11
     0.072753347483035     0.189231229262880    -0.000000000000000
     0.076620554181041    -0.190973971314310    -0.000000000000000
    -0.000000000000000    -0.000000000000000     0.036020859155715
55 12
     0.072753425099018    -0.189231259103775    -0.000000000000000
    -0.076620475850260    -0.190973939887255    -0.000000000000000
    -0.000000000000000     0.000000000000000     0.036020859155715
55 13
     0.207758992665315    -0.162859042134329    -0.000000000000000
    -0.162858965001449     0.019705721296863    -0.000000000000000
    -0.000000000000000     0.000000000000000     0.001124645235910
55 14
     0.254157756334002    -0.000000052123311     0.000000000000000
    -0.000000013697351     0.066789511026929     0.000000000000000
    -0.000000000000000     0.000000000000000    -0.001739426756031
55 15
     0.207758925866297     0.162858956918871    -0.000000000000000
     0.162858956918871     0.019705654497814    -0.000000000000000
    -0.000000000000000    -0.000000000000000     0.001124645235910
55 16
     0.201308555268685    -0.000000041284864    -0.000000000000000
     0.000000011390617    -0.055541667700437    -0.000000000000000
    -0.000000000000000    -0.000000000000000     0.004539075534786
55 17
     0.385614049026749    -1.141670074024232    -0.000000000000000
    -0.572355945953949     0.671149355679191    -0.000000000000000
    -0.000000000000000     0.000000000000000     0.275207376970272
55 18
     1.229528392714640    -0.000000252154772     0.000000000000000
     0.000000387443797    -1.889210681037565     0.000000000000000
    -0.000000000000000    -0.000000000000000    -0.210803183970686
55 19
     0.385613580753981     1.141669915858933    -0.000000000000000
     0.572355670672201     0.671149120918858    -0.000000000000000
     0.000000000000000    -0.000000000000000     0.275207376970272
55 20
     0.665525344891063    -0.000000136487609     0.000000000000000
    -0.000000136487610     0.665525817698012     0.000000000000000
    -0.000000000000000     0.000000000000000    -0.058303007933635
55 21
    -0.142429571650998    -0.267489747216796    -0.000000000000000
    -0.836803875287079     1.199193226447753    -0.000000000000000
    -0.000000000000000     0.000000000000000     0.275207376970272
55 22
   -11.658995959838624     6.466457422993784     0.000000000000000
     6.466457422993786   -19.125825117692486     0.000000000000000
     0.000000000000002    -0.000000000000002    -4.828767704298100
55 23
   -11.658993307526833    -6.466452640881984     0.000000000000000
    -6.466449578255391   -19.125822465379436     0.000000000000000
     0.000000000000001    -0.000000000000001    -4.828767704298100
55 24
    -0.142429681365870     0.267489805636448    -0.000000000000000
     0.836803383420380     1.199192883220172    -0.000000000000000
     0.000000000000000     0.000000000000000     0.275207376970272
55 25
    -0.255483757155334     0.000000052395251    -0.000000000000000
    -0.000000115722988     0.564275663881503    -0.000000000000000
     0.000000000000000     0.000000000000000     0.004685101484675
55 26
    -1.109525182945240     1.350453918799232     0.000000000000000
     1.350453279200663     0.449844002439532     0.000000000000000
     0.000000000000000    -0.000000000000000    -0.210803183970686
55 27
   -22.859217989234345     0.000004688025848     0.000000000000000
     0.000001625399253    -7.925592479047063     0.000000000000000
     0.000000000000002    -0.000000000000001    -4.828767704298100
55 28
    -1.109524629036763    -1.350453463710922     0.000000000000000
    -1.350453463710922     0.449844556348272     0.000000000000000
    -0.000000000000000     0.000000000000000    -0.210803183970686
55 29
     0.359335580762466    -0.354966310031927    -0.000000000000000
    -0.354966141913688    -0.050543965225629    -0.000000000000000
    -0.000000000000000     0.000000000000000     0.004685101484675
55 30
     0.359335435167835     0.354966162645070    -0.000000000000000
     0.354966162645070    -0.050544110820329    -0.000000000000000
    -0.000000000000000    -0.000000000000000     0.004685101484675
55 31
     1.341959672054653     0.020208866668103    -0.000000000000000
     0.589523111854834    -0.285197423324269    -0.000000000000000
    -0.000000000000000    -0.000000000000000     0.275207376970272
55 32
     1.341959680343730    -0.020209417093026    -0.000000000000000
    -0.589522994876958    -0.285197181522531    -0.000000000000000
    -0.000000000000000    -0.000000000000000     0.275207376970272
55 33
    -0.104886856466938     0.115994844114594    -0.000000000000000
     0.115938429909086    -0.069061524269433    -0.000000000000000
     0.000000000000000    -0.000000000000000     0.006704309052258
55 34
    -0.100738388139088     0.000000020659682     0.000000000000000
    -0.000000041991871     0.204756125476809     0.000000000000000
     0.000000000000000     0.000000000000000    -0.004099157021885
55 35
    -0.104886808889952    -0.115994801093684    -0.000000000000000
    -0.115938401582494    -0.069061476715550    -0.000000000000000
     0.000000000000000     0.000000000000000     0.006704309052258
55 36
    -0.159589009389914     0.000000032728915     0.000000000000000
     0.000000032728915    -0.159589122766201     0.000000000000000
     0.000000000000000    -0.000000000000000    -0.011962470357086
55 37
     0.022412197073735     0.042442269675258    -0.000000000000000
     0.042498683880766    -0.196360638101192    -0.000000000000000
     0.000000000000000    -0.000000000000000     0.006704309052258
55 38
     0.206107313133521     0.073295637083603     0.000000000000000
     0.073295637083603     0.121472879106110     0.000000000000000
    -0.000000000000000     0.000000000000000    -0.454164019222512
55 39
     0.206107343196824    -0.073295721621620     0.000000000000000
    -0.073295686907500     0.121472909169427     0.000000000000000
    -0.000000000000000     0.000000000000000    -0.454164019222512
55 40
     0.022412214482059    -0.042442278867961    -0.000000000000000
    -0.042498603340561    -0.196360620669735    -0.000000000000000
    -0.000000000000000    -0.000000000000000     0.006704309052258
55 41
     0.016556065354723    -0.000000003395360     0.000000000000000
     0.000000036688798    -0.178897865987544     0.000000000000000
    -0.000000000000000    -0.000000000000000    -0.004664854189102
55 42
     0.128382415103666    -0.132283030746791     0.000000000000000
    -0.132282968095238    -0.024364786281617     0.000000000000000
    -0.000000000000000     0.000000000000000    -0.004099157021885
55 43
     0.079155547677785    -0.000000016233418     0.000000000000000
    -0.000000050947539     0.248424764815086     0.000000000000000
    -0.000000000000000     0.000000000000000    -0.454164019222512
55 44
     0.128382360845843     0.132282978088825     0.000000000000000
     0.132282978088825    -0.024364840539466     0.000000000000000
    -0.000000000000000    -0.000000000000000    -0.004099157021885
55 45
    -0.130034305188630     0.084634046624686     0.000000000000000
     0.084634006540529    -0.032307426016394     0.000000000000000
     0.000000000000000    -0.000000000000000    -0.004664854189102
55 46
    -0.130034270474740    -0.084633993289169     0.000000000000000
    -0.084633993289169    -0.032307391302488     0.000000000000000
     0.000000000000000     0.000000000000000    -0.004664854189102
55 47
    -0.178447784194224    -0.073467942631344    -0.000000000000000
    -0.073524342142533     0.004499533428504    -0.000000000000000
     0.000000000000000     0.000000000000000     0.006704309052258
55 48
    -0.178447814328198     0.073468015824390    -0.000000000000000
     0.073524340296990     0.004499503271390    -0.000000000000000
     0.000000000000000    -0.000000000000000     0.006704309052258
55 49
    -0.107480589708230     0.403788435029295     0.000000000000000
     0.403788435029295    -0.573735474345820     0.000000000000000
     0.000000000000000    -0.000000000000000    -0.055505199818114
55 50
    -3.283774501635466     3.210450668733534    -0.000000000000000
     2.607791261704248     0.075224275986697    -0.000000000000000
     0.000000000000000    -0.000000000000000     0.974985203242899
55 51
    -3.283773184822102    -3.210449321844354    -0.000000000000000
    -2.607791292558813     0.075225345611469    -0.000000000000000
     0.000000000000000     0.000000000000000     0.974985203242899
55 52
    -0.107480424088463    -0.403788390944551     0.000000000000000
    -0.403788199703272    -0.573735308725975     0.000000000000000
    -0.000000000000000    -0.000000000000000    -0.055505199818114
55 53
     0.231821408045781    -0.000000047542517     0.000000000000000
     0.000000253305674    -1.235141170799878     0.000000000000000
    -0.000000000000000    -0.000000000000000    -0.091580972093640
55 54
     1.754846616812419    -0.301258686264728    -0.000000000000000
     0.301400720764558    -4.963399228841427    -0.000000000000000
    -0.000000000000000    -0.000000000000000     0.974985203242899
55 55
    56.143565489501285    -0.000011514063445    -0.000000000000000
    -0.000011514063445    56.143605375387082    -0.000000000000000
    -0.000000000000006     0.000000000000004     8.701466701408043
55 56
     1.754846493246877     0.301257966488044    -0.000000000000000
    -0.301398684953264    -4.963399105217809    -0.000000000000000
    -0.000000000000000    -0.000000000000000     0.974985203242899
55 57
    -0.107437021922998     0.403806818390463     0.000000000000000
     0.403806818390463    -0.573713133822018     0.000000000000000
     0.000000000000000    -0.000000000000000    -0.055510108253404
55 58
    -0.107436856295692    -0.403806774323588     0.000000000000000
    -0.403806583073603    -0.573712968194634     0.000000000000000
    -0.000000000000000    -0.000000000000000    -0.055510108253404
55 59
    -3.283895805810298    -2.607720497281505    -0.000000000000000
    -3.210378526567047     0.075347966657739    -0.000000000000000
     0.000000000000000     0.000000000000000     0.974985203242899
55 60
    -3.283896875405553     2.607721844220928    -0.000000000000000
     3.210378495662237     0.075346649872760    -0.000000000000000
     0.000000000000001    -0.000000000000000     0.974985203242899
55 61
    -0.868399998252074     0.635213528824008     0.000000000000000
     0.635213227975816    -0.134919243417671     0.000000000000000
     0.000000000000000    -0.000000000000000    -0.091580972093640
55 62
    -0.806850495586680     0.000000165470927     0.000000000000000
    -0.000000025779059     0.125701002351046     0.000000000000000
     0.000000000000000     0.000000000000000    -0.055510108253404
55 63
    -0.868399737709960    -0.635213172636754     0.000000000000000
    -0.635213172636754    -0.134918982875433     0.000000000000000
     0.000000000000000     0.000000000000000    -0.091580972093640
55 64
    -0.806862222459730     0.000000165473332     0.000000000000000
    -0.000000025767948     0.125646820884903     0.000000000000000
     0.000000000000000     0.000000000000000    -0.055505199818114
56 1
     0.008670920715559     0.111219405112417     0.000000000000000
     0.111219457787898     0.137096058089287    -0.000000000000000
    -0.000000000000000    -0.000000000000000     0.004539075534786
56 2
     0.008670920715559    -0.111219405112417     0.000000000000000
    -0.111219457787898     0.137096058089287    -0.000000000000000
     0.000000000000000     0.000000000000000     0.004539075534786
56 3
    -0.009924880009815    -0.124354828864900     0.000000000000000
    -0.236965612118415    -0.108295595620512    -0.000000000000000
     0.000000000000000     0.000000000000000     0.036020859155715
56 4
    -0.009924880009815     0.124354828864900    -0.000000000000000
     0.236965612118415    -0.108295595620512    -0.000000000000000
    -0.000000000000000    -0.000000000000000     0.036020859155715
56 5
    -0.240159245569668     0.104039658432685    -0.000000000000000
    -0.008571016649154     0.121938769939342    -0.000000000000000
     0.000000000000000    -0.000000000000000     0.036020859155715
56 6
    -0.074320995185842     0.000000000000000     0.000000000000000
     0.000000000000000     0.301785709148001    -0.000000000000000
     0.000000000000000    -0.000000000000000     0.001124645235910
56 7
    -0.240159245569668    -0.104039658432685    -0.000000000000000
     0.008571016649154     0.121938769939342    -0.000000000000000
     0.000000000000000     0.000000000000000     0.036020859155715
56 8
    -0.510715265752737    -0.000000000000000    -0.000000000000000
     0.000000000000000    -0.510715265752738    -0.000000000000000
     0.000000000000000     0.000000000000000     0.700755218449825
56 9
     0.072753412133993    -0.189231176965899     0.000000000000000
    -0.076620542232272    -0.190973887764320    -0.000000000000000
    -0.000000000000000     0.000000000000000     0.036020859155715
56 10
     0.113631577130363    -0.081132860301732    -0.000000000000000
    -0.081132898727692     0.207315756786257     0.000000000000000
    -0.000000000000000     0.000000000000000    -0.001739426756031
56 11
     0.113631577130363     0.081132860301731     0.000000000000000
     0.081132898727692     0.207315756786257     0.000000000000000
    -0.000000000000000    -0.000000000000000    -0.001739426756031
56 12
     0.072753412133993     0.189231176965899    -0.000000000000000
     0.076620542232272    -0.190973887764320    -0.000000000000000
    -0.000000000000000    -0.000000000000000     0.036020859155715
56 13
     0.201308626776151     0.000000000000000    -0.000000000000000
    -0.000000000000000    -0.055541647971305    -0.000000000000000
    -0.000000000000000     0.000000000000000     0.004539075534786
56 14
     0.207759033064540    -0.162858941676940    -0.000000000000000
    -0.162859018809820     0.019705680897619    -0.000000000000000
    -0.000000000000000     0.000000000000000     0.001124645235910
56 15
     0.254157846614203     0.000000000000000    -0.000000000000000
    -0.000000000000000     0.066789487302416     0.000000000000000
    -0.000000000000000    -0.000000000000000    -0.001739426756031
56 16
     0.207759033064540     0.162858941676940     0.000000000000000
     0.162859018809820     0.019705680897619    -0.000000000000000
    -0.000000000000000    -0.000000000000000     0.001124645235910
56 17
     0.665525581294481     0.000000000000000    -0.000000000000000
    -0.000000000000000     0.665525581294481     0.000000000000000
    -0.000000000000000    -0.000000000000000    -0.058303007933635
56 18
     0.385613951865500    -1.141669589405372    -0.000000000000000
    -0.572356011621440     0.671148999897981    -0.000000000000000
    -0.000000000000000     0.000000000000000     0.275207376970272
56 19
     1.229528829459412     0.000000000000000     0.000000000000000
    -0.000000000000000    -1.889210009965065     0.000000000000000
    -0.000000000000000     0.000000000000000    -0.210803183970686
56 20
     0.385613951865500     1.141669589405372    -0.000000000000000
     0.572356011621440     0.671148999897981    -0.000000000000000
    -0.000000000000000    -0.000000000000000     0.275207376970272
56 21
    -0.142429677101324     0.267489681410733     0.000000000000000
     0.836803926597464     1.199192628864805    -0.000000000000000
    -0.000000000000000    -0.000000000000000     0.275207376970272
56 22
    -0.142429677101324    -0.267489681410732    -0.000000000000000
    -0.836803926597464     1.199192628864805    -0.000000000000000
     0.000000000000000    -0.000000000000000     0.275207376970272
56 23
   -11.658998775112062     6.466452734967940     0.000000000000000
     6.466455797594533   -19.125816997791617     0.000000000000000
     0.000000000000001     0.000000000000000    -4.828767704298100
56 24
   -11.658998775112060    -6.466452734967941    -0.000000000000000
    -6.466455797594535   -19.125816997791617     0.000000000000000
     0.000000000000002     0.000000000000001    -4.828767704298100
56 25
    -1.109525300108945    -1.350453211556150    -0.000000000000000
    -1.350453851154719     0.449844119603293     0.000000000000000
     0.000000000000000     0.000000000000000    -0.210803183970686
56 26
    -0.255483847906548     0.000000000000000     0.000000000000000
     0.000000000000000     0.564275463443360    -0.000000000000000
     0.000000000000000    -0.000000000000000     0.004685101484675
56 27
    -1.109525300108945     1.350453211556150     0.000000000000000
     1.350453851154719     0.449844119603293     0.000000000000000
     0.000000000000000    -0.000000000000000    -0.210803183970686
56 28
   -22.859226109131367    -0.000000000000000    -0.000000000000000
     0.000000000000001    -7.925589663772294     0.000000000000000
     0.000000000000003     0.000000000000000    -4.828767704298100
56 29
     1.341960152881045    -0.020209134702011     0.000000000000000
    -0.589523262772294    -0.285197201117564    -0.000000000000000
    -0.000000000000000     0.000000000000000     0.275207376970272
56 30
     0.359335635605883    -0.354966110249819    -0.000000000000000
    -0.354966278368058    -0.050544020069071    -0.000000000000000
    -0.000000000000000     0.000000000000000     0.004685101484675
56 31
     0.359335635605883     0.354966110249819    -0.000000000000000
     0.354966278368058    -0.050544020069071    -0.000000000000000
    -0.000000000000000    -0.000000000000000     0.004685101484675
56 32
     1.341960152881045     0.020209134702011     0.000000000000000
     0.589523262772294    -0.285197201117564    -0.000000000000000
    -0.000000000000000     0.000000000000000     0.275207376970272
56 33
    -0.159589066078044    -0.000000000000000     0.000000000000000
     0.000000000000000    -0.159589066078044     0.000000000000000
     0.000000000000000     0.000000000000000    -0.011962470357086
56 34
    -0.104886869935637     0.115994781401251    -0.000000000000000
     0.115938456928651    -0.069061475960937    -0.000000000000000
     0.000000000000000    -0.000000000000000     0.006704309052258
56 35
    -0.100738423922698     0.000000000000000     0.000000000000000
     0.000000000000000     0.204756052744739     0.000000000000000
     0.000000000000000    -0.000000000000000    -0.004099157021885
56 36
    -0.104886869935637    -0.115994781401251     0.000000000000000
    -0.115938456928651    -0.069061475960937    -0.000000000000000
     0.000000000000000     0.000000000000000     0.006704309052258
56 37
     0.022412213739009    -0.042442259195555     0.000000000000000
    -0.042498658706745    -0.196360559635584    -0.000000000000000
    -0.000000000000000     0.000000000000000     0.006704309052258
56 38
     0.022412213739009     0.042442259195555     0.000000000000000
     0.042498658706745    -0.196360559635584    -0.000000000000000
    -0.000000000000000     0.000000000000000     0.006704309052258
56 39
     0.206107401377226     0.073295653317022     0.000000000000000
     0.073295688031142     0.121472850988998     0.000000000000000
    -0.000000000000000    -0.000000000000000    -0.454164019222512
56 40
     0.206107401377226    -0.073295653317022    -0.000000000000000
    -0.073295688031142     0.121472850988998     0.000000000000000
    -0.000000000000000     0.000000000000000    -0.454164019222512
56 41
     0.128382433577879     0.132282957429144     0.000000000000000
     0.132283020080696    -0.024364804755839     0.000000000000000
    -0.000000000000000    -0.000000000000000    -0.004099157021885
56 42
     0.016556071235657    -0.000000000000000    -0.000000000000000
    -0.000000000000000    -0.178897802440667     0.000000000000000
    -0.000000000000000     0.000000000000000    -0.004664854189102
56 43
     0.128382433577879    -0.132282957429144     0.000000000000000
    -0.132283020080696    -0.024364804755839     0.000000000000000
    -0.000000000000000     0.000000000000000    -0.004099157021885
56 44
     0.079155575794884     0.000000000000000    -0.000000000000000
     0.000000000000000     0.248424676571340     0.000000000000000
    -0.000000000000000    -0.000000000000000    -0.454164019222512
56 45
    -0.178447862648234     0.073467953131074    -0.000000000000000
     0.073524367336581     0.004499516751659    -0.000000000000000
     0.000000000000000    -0.000000000000000     0.006704309052258
56 46
    -0.130034334021586     0.084633989893809    -0.000000000000000
     0.084634029977967    -0.032307397183424     0.000000000000000
     0.000000000000000    -0.000000000000000    -0.004664854189102
56 47
    -0.130034334021586    -0.084633989893809     0.000000000000000
    -0.084634029977967    -0.032307397183424     0.000000000000000
     0.000000000000000     0.000000000000000    -0.004664854189102
56 48
    -0.178447862648234    -0.073467953131074    -0.000000000000000
    -0.073524367336581     0.004499516751659    -0.000000000000000
     0.000000000000000     0.000000000000000     0.006704309052258
56 49
    -0.107480545076846    -0.403788269555964    -0.000000000000000
    -0.403788460797243    -0.573735187737535     0.000000000000000
     0.000000000000000     0.000000000000000    -0.055505199818114
56 50
    -0.107480545076846     0.403788269555964     0.000000000000000
     0.403788460797243    -0.573735187737535     0.000000000000000
    -0.000000000000000    -0.000000000000000    -0.055505199818114
56 51
    -3.283775009668751     3.210448854894846    -0.000000000000000
     2.607792203453538     0.075224784078240    -0.000000000000000
     0.000000000000000    -0.000000000000000     0.974985203242899
56 52
    -3.283775009668751    -3.210448854894846     0.000000000000000
    -2.607792203453537     0.075224784078240    -0.000000000000000
     0.000000000000000     0.000000000000000     0.974985203242899
56 53
     1.754847178374390     0.301258219365463    -0.000000000000000
    -0.301399809920079    -4.963397403964904    -0.000000000000000
    -0.000000000000000     0.000000000000000     0.974985203242899
56 54
     0.231821490391816    -0.000000000000000    -0.000000000000000
    -0.000000000000000    -1.235140732061477     0.000000000000000
    -0.000000000000000     0.000000000000000    -0.091580972093640
56 55
     1.754847178374390    -0.301258219365463    -0.000000000000000
     0.301399809920078    -4.963397403964903    -0.000000000000000
    -0.000000000000000     0.000000000000000     0.974985203242899
56 56
    56.143585432439458     0.000000000000002     0.000000000000000
    -0.000000000000000    56.143585432439473    -0.000000000000000
    -0.000000000000006    -0.000000000000003     8.701466701408043
56 57
    -3.283897507091406     2.607720244454331     0.000000000000000
     3.210379651483618     0.075347281500894    -0.000000000000000
     0.000000000000000    -0.000000000000000     0.974985203242899
56 58
    -0.107436977272369     0.403806652919536     0.000000000000000
     0.403806844169522    -0.573712847217899     0.000000000000000
    -0.000000000000000    -0.000000000000000    -0.055510108253404
56 59
    -0.107436977272369    -0.403806652919536     0.000000000000000
    -0.403806844169522    -0.573712847217899     0.000000000000000
     0.000000000000000     0.000000000000000    -0.055510108253404
56 60
    -3.283897507091406    -2.607720244454332     0.000000000000000
    -3.210379651483617     0.075347281500894    -0.000000000000000
     0.000000000000000     0.000000000000000     0.974985203242899
56 61
    -0.806862509067879    -0.000000000000000     0.000000000000000
     0.000000000000000     0.125646776253498     0.000000000000000
     0.000000000000000    -0.000000000000000    -0.055505199818114
56 62
    -0.868400176448153     0.635213125094237    -0.000000000000000
     0.635213425942429    -0.134919065221507     0.000000000000000
     0.000000000000000    -0.000000000000000    -0.091580972093640
56 63
    -0.806850782190663     0.000000000000000    -0.000000000000000
     0.000000000000000     0.125700957700396     0.000000000000000
     0.000000000000000    -0.000000000000000    -0.055510108253404
56 64
    -0.868400176448153    -0.635213125094237    -0.000000000000000
    -0.635213425942429    -0.134919065221507     0.000000000000000
     0.000000000000000     0.000000000000000    -0.091580972093640
57 1
     0.207758992665315     0.162859042134329    -0.000000000000000
     0.162858965001449     0.019705721296863     0.000000000000000
    -0.000000000000000    -0.000000000000000     0.001124645235910
57 2
     0.201308555268685     0.000000041284864    -0.000000000000000
    -0.000000011390617    -0.055541667700437     0.000000000000000
    -0.000000000000000     0.000000000000000     0.004539075534786
57 3
     0.207758925866297    -0.162858956918871    -0.000000000000000
    -0.162858956918871     0.019705654497814     0.000000000000000
    -0.000000000000000     0.000000000000000     0.001124645235910
57 4
     0.254157756334002     0.000000052123311     0.000000000000000
     0.000000013697351     0.066789511026929    -0.000000000000000
    -0.000000000000000    -0.000000000000000    -0.001739426756031
57 5
    -0.009924850981376     0.124354871001969    -0.000000000000000
     0.236965505735595    -0.108295585491061     0.000000000000000
    -0.000000000000000     0.000000000000000     0.036020859155715
57 6
     0.008670940444681     0.111219446397282    -0.000000000000000
     0.111219446397282     0.137096129596786     0.000000000000000
    -0.000000000000000    -0.000000000000000     0.004539075534786
57 7
     0.008670894826387    -0.111219442840775    -0.000000000000000
    -0.111219390165294     0.137096083978471     0.000000000000000
     0.000000000000000    -0.000000000000000     0.004539075534786
57 8
    -0.009924901987359    -0.124354875072806    -0.000000000000000
    -0.236965550154645    -0.108295682686032     0.000000000000000
     0.000000000000000     0.000000000000000     0.036020859155715
57 9
    -0.510715084339974    -0.000000104738732    -0.000000000000000
    -0.000000104738732    -0.510715447165587     0.000000000000000
     0.000000000000000     0.000000000000000     0.700755218449825
57 10
    -0.240159138925246     0.104039646136510    -0.000000000000000
    -0.008570988597116     0.121938811495848     0.000000000000000
     0.000000000000000    -0.000000000000000     0.036020859155715
57 11
    -0.074320968786049    -0.000000015241931    -0.000000000000000
     0.000000061890949     0.301785816346295     0.000000000000000
     0.000000000000000    -0.000000000000000     0.001124645235910
57 12
    -0.240159181598660    -0.104039744641398    -0.000000000000000
     0.008571038612117     0.121938815011378     0.000000000000000
     0.000000000000000     0.000000000000000     0.036020859155715
57 13
     0.072753425099018     0.189231259103775    -0.000000000000000
     0.076620475850260    -0.190973939887255     0.000000000000000
    -0.000000000000000    -0.000000000000000     0.036020859155715
57 14
     0.072753347483035    -0.189231229262880    -0.000000000000000
    -0.076620554181041    -0.190973971314310     0.000000000000000
    -0.000000000000000     0.000000000000000     0.036020859155715
57 15
     0.113631520128011    -0.081132865817361     0.000000000000000
    -0.081132827391400     0.207315813788636    -0.000000000000000
    -0.000000000000000    -0.000000000000000    -0.001739426756031
57 16
     0.113631553405861     0.081132912425043     0.000000000000000
     0.081132912425043     0.207315847066501    -0.000000000000000
    -0.000000000000000    -0.000000000000000    -0.001739426756031
57 17
     1.341959680343730     0.020209417093026    -0.000000000000000
     0.589522994876958    -0.285197181522531     0.000000000000000
    -0.000000000000000     0.000000000000000     0.275207376970272
57 18
     1.341959672054653    -0.020208866668103    -0.000000000000000
    -0.589523111854834    -0.285197423324269     0.000000000000000
    -0.000000000000000     0.000000000000000     0.275207376970272
57 19
     0.359335435167835    -0.354966162645070    -0.000000000000000
    -0.354966162645070    -0.050544110820329     0.000000000000000
    -0.000000000000000     0.000000000000000     0.004685101484675
57 20
     0.359335580762466     0.354966310031927    -0.000000000000000
     0.354966141913688    -0.050543965225629     0.000000000000000
    -0.000000000000000    -0.000000000000000     0.004685101484675
57 21
     0.385614049026749     1.141670074024232    -0.000000000000000
     0.572355945953949     0.671149355679191     0.000000000000000
    -0.000000000000000    -0.000000000000000     0.275207376970272
57 22
     0.665525344891063     0.000000136487610     0.000000000000000
     0.000000136487610     0.665525817698012    -0.000000000000000
    -0.000000000000000    -0.000000000000000    -0.058303007933635
57 23
     0.385613580753981    -1.141669915858932    -0.000000000000000
    -0.572355670672201     0.671149120918858     0.000000000000000
     0.000000000000000     0.000000000000000     0.275207376970272
57 24
     1.229528392714639     0.000000252154772     0.000000000000000
    -0.000000387443798    -1.889210681037565    -0.000000000000000
    -0.000000000000000     0.000000000000000    -0.210803183970686
57 25
   -11.658995959838624    -6.466457422993786     0.000000000000000
    -6.466457422993788   -19.125825117692486    -0.000000000000000
     0.000000000000002     0.000000000000002    -4.828767704298100
57 26
    -0.142429571650998     0.267489747216796    -0.000000000000000
     0.836803875287079     1.199193226447753     0.000000000000000
    -0.000000000000000    -0.000000000000000     0.275207376970272
57 27
    -0.142429681365870    -0.267489805636448    -0.000000000000000
    -0.836803383420380     1.199192883220172     0.000000000000000
     0.000000000000000    -0.000000000000000     0.275207376970272
57 28
   -11.658993307526831     6.466452640881982     0.000000000000000
     6.466449578255389   -19.125822465379436    -0.000000000000000
     0.000000000000001     0.000000000000001    -4.828767704298100
57 29
   -22.859217989234345    -0.000004688025847     0.000000000000000
    -0.000001625399253    -7.925592479047063    -0.000000000000000
     0.000000000000002     0.000000000000001    -4.828767704298100
57 30
    -1.109525182945240    -1.350453918799232     0.000000000000000
    -1.350453279200663     0.449844002439532    -0.000000000000000
     0.000000000000000     0.000000000000000    -0.210803183970686
57 31
    -0.255483757155334    -0.000000052395251    -0.000000000000000
     0.000000115722989     0.564275663881503     0.000000000000000
     0.000000000000000    -0.000000000000000     0.004685101484675
57 32
    -1.109524629036763     1.350453463710922     0.000000000000000
     1.350453463710922     0.449844556348272    -0.000000000000000
    -0.000000000000000    -0.000000000000000    -0.210803183970686
57 33
    -0.178447814328198    -0.073468015824390    -0.000000000000000
    -0.073524340296990     0.004499503271390     0.000000000000000
     0.000000000000000     0.000000000000000     0.006704309052258
57 34
    -0.178447784194224     0.073467942631344    -0.000000000000000
     0.073524342142533     0.004499533428504     0.000000000000000
     0.000000000000000    -0.000000000000000     0.006704309052258
57 35
    -0.130034270474740     0.084633993289169     0.000000000000000
     0.084633993289169    -0.032307391302488    -0.000000000000000
     0.000000000000000    -0.000000000000000    -0.004664854189102
57 36
    -0.130034305188630    -0.084634046624686     0.000000000000000
    -0.084634006540529    -0.032307426016394    -0.000000000000000
     0.000000000000000     0.000000000000000    -0.004664854189102
57 37
    -0.104886856466938    -0.115994844114594    -0.000000000000000
    -0.115938429909086    -0.069061524269433     0.000000000000000
     0.000000000000000     0.000000000000000     0.006704309052258
57 38
    -0.159589009389914    -0.000000032728915     0.000000000000000
    -0.000000032728915    -0.159589122766201    -0.000000000000000
     0.000000000000000     0.000000000000000    -0.011962470357086
57 39
    -0.104886808889952     0.115994801093684    -0.000000000000000
     0.115938401582494    -0.069061476715550     0.000000000000000
     0.000000000000000    -0.000000000000000     0.006704309052258
57 40
    -0.100738388139088    -0.000000020659682     0.000000000000000
     0.000000041991871     0.204756125476809    -0.000000000000000
     0.000000000000000    -0.000000000000000    -0.004099157021885
57 41
     0.206107313133521    -0.073295637083603     0.000000000000000
    -0.073295637083603     0.121472879106110    -0.000000000000000
    -0.000000000000000    -0.000000000000000    -0.454164019222512
57 42
     0.022412197073735    -0.042442269675258    -0.000000000000000
    -0.042498683880766    -0.196360638101192     0.000000000000000
     0.000000000000000     0.000000000000000     0.006704309052258
57 43
     0.022412214482059     0.042442278867961    -0.000000000000000
     0.042498603340561    -0.196360620669735     0.000000000000000
    -0.000000000000000     0.000000000000000     0.006704309052258
57 44
     0.206107343196824     0.073295721621620     0.000000000000000
     0.073295686907500     0.121472909169427    -0.000000000000000
    -0.000000000000000    -0.000000000000000    -0.454164019222512
57 45
     0.079155547677785     0.000000016233418     0.000000000000000
     0.000000050947539     0.248424764815086    -0.000000000000000
    -0.000000000000000    -0.000000000000000    -0.454164019222512
57 46
     0.128382415103666     0.132283030746791     0.000000000000000
     0.132282968095238    -0.024364786281617    -0.000000000000000
    -0.000000000000000    -0.000000000000000    -0.004099157021885
57 47
     0.016556065354723     0.000000003395360     0.000000000000000
    -0.000000036688798    -0.178897865987544    -0.000000000000000
    -0.000000000000000     0.000000000000000    -0.004664854189102
57 48
     0.128382360845843    -0.132282978088825     0.000000000000000
    -0.132282978088825    -0.024364840539466    -0.000000000000000
    -0.000000000000000     0.000000000000000    -0.004099157021885
57 49
    -0.868399998252074    -0.635213528824008     0.000000000000000
    -0.635213227975816    -0.134919243417671    -0.000000000000000
     0.000000000000000     0.000000000000000    -0.091580972093640
57 50
    -0.806862222459729    -0.000000165473332     0.000000000000000
     0.000000025767948     0.125646820884903    -0.000000000000000
     0.000000000000000    -0.000000000000000    -0.055505199818114
57 51
    -0.868399737709960     0.635213172636754     0.000000000000000
     0.635213172636754    -0.134918982875433    -0.000000000000000
     0.000000000000000    -0.000000000000000    -0.091580972093640
57 52
    -0.806850495586680    -0.000000165470927     0.000000000000000
     0.000000025779059     0.125701002351046    -0.000000000000000
     0.000000000000000    -0.000000000000000    -0.055510108253404
57 53
    -3.283774501635467    -3.210450668733534    -0.000000000000000
    -2.607791261704248     0.075224275986697     0.000000000000000
     0.000000000000000     0.000000000000000     0.974985203242899
57 54
    -0.107480589708230    -0.403788435029295     0.000000000000000
    -0.403788435029295    -0.573735474345820    -0.000000000000000
     0.000000000000000     0.000000000000000    -0.055505199818114
57 55
    -0.107480424088463     0.403788390944551     0.000000000000000
     0.403788199703272    -0.573735308725975    -0.000000000000000
    -0.000000000000000     0.000000000000000    -0.055505199818114
57 56
    -3.283773184822102     3.210449321844354    -0.000000000000000
     2.607791292558813     0.075225345611469     0.000000000000000
     0.000000000000000    -0.000000000000000     0.974985203242899
57 57
    56.143565489501292     0.000011514063448    -0.000000000000000
     0.000011514063448    56.143605375387082     0.000000000000000
    -0.000000000000006    -0.000000000000004     8.701466701408043
57 58
     1.754846616812418     0.301258686264728    -0.000000000000000
    -0.301400720764559    -4.963399228841427     0.000000000000000
    -0.000000000000000     0.000000000000000     0.974985203242899
57 59
     0.231821408045781     0.000000047542517     0.000000000000000
    -0.000000253305674    -1.235141170799878    -0.000000000000000
    -0.000000000000000     0.000000000000000    -0.091580972093640
57 60
     1.754846493246877    -0.301257966488044    -0.000000000000000
     0.301398684953264    -4.963399105217809     0.000000000000000
    -0.000000000000000     0.000000000000000     0.974985203242899
57 61
    -3.283896875405553    -2.607721844220928    -0.000000000000000
    -3.210378495662237     0.075346649872760     0.000000000000000
     0.000000000000001     0.000000000000000     0.974985203242899
57 62
    -3.283895805810298     2.607720497281505    -0.000000000000000
     3.210378526567047     0.075347966657739     0.000000000000000
     0.000000000000000    -0.000000000000000     0.974985203242899
57 63
    -0.107436856295692     0.403806774323588     0.000000000000000
     0.403806583073602    -0.573712968194634    -0.000000000000000
    -0.000000000000000     0.000000000000000    -0.055510108253404
57 64
    -0.107437021922999    -0.403806818390463     0.000000000000000
    -0.403806818390463    -0.573713133822018    -0.000000000000000
     0.000000000000000     0.000000000000000    -0.055510108253404
58 1
     0.254157846614203     0.000000000000000    -0.000000000000000
    -0.000000000000000     0.066789487302416     0.000000000000000
    -0.000000000000000    -0.000000000000000    -0.001739426756031
58 2
     0.207759033064540     0.162858941676940     0.000000000000000
     0.162859018809820     0.019705680897619    -0.000000000000000
    -0.000000000000000    -0.000000000000000     0.001124645235910
58 3
     0.201308626776151     0.000000000000000    -0.000000000000000
    -0.000000000000000    -0.055541647971305    -0.000000000000000
    -0.000000000000000     0.000000000000000     0.004539075534786
58 4
     0.207759033064540    -0.162858941676940    -0.000000000000000
    -0.162859018809820     0.019705680897619    -0.000000000000000
    -0.000000000000000     0.000000000000000     0.001124645235910
58 5
    -0.009924880009815    -0.124354828864900     0.000000000000000
    -0.236965612118415    -0.108295595620512    -0.000000000000000
     0.000000000000000     0.000000000000000     0.036020859155715
58 6
    -0.009924880009815     0.124354828864900    -0.000000000000000
     0.236965612118415    -0.108295595620512    -0.000000000000000
    -0.000000000000000    -0.000000000000000     0.036020859155715
58 7
     0.008670920715559     0.111219405112417     0.000000000000000
     0.111219457787898     0.137096058089287    -0.000000000000000
    -0.000000000000000    -0.000000000000000     0.004539075534786
58 8
     0.008670920715559    -0.111219405112417     0.000000000000000
    -0.111219457787898     0.137096058089287    -0.000000000000000
     0.000000000000000     0.000000000000000     0.004539075534786
58 9
    -0.240159245569668    -0.104039658432685    -0.000000000000000
     0.008571016649154     0.121938769939342    -0.000000000000000
     0.000000000000000     0.000000000000000     0.036020859155715
58 10
    -0.510715265752737    -0.000000000000000    -0.000000000000000
     0.000000000000000    -0.510715265752738    -0.000000000000000
     0.000000000000000     0.000000000000000     0.700755218449825
58 11
    -0.240159245569668     0.104039658432685    -0.000000000000000
    -0.008571016649154     0.121938769939342    -0.000000000000000
     0.000000000000000    -0.000000000000000     0.036020859155715
58 12
    -0.074320995185842     0.000000000000000     0.000000000000000
     0.000000000000000     0.301785709148001    -0.000000000000000
     0.000000000000000    -0.000000000000000     0.001124645235910
58 13
     0.113631577130363     0.081132860301731     0.000000000000000
     0.081132898727692     0.207315756786257     0.000000000000000
    -0.000000000000000    -0.000000000000000    -0.001739426756031
58 14
     0.072753412133993     0.189231176965899    -0.000000000000000
     0.076620542232272    -0.190973887764320    -0.000000000000000
    -0.000000000000000    -0.000000000000000     0.036020859155715
58 15
     0.072753412133993    -0.189231176965899     0.000000000000000
    -0.076620542232272    -0.190973887764320    -0.000000000000000
    -0.000000000000000     0.000000000000000     0.036020859155715
58 16
     0.113631577130363    -0.081132860301732    -0.000000000000000
    -0.081132898727692     0.207315756786257     0.000000000000000
    -0.000000000000000     0.000000000000000    -0.001739426756031
58 17
     0.359335635605883     0.354966110249819    -0.000000000000000
     0.354966278368058    -0.050544020069071    -0.000000000000000
    -0.000000000000000    -0.000000000000000     0.004685101484675
58 18
     1.341960152881045     0.020209134702011     0.000000000000000
     0.589523262772294    -0.285197201117564    -0.000000000000000
    -0.000000000000000     0.000000000000000     0.275207376970272
58 19
     1.341960152881045    -0.020209134702011     0.000000000000000
    -0.589523262772294    -0.285197201117564    -0.000000000000000
    -0.000000000000000     0.000000000000000     0.275207376970272
58 20
     0.359335635605883    -0.354966110249819    -0.000000000000000
    -0.354966278368058    -0.050544020069071    -0.000000000000000
    -0.000000000000000     0.000000000000000     0.004685101484675
58 21
     1.229528829459412     0.000000000000000     0.000000000000000
    -0.000000000000000    -1.889210009965065     0.000000000000000
    -0.000000000000000     0.000000000000000    -0.210803183970686
58 22
     0.385613951865500     1.141669589405372    -0.000000000000000
     0.572356011621440     0.671148999897981    -0.000000000000000
    -0.000000000000000    -0.000000000000000     0.275207376970272
58 23
     0.665525581294481     0.000000000000000    -0.000000000000000
    -0.000000000000000     0.665525581294481     0.000000000000000
    -0.000000000000000    -0.000000000000000    -0.058303007933635
58 24
     0.385613951865500    -1.141669589405372    -0.000000000000000
    -0.572356011621440     0.671148999897981    -0.000000000000000
    -0.000000000000000     0.000000000000000     0.275207376970272
58 25
   -11.658998775112062     6.466452734967940     0.000000000000000
     6.466455797594533   -19.125816997791617     0.000000000000000
     0.000000000000001     0.000000000000000    -4.828767704298100
58 26
   -11.658998775112060    -6.466452734967941    -0.000000000000000
    -6.466455797594535   -19.125816997791617     0.000000000000000
     0.000000000000002     0.000000000000001    -4.828767704298100
58 27
    -0.142429677101324     0.267489681410733     0.000000000000000
     0.836803926597464     1.199192628864805    -0.000000000000000
    -0.000000000000000    -0.000000000000000     0.275207376970272
58 28
    -0.142429677101324    -0.267489681410732    -0.000000000000000
    -0.836803926597464     1.199192628864805    -0.000000000000000
     0.000000000000000    -0.000000000000000     0.275207376970272
58 29
    -1.109525300108945     1.350453211556150     0.000000000000000
     1.350453851154719     0.449844119603293     0.000000000000000
     0.000000000000000    -0.000000000000000    -0.210803183970686
58 30
   -22.859226109131367    -0.000000000000000    -0.000000000000000
     0.000000000000001    -7.925589663772294     0.000000000000000
     0.000000000000003     0.000000000000000    -4.828767704298100
58 31
    -1.109525300108945    -1.350453211556150    -0.000000000000000
    -1.350453851154719     0.449844119603293     0.000000000000000
     0.000000000000000     0.000000000000000    -0.210803183970686
58 32
    -0.255483847906548     0.000000000000000     0.000000000000000
     0.000000000000000     0.564275463443360    -0.000000000000000
     0.000000000000000    -0.000000000000000     0.004685101484675
58 33
    -0.130034334021586    -0.084633989893809     0.000000000000000
    -0.084634029977967    -0.032307397183424     0.000000000000000
     0.000000000000000     0.000000000000000    -0.004664854189102
58 34
    -0.178447862648234    -0.073467953131074    -0.000000000000000
    -0.073524367336581     0.004499516751659    -0.000000000000000
     0.000000000000000     0.000000000000000     0.006704309052258
58 35
    -0.178447862648234     0.073467953131074    -0.000000000000000
     0.073524367336581     0.004499516751659    -0.000000000000000
     0.000000000000000    -0.000000000000000     0.006704309052258
58 36
    -0.130034334021586     0.084633989893809    -0.000000000000000
     0.084634029977967    -0.032307397183424     0.000000000000000
     0.000000000000000    -0.000000000000000    -0.004664854189102
58 37
    -0.100738423922698     0.000000000000000     0.000000000000000
     0.000000000000000     0.204756052744739     0.000000000000000
     0.000000000000000    -0.000000000000000    -0.004099157021885
58 38
    -0.104886869935637    -0.115994781401251     0.000000000000000
    -0.115938456928651    -0.069061475960937    -0.000000000000000
     0.000000000000000     0.000000000000000     0.006704309052258
58 39
    -0.159589066078044    -0.000000000000000     0.000000000000000
     0.000000000000000    -0.159589066078044     0.000000000000000
     0.000000000000000     0.000000000000000    -0.011962470357086
58 40
    -0.104886869935637     0.115994781401251    -0.000000000000000
     0.115938456928651    -0.069061475960937    -0.000000000000000
     0.000000000000000    -0.000000000000000     0.006704309052258
58 41
     0.206107401377226     0.073295653317022     0.000000000000000
     0.073295688031142     0.121472850988998     0.000000000000000
    -0.000000000000000    -0.000000000000000    -0.454164019222512
58 42
     0.206107401377226    -0.073295653317022    -0.000000000000000
    -0.073295688031142     0.121472850988998     0.000000000000000
    -0.000000000000000     0.000000000000000    -0.454164019222512
58 43
     0.022412213739009    -0.042442259195555     0.000000000000000
    -0.042498658706745    -0.196360559635584    -0.000000000000000
    -0.000000000000000     0.000000000000000     0.006704309052258
58 44
     0.022412213739009     0.042442259195555     0.000000000000000
     0.042498658706745    -0.196360559635584    -0.000000000000000
    -0.000000000000000     0.000000000000000     0.006704309052258
58 45
     0.128382433577879    -0.132282957429144     0.000000000000000
    -0.132283020080696    -0.024364804755839     0.000000000000000
    -0.000000000000000     0.000000000000000    -0.004099157021885
58 46
     0.079155575794884     0.000000000000000    -0.000000000000000
     0.000000000000000     0.248424676571340     0.000000000000000
    -0.000000000000000    -0.000000000000000    -0.454164019222512
58 47
     0.128382433577879     0.132282957429144     0.000000000000000
     0.132283020080696    -0.024364804755839     0.000000000000000
    -0.000000000000000    -0.000000000000000    -0.004099157021885
58 48
     0.016556071235657    -0.000000000000000    -0.000000000000000
    -0.000000000000000    -0.178897802440667     0.000000000000000
    -0.000000000000000     0.000000000000000    -0.004664854189102
58 49
    -0.806850782190663     0.000000000000000    -0.000000000000000
     0.000000000000000     0.125700957700396     0.000000000000000
     0.000000000000000    -0.000000000000000    -0.055510108253404
58 50
    -0.868400176448153    -0.635213125094237    -0.000000000000000
    -0.635213425942429    -0.134919065221507     0.000000000000000
     0.000000000000000     0.000000000000000    -0.091580972093640
58 51
    -0.806862509067879    -0.000000000000000     0.000000000000000
     0.000000000000000     0.125646776253498     0.000000000000000
     0.000000000000000    -0.000000000000000    -0.055505199818114
58 52
    -0.868400176448153     0.635213125094237    -0.000000000000000
     0.635213425942429    -0.134919065221507     0.000000000000000
     0.000000000000000    -0.000000000000000    -0.091580972093640
58 53
    -3.283775009668751     3.210448854894846    -0.000000000000000
     2.607792203453538     0.075224784078240    -0.000000000000000
     0.000000000000000    -0.000000000000000     0.974985203242899
58 54
    -3.283775009668751    -3.210448854894846     0.000000000000000
    -2.607792203453537     0.075224784078240    -0.000000000000000
     0.000000000000000     0.000000000000000     0.974985203242899
58 55
    -0.107480545076846    -0.403788269555964    -0.000000000000000
    -0.403788460797243    -0.573735187737535     0.000000000000000
     0.000000000000000     0.000000000000000    -0.055505199818114
58 56
    -0.107480545076846     0.403788269555964     0.000000000000000
     0.403788460797243    -0.573735187737535     0.000000000000000
    -0.000000000000000    -0.000000000000000    -0.055505199818114
58 57
     1.754847178374390    -0.301258219365463    -0.000000000000000
     0.301399809920078    -4.963397403964903    -0.000000000000000
    -0.000000000000000     0.000000000000000     0.974985203242899
58 58
    56.143585432439458     0.000000000000002     0.000000000000000
    -0.000000000000000    56.143585432439473    -0.000000000000000
    -0.000000000000006    -0.000000000000003     8.701466701408043
58 59
     1.754847178374390     0.301258219365463    -0.000000000000000
    -0.301399809920079    -4.963397403964904    -0.000000000000000
    -0.000000000000000     0.000000000000000     0.974985203242899
58 60
     0.231821490391816    -0.000000000000000    -0.000000000000000
    -0.000000000000000    -1.235140732061477     0.000000000000000
    -0.000000000000000     0.000000000000000    -0.091580972093640
58 61
    -0.107436977272369    -0.403806652919536     0.000000000000000
    -0.403806844169522    -0.573712847217899     0.000000000000000
     0.000000000000000     0.000000000000000    -0.055510108253404
58 62
    -3.283897507091406    -2.607720244454332     0.000000000000000
    -3.210379651483617     0.075347281500894    -0.000000000000000
     0.000000000000000     0.000000000000000     0.974985203242899
58 63
    -3.283897507091406     2.607720244454331     0.000000000000000
     3.210379651483618     0.075347281500894    -0.000000000000000
     0.000000000000000    -0.000000000000000     0.974985203242899
58 64
    -0.107436977272369     0.403806652919536     0.000000000000000
     0.403806844169522    -0.573712847217899     0.000000000000000
    -0.000000000000000    -0.000000000000000    -0.055510108253404
59 1
     0.207758992665315    -0.162859042134329    -0.000000000000000
    -0.162858965001449     0.019705721296863    -0.000000000000000
    -0.000000000000000     0.000000000000000     0.001124645235910
59 2
     0.254157756334002    -0.000000052123311     0.000000000000000
    -0.000000013697351     0.066789511026929     0.000000000000000
    -0.000000000000000     0.000000000000000    -0.001739426756031
59 3
     0.207758925866297     0.162858956918871    -0.000000000000000
     0.162858956918871     0.019705654497814    -0.000000000000000
    -0.000000000000000    -0.000000000000000     0.001124645235910
59 4
     0.201308555268685    -0.000000041284864    -0.000000000000000
     0.000000011390617    -0.055541667700437    -0.000000000000000
    -0.000000000000000    -0.000000000000000     0.004539075534786
59 5
     0.008670940444681    -0.111219446397282    -0.000000000000000
    -0.111219446397282     0.137096129596786    -0.000000000000000
    -0.000000000000000     0.000000000000000     0.004539075534786
59 6
    -0.009924850981376    -0.124354871001969    -0.000000000000000
    -0.236965505735595    -0.108295585491061    -0.000000000000000
    -0.000000000000000    -0.000000000000000     0.036020859155715
59 7
    -0.009924901987359     0.124354875072806    -0.000000000000000
     0.236965550154645    -0.108295682686032    -0.000000000000000
     0.000000000000000    -0.000000000000000     0.036020859155715
59 8
     0.008670894826387     0.111219442840775    -0.000000000000000
     0.111219390165294     0.137096083978471    -0.000000000000000
     0.000000000000000     0.000000000000000     0.004539075534786
59 9
    -0.074320968786049     0.000000015241931    -0.000000000000000
    -0.000000061890949     0.301785816346295    -0.000000000000000
     0.000000000000000     0.000000000000000     0.001124645235910
59 10
    -0.240159138925246    -0.104039646136510    -0.000000000000000
     0.008570988597116     0.121938811495848    -0.000000000000000
     0.000000000000000     0.000000000000000     0.036020859155715
59 11
    -0.510715084339974     0.000000104738732    -0.000000000000000
     0.000000104738732    -0.510715447165587    -0.000000000000000
     0.000000000000000    -0.000000000000000     0.700755218449825
59 12
    -0.240159181598660     0.104039744641398    -0.000000000000000
    -0.008571038612117     0.121938815011378    -0.000000000000000
     0.000000000000000    -0.000000000000000     0.036020859155715
59 13
     0.113631553405861    -0.081132912425043     0.000000000000000
    -0.081132912425043     0.207315847066501     0.000000000000000
    -0.000000000000000     0.000000000000000    -0.001739426756031
59 14
     0.113631520128011     0.081132865817361     0.000000000000000
     0.081132827391400     0.207315813788636     0.000000000000000
    -0.000000000000000     0.000000000000000    -0.001739426756031
59 15
     0.072753347483035     0.189231229262880    -0.000000000000000
     0.076620554181041    -0.190973971314310    -0.000000000000000
    -0.000000000000000    -0.000000000000000     0.036020859155715
59 16
     0.072753425099018    -0.189231259103775    -0.000000000000000
    -0.076620475850260    -0.190973939887255    -0.000000000000000
    -0.000000000000000     0.000000000000000     0.036020859155715
59 17
     0.359335580762466    -0.354966310031927    -0.000000000000000
    -0.354966141913688    -0.050543965225629    -0.000000000000000
    -0.000000000000000     0.000000000000000     0.004685101484675
59 18
     0.359335435167835     0.354966162645070    -0.000000000000000
     0.354966162645070    -0.050544110820329    -0.000000000000000
    -0.000000000000000    -0.000000000000000     0.004685101484675
59 19
     1.341959672054653     0.020208866668103    -0.000000000000000
     0.589523111854834    -0.285197423324269    -0.000000000000000
    -0.000000000000000    -0.000000000000000     0.275207376970272
59 20
     1.341959680343730    -0.020209417093026    -0.000000000000000
    -0.589522994876958    -0.285197181522531    -0.000000000000000
    -0.000000000000000    -0.000000000000000     0.275207376970272
59 21
     0.385614049026749    -1.141670074024232    -0.000000000000000
    -0.572355945953949     0.671149355679191    -0.000000000000000
    -0.000000000000000     0.000000000000000     0.275207376970272
59 22
     1.229528392714640    -0.000000252154772     0.000000000000000
     0.000000387443797    -1.889210681037565     0.000000000000000
    -0.000000000000000    -0.000000000000000    -0.210803183970686
59 23
     0.385613580753981     1.141669915858933    -0.000000000000000
     0.572355670672201     0.671149120918858    -0.000000000000000
     0.000000000000000    -0.000000000000000     0.275207376970272
59 24
     0.665525344891063    -0.000000136487609     0.000000000000000
    -0.000000136487610     0.665525817698012     0.000000000000000
    -0.000000000000000     0.000000000000000    -0.058303007933635
59 25
    -0.142429571650998    -0.267489747216796    -0.000000000000000
    -0.836803875287079     1.199193226447753    -0.000000000000000
    -0.000000000000000     0.000000000000000     0.275207376970272
59 26
   -11.658995959838624     6.466457422993784     0.000000000000000
     6.466457422993786   -19.125825117692486     0.000000000000000
     0.000000000000002    -0.000000000000002    -4.828767704298100
59 27
   -11.658993307526833    -6.466452640881984     0.000000000000000
    -6.466449578255391   -19.125822465379436     0.000000000000000
     0.000000000000001    -0.000000000000001    -4.828767704298100
59 28
    -0.142429681365870     0.267489805636448    -0.000000000000000
     0.836803383420380     1.199192883220172    -0.000000000000000
     0.000000000000000     0.000000000000000     0.275207376970272
59 29
    -0.255483757155334     0.000000052395251    -0.000000000000000
    -0.000000115722988     0.564275663881503    -0.000000000000000
     0.000000000000000     0.000000000000000     0.004685101484675
59 30
    -1.109525182945240     1.350453918799232     0.000000000000000
     1.350453279200663     0.449844002439532     0.000000000000000
     0.000000000000000    -0.000000000000000    -0.210803183970686
59 31
   -22.859217989234345     0.000004688025848     0.000000000000000
     0.000001625399253    -7.925592479047063     0.000000000000000
     0.000000000000002    -0.000000000000001    -4.828767704298100
59 32
    -1.109524629036763    -1.350453463710922     0.000000000000000
    -1.350453463710922     0.449844556348272     0.000000000000000
    -0.000000000000000     0.000000000000000    -0.210803183970686
59 33
    -0.130034305188630     0.084634046624686     0.000000000000000
     0.084634006540529    -0.032307426016394     0.000000000000000
     0.000000000000000    -0.000000000000000    -0.004664854189102
59 34
    -0.130034270474740    -0.084633993289169     0.000000000000000
    -0.084633993289169    -0.032307391302488     0.000000000000000
     0.000000000000000     0.000000000000000    -0.004664854189102
59 35
    -0.178447784194224    -0.073467942631344    -0.000000000000000
    -0.073524342142533     0.004499533428504    -0.000000000000000
     0.000000000000000     0.000000000000000     0.006704309052258
59 36
    -0.178447814328198     0.073468015824390    -0.000000000000000
     0.073524340296990     0.004499503271390    -0.000000000000000
     0.000000000000000    -0.000000000000000     0.006704309052258
59 37
    -0.104886856466938     0.115994844114594    -0.000000000000000
     0.115938429909086    -0.069061524269433    -0.000000000000000
     0.000000000000000    -0.000000000000000     0.006704309052258
59 38
    -0.100738388139088     0.000000020659682     0.000000000000000
    -0.000000041991871     0.204756125476809     0.000000000000000
     0.000000000000000     0.000000000000000    -0.004099157021885
59 39
    -0.104886808889952    -0.115994801093684    -0.000000000000000
    -0.115938401582494    -0.069061476715550    -0.000000000000000
     0.000000000000000     0.000000000000000     0.006704309052258
59 40
    -0.159589009389914     0.000000032728915     0.000000000000000
     0.000000032728915    -0.159589122766201     0.000000000000000
     0.000000000000000    -0.000000000000000    -0.011962470357086
59 41
     0.022412197073735     0.042442269675258    -0.000000000000000
     0.042498683880766    -0.196360638101192    -0.000000000000000
     0.000000000000000    -0.000000000000000     0.006704309052258
59 42
     0.206107313133521     0.073295637083603     0.000000000000000
     0.073295637083603     0.121472879106110     0.000000000000000
    -0.000000000000000     0.000000000000000    -0.454164019222512
59 43
     0.206107343196824    -0.073295721621620     0.000000000000000
    -0.073295686907500     0.121472909169427     0.000000000000000
    -0.000000000000000     0.000000000000000    -0.454164019222512
59 44
     0.022412214482059    -0.042442278867961    -0.000000000000000
    -0.042498603340561    -0.196360620669735    -0.000000000000000
    -0.000000000000000    -0.000000000000000     0.006704309052258
59 45
     0.016556065354723    -0.000000003395360     0.000000000000000
     0.000000036688798    -0.178897865987544     0.000000000000000
    -0.000000000000000    -0.000000000000000    -0.004664854189102
59 46
     0.128382415103666    -0.132283030746791     0.000000000000000
    -0.132282968095238    -0.024364786281617     0.000000000000000
    -0.000000000000000     0.000000000000000    -0.004099157021885
59 47
     0.079155547677785    -0.000000016233418     0.000000000000000
    -0.000000050947539     0.248424764815086     0.000000000000000
    -0.000000000000000     0.000000000000000    -0.454164019222512
59 48
     0.128382360845843     0.132282978088825     0.000000000000000
     0.132282978088825    -0.024364840539466     0.000000000000000
    -0.000000000000000    -0.000000000000000    -0.004099157021885
59 49
    -0.868399998252074     0.635213528824008     0.000000000000000
     0.635213227975816    -0.134919243417671     0.000000000000000
     0.000000000000000    -0.000000000000000    -0.091580972093640
59 50
    -0.806850495586680     0.000000165470927     0.000000000000000
    -0.000000025779059     0.125701002351046     0.000000000000000
     0.000000000000000     0.000000000000000    -0.055510108253404
59 51
    -0.868399737709960    -0.635213172636754     0.000000000000000
    -0.635213172636754    -0.134918982875433     0.000000000000000
     0.000000000000000     0.000000000000000    -0.091580972093640
59 52
    -0.806862222459730     0.000000165473332     0.000000000000000
    -0.000000025767948     0.125646820884903     0.000000000000000
     0.000000000000000     0.000000000000000    -0.055505199818114
59 53
    -0.107480589708230     0.403788435029295     0.000000000000000
     0.403788435029295    -0.573735474345820     0.000000000000000
     0.000000000000000    -0.000000000000000    -0.055505199818114
59 54
    -3.283774501635466     3.210450668733534    -0.000000000000000
     2.607791261704248     0.075224275986697    -0.000000000000000
     0.000000000000000    -0.000000000000000     0.974985203242899
59 55
    -3.283773184822102    -3.210449321844354    -0.000000000000000
    -2.607791292558813     0.075225345611469    -0.000000000000000
     0.000000000000000     0.000000000000000     0.974985203242899
59 56
    -0.107480424088463    -0.403788390944551     0.000000000000000
    -0.403788199703272    -0.573735308725975     0.000000000000000
    -0.000000000000000    -0.000000000000000    -0.055505199818114
59 57
     0.231821408045781    -0.000000047542517     0.000000000000000
     0.000000253305674    -1.235141170799878     0.000000000000000
    -0.000000000000000    -0.000000000000000    -0.091580972093640
59 58
     1.754846616812419    -0.301258686264728    -0.000000000000000
     0.301400720764558    -4.963399228841427    -0.000000000000000
    -0.000000000000000    -0.000000000000000     0.974985203242899
59 59
    56.143565489501285    -0.000011514063445    -0.000000000000000
    -0.000011514063445    56.143605375387082    -0.000000000000000
    -0.000000000000006     0.000000000000004     8.701466701408043
59 60
     1.754846493246877     0.301257966488044    -0.000000000000000
    -0.301398684953264    -4.963399105217809    -0.000000000000000
    -0.000000000000000    -0.000000000000000     0.974985203242899
59 61
    -0.107437021922998     0.403806818390463     0.000000000000000
     0.403806818390463    -0.573713133822018     0.000000000000000
     0.000000000000000    -0.000000000000000    -0.055510108253404
59 62
    -0.107436856295692    -0.403806774323588     0.000000000000000
    -0.403806583073603    -0.573712968194634     0.000000000000000
    -0.000000000000000    -0.000000000000000    -0.055510108253404
59 63
    -3.283895805810298    -2.607720497281505    -0.000000000000000
    -3.210378526567047     0.075347966657739    -0.000000000000000
     0.000000000000000     0.000000000000000     0.974985203242899
59 64
    -3.283896875405553     2.607721844220928    -0.000000000000000
     3.210378495662237     0.075346649872760    -0.000000000000000
     0.000000000000001    -0.000000000000000     0.974985203242899
60 1
     0.201308555268685    -0.000000041284864    -0.000000000000000
     0.000000011390617    -0.055541667700437    -0.000000000000000
    -0.000000000000000    -0.000000000000000     0.004539075534786
60 2
     0.207758992665315    -0.162859042134329    -0.000000000000000
    -0.162858965001449     0.019705721296863    -0.000000000000000
    -0.000000000000000     0.000000000000000     0.001124645235910
60 3
     0.254157756334002    -0.000000052123311     0.000000000000000
    -0.000000013697351     0.066789511026929     0.000000000000000
    -0.000000000000000     0.000000000000000    -0.001739426756031
60 4
     0.207758925866297     0.162858956918871    -0.000000000000000
     0.162858956918871     0.019705654497814    -0.000000000000000
    -0.000000000000000    -0.000000000000000     0.001124645235910
60 5
     0.008670894826387     0.111219442840775    -0.000000000000000
     0.111219390165294     0.137096083978471    -0.000000000000000
     0.000000000000000     0.000000000000000     0.004539075534786
60 6
     0.008670940444681    -0.111219446397282    -0.000000000000000
    -0.111219446397282     0.137096129596786    -0.000000000000000
    -0.000000000000000     0.000000000000000     0.004539075534786
60 7
    -0.009924850981376    -0.124354871001969    -0.000000000000000
    -0.236965505735595    -0.108295585491061    -0.000000000000000
    -0.000000000000000    -0.000000000000000     0.036020859155715
60 8
    -0.009924901987359     0.124354875072806    -0.000000000000000
     0.236965550154645    -0.108295682686032    -0.000000000000000
     0.000000000000000    -0.000000000000000     0.036020859155715
60 9
    -0.240159181598660     0.104039744641398    -0.000000000000000
    -0.008571038612117     0.121938815011378    -0.000000000000000
     0.000000000000000    -0.000000000000000     0.036020859155715
60 10
    -0.074320968786049     0.000000015241931    -0.000000000000000
    -0.000000061890949     0.301785816346295    -0.000000000000000
     0.000000000000000     0.000000000000000     0.001124645235910
60 11
    -0.240159138925246    -0.104039646136510    -0.000000000000000
     0.008570988597116     0.121938811495848    -0.000000000000000
     0.000000000000000     0.000000000000000     0.036020859155715
60 12
    -0.510715084339974     0.000000104738732    -0.000000000000000
     0.000000104738732    -0.510715447165587    -0.000000000000000
     0.000000000000000    -0.000000000000000     0.700755218449825
60 13
     0.072753425099018    -0.189231259103775    -0.000000000000000
    -0.076620475850260    -0.190973939887255    -0.000000000000000
    -0.000000000000000     0.000000000000000     0.036020859155715
60 14
     0.113631553405861    -0.081132912425043     0.000000000000000
    -0.081132912425043     0.207315847066501     0.000000000000000
    -0.000000000000000     0.000000000000000    -0.001739426756031
60 15
     0.113631520128011     0.081132865817361     0.000000000000000
     0.081132827391400     0.207315813788636     0.000000000000000
    -0.000000000000000     0.000000000000000    -0.001739426756031
60 16
     0.072753347483035     0.189231229262880    -0.000000000000000
     0.076620554181041    -0.190973971314310    -0.000000000000000
    -0.000000000000000    -0.000000000000000     0.036020859155715
60 17
     1.341959680343730    -0.020209417093026    -0.000000000000000
    -0.589522994876958    -0.285197181522531    -0.000000000000000
    -0.000000000000000    -0.000000000000000     0.275207376970272
60 18
     0.359335580762466    -0.354966310031927    -0.000000000000000
    -0.354966141913688    -0.050543965225629    -0.000000000000000
    -0.000000000000000     0.000000000000000     0.004685101484675
60 19
     0.359335435167835     0.354966162645070    -0.000000000000000
     0.354966162645070    -0.050544110820329    -0.000000000000000
    -0.000000000000000    -0.000000000000000     0.004685101484675
60 20
     1.341959672054653     0.020208866668103    -0.000000000000000
     0.589523111854834    -0.285197423324269    -0.000000000000000
    -0.000000000000000    -0.000000000000000     0.275207376970272
60 21
     0.665525344891063    -0.000000136487609     0.000000000000000
    -0.000000136487610     0.665525817698012     0.000000000000000
    -0.000000000000000     0.000000000000000    -0.058303007933635
60 22
     0.385614049026749    -1.141670074024232    -0.000000000000000
    -0.572355945953949     0.671149355679191    -0.000000000000000
    -0.000000000000000     0.000000000000000     0.275207376970272
60 23
     1.229528392714640    -0.000000252154772     0.000000000000000
     0.000000387443797    -1.889210681037565     0.000000000000000
    -0.000000000000000    -0.000000000000000    -0.210803183970686
60 24
     0.385613580753981     1.141669915858933    -0.000000000000000
     0.572355670672201     0.671149120918858    -0.000000000000000
     0.000000000000000    -0.000000000000000     0.275207376970272
60 25
    -0.142429681365870     0.267489805636448    -0.000000000000000
     0.836803383420380     1.199192883220172    -0.000000000000000
     0.000000000000000     0.000000000000000     0.275207376970272
60 26
    -0.142429571650998    -0.267489747216796    -0.000000000000000
    -0.836803875287079     1.199193226447753    -0.000000000000000
    -0.000000000000000     0.000000000000000     0.275207376970272
60 27
   -11.658995959838624     6.466457422993784     0.000000000000000
     6.466457422993786   -19.125825117692486     0.000000000000000
     0.000000000000002    -0.000000000000002    -4.828767704298100
60 28
   -11.658993307526833    -6.466452640881984     0.000000000000000
    -6.466449578255391   -19.125822465379436     0.000000000000000
     0.000000000000001    -0.000000000000001    -4.828767704298100
60 29
    -1.109524629036763    -1.350453463710922     0.000000000000000
    -1.350453463710922     0.449844556348272     0.000000000000000
    -0.000000000000000     0.000000000000000    -0.210803183970686
60 30
    -0.255483757155334     0.000000052395251    -0.000000000000000
    -0.000000115722988     0.564275663881503    -0.000000000000000
     0.000000000000000     0.000000000000000     0.004685101484675
60 31
    -1.109525182945240     1.350453918799232     0.000000000000000
     1.350453279200663     0.449844002439532     0.000000000000000
     0.000000000000000    -0.000000000000000    -0.210803183970686
60 32
   -22.859217989234345     0.000004688025848     0.000000000000000
     0.000001625399253    -7.925592479047063     0.000000000000000
     0.000000000000002    -0.000000000000001    -4.828767704298100
60 33
    -0.178447814328198     0.073468015824390    -0.000000000000000
     0.073524340296990     0.004499503271390    -0.000000000000000
     0.000000000000000    -0.000000000000000     0.006704309052258
60 34
    -0.130034305188630     0.084634046624686     0.000000000000000
     0.084634006540529    -0.032307426016394     0.000000000000000
     0.000000000000000    -0.000000000000000    -0.004664854189102
60 35
    -0.130034270474740    -0.084633993289169     0.000000000000000
    -0.084633993289169    -0.032307391302488     0.000000000000000
     0.000000000000000     0.000000000000000    -0.004664854189102
60 36
    -0.178447784194224    -0.073467942631344    -0.000000000000000
    -0.073524342142533     0.004499533428504    -0.000000000000000
     0.000000000000000     0.000000000000000     0.006704309052258
60 37
    -0.159589009389914     0.000000032728915     0.000000000000000
     0.000000032728915    -0.159589122766201     0.000000000000000
     0.000000000000000    -0.000000000000000    -0.011962470357086
60 38
    -0.104886856466938     0.115994844114594    -0.000000000000000
     0.115938429909086    -0.069061524269433    -0.000000000000000
     0.000000000000000    -0.000000000000000     0.006704309052258
60 39
    -0.100738388139088     0.000000020659682     0.000000000000000
    -0.000000041991871     0.204756125476809     0.000000000000000
     0.000000000000000     0.000000000000000    -0.004099157021885
60 40
    -0.104886808889952    -0.115994801093684    -0.000000000000000
    -0.115938401582494    -0.069061476715550    -0.000000000000000
     0.000000000000000     0.000000000000000     0.006704309052258
60 41
     0.022412214482059    -0.042442278867961    -0.000000000000000
    -0.042498603340561    -0.196360620669735    -0.000000000000000
    -0.000000000000000    -0.000000000000000     0.006704309052258
60 42
     0.022412197073735     0.042442269675258    -0.000000000000000
     0.042498683880766    -0.196360638101192    -0.000000000000000
     0.000000000000000    -0.000000000000000     0.006704309052258
60 43
     0.206107313133521     0.073295637083603     0.000000000000000
     0.073295637083603     0.121472879106110     0.000000000000000
    -0.000000000000000     0.000000000000000    -0.454164019222512
60 44
     0.206107343196824    -0.073295721621620     0.000000000000000
    -0.073295686907500     0.121472909169427     0.000000000000000
    -0.000000000000000     0.000000000000000    -0.454164019222512
60 45
     0.128382360845843     0.132282978088825     0.000000000000000
     0.132282978088825    -0.024364840539466     0.000000000000000
    -0.000000000000000    -0.000000000000000    -0.004099157021885
60 46
     0.016556065354723    -0.000000003395360     0.000000000000000
     0.000000036688798    -0.178897865987544     0.000000000000000
    -0.000000000000000    -0.000000000000000    -0.004664854189102
60 47
     0.128382415103666    -0.132283030746791     0.000000000000000
    -0.132282968095238    -0.024364786281617     0.000000000000000
    -0.000000000000000     0.000000000000000    -0.004099157021885
60 48
     0.079155547677785    -0.000000016233418     0.000000000000000
    -0.000000050947539     0.248424764815086     0.000000000000000
    -0.000000000000000     0.000000000000000    -0.454164019222512
60 49
    -0.806862222459730     0.000000165473332     0.000000000000000
    -0.000000025767948     0.125646820884903     0.000000000000000
     0.000000000000000     0.000000000000000    -0.055505199818114
60 50
    -0.868399998252074     0.635213528824008     0.000000000000000
     0.635213227975816    -0.134919243417671     0.000000000000000
     0.000000000000000    -0.000000000000000    -0.091580972093640
60 51
    -0.806850495586680     0.000000165470927     0.000000000000000
    -0.000000025779059     0.125701002351046     0.000000000000000
     0.000000000000000     0.000000000000000    -0.055510108253404
60 52
    -0.868399737709960    -0.635213172636754     0.000000000000000
    -0.635213172636754    -0.134918982875433     0.000000000000000
     0.000000000000000     0.000000000000000    -0.091580972093640
60 53
    -0.107480424088463    -0.403788390944551     0.000000000000000
    -0.403788199703272    -0.573735308725975     0.000000000000000
    -0.000000000000000    -0.000000000000000    -0.055505199818114
60 54
    -0.107480589708230     0.403788435029295     0.000000000000000
     0.403788435029295    -0.573735474345820     0.000000000000000
     0.000000000000000    -0.000000000000000    -0.055505199818114
60 55
    -3.283774501635466     3.210450668733534    -0.000000000000000
     2.607791261704248     0.075224275986697    -0.000000000000000
     0.000000000000000    -0.000000000000000     0.974985203242899
60 56
    -3.283773184822102    -3.210449321844354    -0.000000000000000
    -2.607791292558813     0.075225345611469    -0.000000000000000
     0.000000000000000     0.000000000000000     0.974985203242899
60 57
     1.754846493246877     0.301257966488044    -0.000000000000000
    -0.301398684953264    -4.963399105217809    -0.000000000000000
    -0.000000000000000    -0.000000000000000     0.974985203242899
60 58
     0.231821408045781    -0.000000047542517     0.000000000000000
     0.000000253305674    -1.235141170799878     0.000000000000000
    -0.000000000000000    -0.000000000000000    -0.091580972093640
60 59
     1.754846616812419    -0.301258686264728    -0.000000000000000
     0.301400720764558    -4.963399228841427    -0.000000000000000
    -0.000000000000000    -0.000000000000000     0.974985203242899
60 60
    56.143565489501285    -0.000011514063445    -0.000000000000000
    -0.000011514063445    56.143605375387082    -0.000000000000000
    -0.000000000000006     0.000000000000004     8.701466701408043
60 61
    -3.283896875405553     2.607721844220928    -0.000000000000000
     3.210378495662237     0.075346649872760    -0.000000000000000
     0.000000000000001    -0.000000000000000     0.974985203242899
60 62
    -0.107437021922998     0.403806818390463     0.000000000000000
     0.403806818390463    -0.573713133822018     0.000000000000000
     0.000000000000000    -0.000000000000000    -0.055510108253404
60 63
    -0.107436856295692    -0.403806774323588     0.000000000000000
    -0.403806583073603    -0.573712968194634     0.000000000000000
    -0.000000000000000    -0.000000000000000    -0.055510108253404
60 64
    -3.283895805810298    -2.607720497281505    -0.000000000000000
    -3.210378526567047     0.075347966657739    -0.000000000000000
     0.000000000000000     0.000000000000000     0.974985203242899
61 1
     0.072753347483035     0.189231229262880    -0.000000000000000
     0.076620554181041    -0.190973971314310    -0.000000000000000
    -0.000000000000000    -0.000000000000000     0.036020859155715
61 2
     0.072753425099018    -0.189231259103775    -0.000000000000000
    -0.076620475850260    -0.190973939887255    -0.000000000000000
    -0.000000000000000     0.000000000000000     0.036020859155715
61 3
     0.113631553405861    -0.081132912425043     0.000000000000000
    -0.081132912425043     0.207315847066501     0.000000000000000
    -0.000000000000000     0.000000000000000    -0.001739426756031
61 4
     0.113631520128011     0.081132865817361     0.000000000000000
     0.081132827391400     0.207315813788636     0.000000000000000
    -0.000000000000000     0.000000000000000    -0.001739426756031
61 5
     0.207758925866297     0.162858956918871    -0.000000000000000
     0.162858956918871     0.019705654497814    -0.000000000000000
    -0.000000000000000    -0.000000000000000     0.001124645235910
61 6
     0.201308555268685    -0.000000041284864    -0.000000000000000
     0.000000011390617    -0.055541667700437    -0.000000000000000
    -0.000000000000000    -0.000000000000000     0.004539075534786
61 7
     0.207758992665315    -0.162859042134329    -0.000000000000000
    -0.162858965001449     0.019705721296863    -0.000000000000000
    -0.000000000000000     0.000000000000000     0.001124645235910
61 8
     0.254157756334002    -0.000000052123311     0.000000000000000
    -0.000000013697351     0.066789511026929     0.000000000000000
    -0.000000000000000     0.000000000000000    -0.001739426756031
61 9
    -0.009924901987359     0.124354875072806    -0.000000000000000
     0.236965550154645    -0.108295682686032    -0.000000000000000
     0.000000000000000    -0.000000000000000     0.036020859155715
61 10
     0.008670894826387     0.111219442840775    -0.000000000000000
     0.111219390165294     0.137096083978471    -0.000000000000000
     0.000000000000000     0.000000000000000     0.004539075534786
61 11
     0.008670940444681    -0.111219446397282    -0.000000000000000
    -0.111219446397282     0.137096129596786    -0.000000000000000
    -0.000000000000000     0.000000000000000     0.004539075534786
61 12
    -0.009924850981376    -0.124354871001969    -0.000000000000000
    -0.236965505735595    -0.108295585491061    -0.000000000000000
    -0.000000000000000    -0.000000000000000     0.036020859155715
61 13
    -0.510715084339974     0.000000104738732    -0.000000000000000
     0.000000104738732    -0.510715447165587    -0.000000000000000
     0.000000000000000    -0.000000000000000     0.700755218449825
61 14
    -0.240159181598660     0.104039744641398    -0.000000000000000
    -0.008571038612117     0.121938815011378    -0.000000000000000
     0.000000000000000    -0.000000000000000     0.036020859155715
61 15
    -0.074320968786049     0.000000015241931    -0.000000000000000
    -0.000000061890949     0.301785816346295    -0.000000000000000
     0.000000000000000     0.000000000000000     0.001124645235910
61 16
    -0.240159138925246    -0.104039646136510    -0.000000000000000
     0.008570988597116     0.121938811495848    -0.000000000000000
     0.000000000000000     0.000000000000000     0.036020859155715
61 17
   -22.859217989234345     0.000004688025848     0.000000000000000
     0.000001625399253    -7.925592479047063     0.000000000000000
     0.000000000000002    -0.000000000000001    -4.828767704298100
61 18
    -1.109524629036763    -1.350453463710922     0.000000000000000
    -1.350453463710922     0.449844556348272     0.000000000000000
    -0.000000000000000     0.000000000000000    -0.210803183970686
61 19
    -0.255483757155334     0.000000052395251    -0.000000000000000
    -0.000000115722988     0.564275663881503    -0.000000000000000
     0.000000000000000     0.000000000000000     0.004685101484675
61 20
    -1.109525182945240     1.350453918799232     0.000000000000000
     1.350453279200663     0.449844002439532     0.000000000000000
     0.000000000000000    -0.000000000000000    -0.210803183970686
61 21
     1.341959672054653     0.020208866668103    -0.000000000000000
     0.589523111854834    -0.285197423324269    -0.000000000000000
    -0.000000000000000    -0.000000000000000     0.275207376970272
61 22
     1.341959680343730    -0.020209417093026    -0.000000000000000
    -0.589522994876958    -0.285197181522531    -0.000000000000000
    -0.000000000000000    -0.000000000000000     0.275207376970272
61 23
     0.359335580762466    -0.354966310031927    -0.000000000000000
    -0.354966141913688    -0.050543965225629    -0.000000000000000
    -0.000000000000000     0.000000000000000     0.004685101484675
61 24
     0.359335435167835     0.354966162645070    -0.000000000000000
     0.354966162645070    -0.050544110820329    -0.000000000000000
    -0.000000000000000    -0.000000000000000     0.004685101484675
61 25
     0.385613580753981     1.141669915858933    -0.000000000000000
     0.572355670672201     0.671149120918858    -0.000000000000000
     0.000000000000000    -0.000000000000000     0.275207376970272
61 26
     0.665525344891063    -0.000000136487609     0.000000000000000
    -0.000000136487610     0.665525817698012     0.000000000000000
    -0.000000000000000     0.000000000000000    -0.058303007933635
61 27
     0.385614049026749    -1.141670074024232    -0.000000000000000
    -0.572355945953949     0.671149355679191    -0.000000000000000
    -0.000000000000000     0.000000000000000     0.275207376970272
61 28
     1.229528392714640    -0.000000252154772     0.000000000000000
     0.000000387443797    -1.889210681037565     0.000000000000000
    -0.000000000000000    -0.000000000000000    -0.210803183970686
61 29
   -11.658993307526833    -6.466452640881984     0.000000000000000
    -6.466449578255391   -19.125822465379436     0.000000000000000
     0.000000000000001    -0.000000000000001    -4.828767704298100
61 30
    -0.142429681365870     0.267489805636448    -0.000000000000000
     0.836803383420380     1.199192883220172    -0.000000000000000
     0.000000000000000     0.000000000000000     0.275207376970272
61 31
    -0.142429571650998    -0.267489747216796    -0.000000000000000
    -0.836803875287079     1.199193226447753    -0.000000000000000
    -0.000000000000000     0.000000000000000     0.275207376970272
61 32
   -11.658995959838624     6.466457422993784     0.000000000000000
     6.466457422993786   -19.125825117692486     0.000000000000000
     0.000000000000002    -0.000000000000002    -4.828767704298100
61 33
     0.079155547677785    -0.000000016233418     0.000000000000000
    -0.000000050947539     0.248424764815086     0.000000000000000
    -0.000000000000000     0.000000000000000    -0.454164019222512
61 34
     0.128382360845843     0.132282978088825     0.000000000000000
     0.132282978088825    -0.024364840539466     0.000000000000000
    -0.000000000000000    -0.000000000000000    -0.004099157021885
61 35
     0.016556065354723    -0.000000003395360     0.000000000000000
     0.000000036688798    -0.178897865987544     0.000000000000000
    -0.000000000000000    -0.000000000000000    -0.004664854189102
61 36
     0.128382415103666    -0.132283030746791     0.000000000000000
    -0.132282968095238    -0.024364786281617     0.000000000000000
    -0.000000000000000     0.000000000000000    -0.004099157021885
61 37
    -0.178447784194224    -0.073467942631344    -0.000000000000000
    -0.073524342142533     0.004499533428504    -0.000000000000000
     0.000000000000000     0.000000000000000     0.006704309052258
61 38
    -0.178447814328198     0.073468015824390    -0.000000000000000
     0.073524340296990     0.004499503271390    -0.000000000000000
     0.000000000000000    -0.000000000000000     0.006704309052258
61 39
    -0.130034305188630     0.084634046624686     0.000000000000000
     0.084634006540529    -0.032307426016394     0.000000000000000
     0.000000000000000    -0.000000000000000    -0.004664854189102
61 40
    -0.130034270474740    -0.084633993289169     0.000000000000000
    -0.084633993289169    -0.032307391302488     0.000000000000000
     0.000000000000000     0.000000000000000    -0.004664854189102
61 41
    -0.104886808889952    -0.115994801093684    -0.000000000000000
    -0.115938401582494    -0.069061476715550    -0.000000000000000
     0.000000000000000     0.000000000000000     0.006704309052258
61 42
    -0.159589009389914     0.000000032728915     0.000000000000000
     0.000000032728915    -0.159589122766201     0.000000000000000
     0.000000000000000    -0.000000000000000    -0.011962470357086
61 43
    -0.104886856466938     0.115994844114594    -0.000000000000000
     0.115938429909086    -0.069061524269433    -0.000000000000000
     0.000000000000000    -0.000000000000000     0.006704309052258
61 44
    -0.100738388139088     0.000000020659682     0.000000000000000
    -0.000000041991871     0.204756125476809     0.000000000000000
     0.000000000000000     0.000000000000000    -0.004099157021885
61 45
     0.206107343196824    -0.073295721621620     0.000000000000000
    -0.073295686907500     0.121472909169427     0.000000000000000
    -0.000000000000000     0.000000000000000    -0.454164019222512
61 46
     0.022412214482059    -0.042442278867961    -0.000000000000000
    -0.042498603340561    -0.196360620669735    -0.000000000000000
    -0.000000000000000    -0.000000000000000     0.006704309052258
61 47
     0.022412197073735     0.042442269675258    -0.000000000000000
     0.042498683880766    -0.196360638101192    -0.000000000000000
     0.000000000000000    -0.000000000000000     0.006704309052258
61 48
     0.206107313133521     0.073295637083603     0.000000000000000
     0.073295637083603     0.121472879106110     0.000000000000000
    -0.000000000000000     0.000000000000000    -0.454164019222512
61 49
    -3.283895805810298    -2.607720497281505    -0.000000000000000
    -3.210378526567047     0.075347966657739    -0.000000000000000
     0.000000000000000     0.000000000000000     0.974985203242899
61 50
    -3.283896875405553     2.607721844220928    -0.000000000000000
     3.210378495662237     0.075346649872760    -0.000000000000000
     0.000000000000001    -0.000000000000000     0.974985203242899
61 51
    -0.107437021922998     0.403806818390463     0.000000000000000
     0.403806818390463    -0.573713133822018     0.000000000000000
     0.000000000000000    -0.000000000000000    -0.055510108253404
61 52
    -0.107436856295692    -0.403806774323588     0.000000000000000
    -0.403806583073603    -0.573712968194634     0.000000000000000
    -0.000000000000000    -0.000000000000000    -0.055510108253404
61 53
    -0.868399737709960    -0.635213172636754     0.000000000000000
    -0.635213172636754    -0.134918982875433     0.000000000000000
     0.000000000000000     0.000000000000000    -0.091580972093640
61 54
    -0.806862222459730     0.000000165473332     0.000000000000000
    -0.000000025767948     0.125646820884903     0.000000000000000
     0.000000000000000     0.000000000000000    -0.055505199818114
61 55
    -0.868399998252074     0.635213528824008     0.000000000000000
     0.635213227975816    -0.134919243417671     0.000000000000000
     0.000000000000000    -0.000000000000000    -0.091580972093640
61 56
    -0.806850495586680     0.000000165470927     0.000000000000000
    -0.000000025779059     0.125701002351046     0.000000000000000
     0.000000000000000     0.000000000000000    -0.055510108253404
61 57
    -3.283773184822102    -3.210449321844354    -0.000000000000000
    -2.607791292558813     0.075225345611469    -0.000000000000000
     0.000000000000000     0.000000000000000     0.974985203242899
61 58
    -0.107480424088463    -0.403788390944551     0.000000000000000
    -0.403788199703272    -0.573735308725975     0.000000000000000
    -0.000000000000000    -0.000000000000000    -0.055505199818114
61 59
    -0.107480589708230     0.403788435029295     0.000000000000000
     0.403788435029295    -0.573735474345820     0.000000000000000
     0.000000000000000    -0.000000000000000    -0.055505199818114
61 60
    -3.283774501635466     3.210450668733534    -0.000000000000000
     2.607791261704248     0.075224275986697    -0.000000000000000
     0.000000000000000    -0.000000000000000     0.974985203242899
61 61
    56.143565489501285    -0.000011514063445    -0.000000000000000
    -0.000011514063445    56.143605375387082    -0.000000000000000
    -0.000000000000006     0.000000000000004     8.701466701408043
61 62
     1.754846493246877     0.301257966488044    -0.000000000000000
    -0.301398684953264    -4.963399105217809    -0.000000000000000
    -0.000000000000000    -0.000000000000000     0.974985203242899
61 63
     0.231821408045781    -0.000000047542517     0.000000000000000
     0.000000253305674    -1.235141170799878     0.000000000000000
    -0.000000000000000    -0.000000000000000    -0.091580972093640
61 64
     1.754846616812419    -0.301258686264728    -0.000000000000000
     0.301400720764558    -4.963399228841427    -0.000000000000000
    -0.000000000000000    -0.000000000000000     0.974985203242899
62 1
     0.113631553405861     0.081132912425043     0.000000000000000
     0.081132912425043     0.207315847066501    -0.000000000000000
     0.000000000000000     0.000000000000000    -0.001739426756031
62 2
     0.072753425099018     0.189231259103775    -0.000000000000000
     0.076620475850260    -0.190973939887255     0.000000000000000
     0.000000000000000    -0.000000000000000     0.036020859155715
62 3
     0.072753347483035    -0.189231229262880    -0.000000000000000
    -0.076620554181041    -0.190973971314310     0.000000000000000
    -0.000000000000000    -0.000000000000000     0.036020859155715
62 4
     0.113631520128011    -0.081132865817361     0.000000000000000
    -0.081132827391400     0.207315813788636    -0.000000000000000
    -0.000000000000000     0.000000000000000    -0.001739426756031
62 5
     0.254157756334002     0.000000052123311     0.000000000000000
     0.000000013697351     0.066789511026929    -0.000000000000000
     0.000000000000000     0.000000000000000    -0.001739426756031
62 6
     0.207758992665315     0.162859042134329    -0.000000000000000
     0.162858965001449     0.019705721296863     0.000000000000000
     0.000000000000000     0.000000000000000     0.001124645235910
62 7
     0.201308555268685     0.000000041284864    -0.000000000000000
    -0.000000011390617    -0.055541667700437     0.000000000000000
     0.000000000000000    -0.000000000000000     0.004539075534786
62 8
     0.207758925866297    -0.162858956918871    -0.000000000000000
    -0.162858956918871     0.019705654497814     0.000000000000000
    -0.000000000000000     0.000000000000000     0.001124645235910
62 9
    -0.009924901987359    -0.124354875072806    -0.000000000000000
    -0.236965550154645    -0.108295682686032     0.000000000000000
    -0.000000000000000    -0.000000000000000     0.036020859155715
62 10
    -0.009924850981376     0.124354871001969    -0.000000000000000
     0.236965505735595    -0.108295585491061     0.000000000000000
     0.000000000000000    -0.000000000000000     0.036020859155715
62 11
     0.008670940444681     0.111219446397282    -0.000000000000000
     0.111219446397282     0.137096129596786     0.000000000000000
     0.000000000000000     0.000000000000000     0.004539075534786
62 12
     0.008670894826387    -0.111219442840775    -0.000000000000000
    -0.111219390165294     0.137096083978471     0.000000000000000
    -0.000000000000000     0.000000000000000     0.004539075534786
62 13
    -0.240159181598660    -0.104039744641398    -0.000000000000000
     0.008571038612117     0.121938815011378     0.000000000000000
    -0.000000000000000     0.000000000000000     0.036020859155715
62 14
    -0.510715084339974    -0.000000104738732    -0.000000000000000
    -0.000000104738732    -0.510715447165587     0.000000000000000
     0.000000000000000    -0.000000000000000     0.700755218449825
62 15
    -0.240159138925246     0.104039646136510    -0.000000000000000
    -0.008570988597116     0.121938811495848     0.000000000000000
    -0.000000000000000     0.000000000000000     0.036020859155715
62 16
    -0.074320968786049    -0.000000015241931    -0.000000000000000
     0.000000061890949     0.301785816346295     0.000000000000000
    -0.000000000000000     0.000000000000000     0.001124645235910
62 17
    -1.109524629036763     1.350453463710922     0.000000000000000
     1.350453463710922     0.449844556348272    -0.000000000000000
     0.000000000000000     0.000000000000000    -0.210803183970686
62 18
   -22.859217989234345    -0.000004688025848     0.000000000000000
    -0.000001625399255    -7.925592479047063    -0.000000000000000
    -0.000000000000000    -0.000000000000001    -4.828767704298100
62 19
    -1.109525182945240    -1.350453918799232     0.000000000000000
    -1.350453279200663     0.449844002439532    -0.000000000000000
    -0.000000000000000     0.000000000000000    -0.210803183970686
62 20
    -0.255483757155334    -0.000000052395251    -0.000000000000000
     0.000000115722989     0.564275663881503     0.000000000000000
    -0.000000000000000     0.000000000000000     0.004685101484675
62 21
     0.359335580762466     0.354966310031927    -0.000000000000000
     0.354966141913688    -0.050543965225629     0.000000000000000
     0.000000000000000     0.000000000000000     0.004685101484675
62 22
     1.341959680343730     0.020209417093026    -0.000000000000000
     0.589522994876958    -0.285197181522531     0.000000000000000
     0.000000000000000    -0.000000000000000     0.275207376970272
62 23
     1.341959672054653    -0.020208866668103    -0.000000000000000
    -0.589523111854834    -0.285197423324269     0.000000000000000
    -0.000000000000000    -0.000000000000000     0.275207376970272
62 24
     0.359335435167835    -0.354966162645070    -0.000000000000000
    -0.354966162645070    -0.050544110820329     0.000000000000000
    -0.000000000000000    -0.000000000000000     0.004685101484675
62 25
     1.229528392714640     0.000000252154772     0.000000000000000
    -0.000000387443798    -1.889210681037565    -0.000000000000000
     0.000000000000000    -0.000000000000000    -0.210803183970686
62 26
     0.385614049026749     1.141670074024232    -0.000000000000000
     0.572355945953949     0.671149355679191     0.000000000000000
     0.000000000000000     0.000000000000000     0.275207376970272
62 27
     0.665525344891063     0.000000136487610     0.000000000000000
     0.000000136487610     0.665525817698012    -0.000000000000000
     0.000000000000000     0.000000000000000    -0.058303007933635
62 28
     0.385613580753981    -1.141669915858932    -0.000000000000000
    -0.572355670672201     0.671149120918858     0.000000000000000
    -0.000000000000000     0.000000000000000     0.275207376970272
62 29
   -11.658993307526831     6.466452640881983     0.000000000000000
     6.466449578255389   -19.125822465379436    -0.000000000000000
     0.000000000000000    -0.000000000000002    -4.828767704298100
62 30
   -11.658995959838625    -6.466457422993789     0.000000000000000
    -6.466457422993788   -19.125825117692486    -0.000000000000000
    -0.000000000000001    -0.000000000000003    -4.828767704298100
62 31
    -0.142429571650998     0.267489747216796    -0.000000000000000
     0.836803875287079     1.199193226447753     0.000000000000000
     0.000000000000000     0.000000000000000     0.275207376970272
62 32
    -0.142429681365870    -0.267489805636448    -0.000000000000000
    -0.836803383420380     1.199192883220172     0.000000000000000
    -0.000000000000000     0.000000000000000     0.275207376970272
62 33
     0.128382360845843    -0.132282978088825     0.000000000000000
    -0.132282978088825    -0.024364840539466    -0.000000000000000
    -0.000000000000000    -0.000000000000000    -0.004099157021885
62 34
     0.079155547677784     0.000000016233419     0.000000000000000
     0.000000050947539     0.248424764815086    -0.000000000000000
    -0.000000000000000     0.000000000000000    -0.454164019222512
62 35
     0.128382415103666     0.132283030746791     0.000000000000000
     0.132282968095238    -0.024364786281617    -0.000000000000000
     0.000000000000000    -0.000000000000000    -0.004099157021885
62 36
     0.016556065354723     0.000000003395359     0.000000000000000
    -0.000000036688798    -0.178897865987544    -0.000000000000000
    -0.000000000000000    -0.000000000000000    -0.004664854189102
62 37
    -0.130034305188630    -0.084634046624686     0.000000000000000
    -0.084634006540528    -0.032307426016394    -0.000000000000000
    -0.000000000000000    -0.000000000000000    -0.004664854189102
62 38
    -0.178447814328198    -0.073468015824390    -0.000000000000000
    -0.073524340296990     0.004499503271390     0.000000000000000
    -0.000000000000000    -0.000000000000000     0.006704309052258
62 39
    -0.178447784194224     0.073467942631344    -0.000000000000000
     0.073524342142533     0.004499533428504     0.000000000000000
     0.000000000000000     0.000000000000000     0.006704309052258
62 40
    -0.130034270474740     0.084633993289169     0.000000000000000
     0.084633993289169    -0.032307391302488    -0.000000000000000
     0.000000000000000    -0.000000000000000    -0.004664854189102
62 41
    -0.100738388139088    -0.000000020659682     0.000000000000000
     0.000000041991871     0.204756125476809    -0.000000000000000
    -0.000000000000000     0.000000000000000    -0.004099157021885
62 42
    -0.104886856466938    -0.115994844114594    -0.000000000000000
    -0.115938429909086    -0.069061524269433     0.000000000000000
    -0.000000000000000    -0.000000000000000     0.006704309052258
62 43
    -0.159589009389914    -0.000000032728915     0.000000000000000
    -0.000000032728915    -0.159589122766201    -0.000000000000000
    -0.000000000000000    -0.000000000000000    -0.011962470357086
62 44
    -0.104886808889952     0.115994801093684    -0.000000000000000
     0.115938401582494    -0.069061476715550     0.000000000000000
     0.000000000000000    -0.000000000000000     0.006704309052258
62 45
     0.206107343196824     0.073295721621620     0.000000000000000
     0.073295686907500     0.121472909169427    -0.000000000000000
     0.000000000000000     0.000000000000000    -0.454164019222512
62 46
     0.206107313133521    -0.073295637083603     0.000000000000000
    -0.073295637083603     0.121472879106110    -0.000000000000000
    -0.000000000000000     0.000000000000000    -0.454164019222512
62 47
     0.022412197073735    -0.042442269675258    -0.000000000000000
    -0.042498683880766    -0.196360638101192     0.000000000000000
    -0.000000000000000    -0.000000000000000     0.006704309052258
62 48
     0.022412214482059     0.042442278867961    -0.000000000000000
     0.042498603340561    -0.196360620669735     0.000000000000000
     0.000000000000000    -0.000000000000000     0.006704309052258
62 49
    -0.107437021922999    -0.403806818390463     0.000000000000000
    -0.403806818390463    -0.573713133822018    -0.000000000000000
    -0.000000000000000    -0.000000000000000    -0.055510108253404
62 50
    -3.283896875405554    -2.607721844220929    -0.000000000000000
    -3.210378495662237     0.075346649872761     0.000000000000000
    -0.000000000000000    -0.000000000000000     0.974985203242899
62 51
    -3.283895805810297     2.607720497281505    -0.000000000000000
     3.210378526567046     0.075347966657739     0.000000000000000
     0.000000000000000     0.000000000000000     0.974985203242899
62 52
    -0.107436856295692     0.403806774323588     0.000000000000000
     0.403806583073602    -0.573712968194634    -0.000000000000000
     0.000000000000000    -0.000000000000000    -0.055510108253404
62 53
    -0.806850495586680    -0.000000165470927     0.000000000000000
     0.000000025779059     0.125701002351046    -0.000000000000000
    -0.000000000000000     0.000000000000000    -0.055510108253404
62 54
    -0.868399998252074    -0.635213528824008     0.000000000000000
    -0.635213227975816    -0.134919243417671    -0.000000000000000
    -0.000000000000000    -0.000000000000000    -0.091580972093640
62 55
    -0.806862222459730    -0.000000165473332     0.000000000000000
     0.000000025767947     0.125646820884903    -0.000000000000000
    -0.000000000000000     0.000000000000000    -0.055505199818114
62 56
    -0.868399737709960     0.635213172636754     0.000000000000000
     0.635213172636754    -0.134918982875433    -0.000000000000000
     0.000000000000000    -0.000000000000000    -0.091580972093640
62 57
    -3.283773184822103     3.210449321844355    -0.000000000000000
     2.607791292558813     0.075225345611468     0.000000000000000
     0.000000000000000     0.000000000000000     0.974985203242899
62 58
    -3.283774501635467    -3.210450668733534    -0.000000000000000
    -2.607791261704247     0.075224275986697     0.000000000000000
    -0.000000000000000    -0.000000000000000     0.974985203242899
62 59
    -0.107480589708230    -0.403788435029295     0.000000000000000
    -0.403788435029295    -0.573735474345820    -0.000000000000000
    -0.000000000000000    -0.000000000000000    -0.055505199818114
62 60
    -0.107480424088463     0.403788390944551     0.000000000000000
     0.403788199703272    -0.573735308725975    -0.000000000000000
     0.000000000000000    -0.000000000000000    -0.055505199818114
62 61
     1.754846493246877    -0.301257966488045    -0.000000000000000
     0.301398684953264    -4.963399105217809     0.000000000000000
     0.000000000000000    -0.000000000000001     0.974985203242899
62 62
    56.143565489501292     0.000011514063448    -0.000000000000000
     0.000011514063448    56.143605375387082     0.000000000000000
     0.000000000000000     0.000000000000007     8.701466701408043
62 63
     1.754846616812419     0.301258686264727    -0.000000000000000
    -0.301400720764559    -4.963399228841427     0.000000000000000
     0.000000000000000    -0.000000000000001     0.974985203242899
62 64
     0.231821408045781     0.000000047542517     0.000000000000000
    -0.000000253305674    -1.235141170799878    -0.000000000000000
     0.000000000000000    -0.000000000000000    -0.091580972093640
63 1
     0.113631553405861    -0.081132912425043    -0.000000000000000
    -0.081132912425043     0.207315847066501    -0.000000000000000
    -0.000000000000000     0.000000000000000    -0.001739426756031
63 2
     0.113631520128011     0.081132865817361    -0.000000000000000
     0.081132827391400     0.207315813788636    -0.000000000000000
     0.000000000000000     0.000000000000000    -0.001739426756031
63 3
     0.072753347483035     0.189231229262880     0.000000000000000
     0.076620554181041    -0.190973971314310     0.000000000000000
     0.000000000000000    -0.000000000000000     0.036020859155715
63 4
     0.072753425099018    -0.189231259103775     0.000000000000000
    -0.076620475850260    -0.190973939887255     0.000000000000000
    -0.000000000000000    -0.000000000000000     0.036020859155715
63 5
     0.207758992665315    -0.162859042134329     0.000000000000000
    -0.162858965001449     0.019705721296863     0.000000000000000
    -0.000000000000000     0.000000000000000     0.001124645235910
63 6
     0.254157756334002    -0.000000052123311    -0.000000000000000
    -0.000000013697351     0.066789511026929    -0.000000000000000
    -0.000000000000000     0.000000000000000    -0.001739426756031
63 7
     0.207758925866297     0.162858956918871     0.000000000000000
     0.162858956918871     0.019705654497814     0.000000000000000
     0.000000000000000     0.000000000000000     0.001124645235910
63 8
     0.201308555268685    -0.000000041284864     0.000000000000000
     0.000000011390617    -0.055541667700437     0.000000000000000
    -0.000000000000000    -0.000000000000000     0.004539075534786
63 9
     0.008670940444681    -0.111219446397282     0.000000000000000
    -0.111219446397282     0.137096129596786     0.000000000000000
    -0.000000000000000     0.000000000000000     0.004539075534786
63 10
    -0.009924850981376    -0.124354871001969     0.000000000000000
    -0.236965505735595    -0.108295585491061     0.000000000000000
    -0.000000000000000    -0.000000000000000     0.036020859155715
63 11
    -0.009924901987359     0.124354875072806     0.000000000000000
     0.236965550154645    -0.108295682686032     0.000000000000000
     0.000000000000000    -0.000000000000000     0.036020859155715
63 12
     0.008670894826387     0.111219442840775     0.000000000000000
     0.111219390165294     0.137096083978471     0.000000000000000
     0.000000000000000     0.000000000000000     0.004539075534786
63 13
    -0.074320968786049     0.000000015241931     0.000000000000000
    -0.000000061890949     0.301785816346295     0.000000000000000
     0.000000000000000     0.000000000000000     0.001124645235910
63 14
    -0.240159138925246    -0.104039646136510     0.000000000000000
     0.008570988597116     0.121938811495848     0.000000000000000
     0.000000000000000     0.000000000000000     0.036020859155715
63 15
    -0.510715084339974     0.000000104738732     0.000000000000000
     0.000000104738732    -0.510715447165587     0.000000000000000
    -0.000000000000000    -0.000000000000000     0.700755218449825
63 16
    -0.240159181598660     0.104039744641398     0.000000000000000
    -0.008571038612117     0.121938815011378     0.000000000000000
     0.000000000000000     0.000000000000000     0.036020859155715
63 17
    -0.255483757155334     0.000000052395251     0.000000000000000
    -0.000000115722988     0.564275663881503     0.000000000000000
     0.000000000000000     0.000000000000000     0.004685101484675
63 18
    -1.109525182945240     1.350453918799232    -0.000000000000000
     1.350453279200663     0.449844002439532    -0.000000000000000
     0.000000000000000     0.000000000000000    -0.210803183970686
63 19
   -22.859217989234345     0.000004688025847    -0.000000000000000
     0.000001625399253    -7.925592479047063    -0.000000000000000
     0.000000000000000    -0.000000000000001    -4.828767704298100
63 20
    -1.109524629036763    -1.350453463710922    -0.000000000000000
    -1.350453463710922     0.449844556348272    -0.000000000000000
    -0.000000000000000     0.000000000000000    -0.210803183970686
63 21
     0.359335580762466    -0.354966310031927     0.000000000000000
    -0.354966141913688    -0.050543965225629     0.000000000000000
    -0.000000000000000     0.000000000000000     0.004685101484675
63 22
     0.359335435167835     0.354966162645070     0.000000000000000
     0.354966162645070    -0.050544110820329     0.000000000000000
     0.000000000000000    -0.000000000000000     0.004685101484675
63 23
     1.341959672054653     0.020208866668103     0.000000000000000
     0.589523111854834    -0.285197423324269     0.000000000000000
     0.000000000000000    -0.000000000000000     0.275207376970272
63 24
     1.341959680343730    -0.020209417093026     0.000000000000000
    -0.589522994876958    -0.285197181522531     0.000000000000000
    -0.000000000000000    -0.000000000000000     0.275207376970272
63 25
     0.385614049026749    -1.141670074024232     0.000000000000000
    -0.572355945953949     0.671149355679191     0.000000000000000
    -0.000000000000000     0.000000000000000     0.275207376970272
63 26
     1.229528392714639    -0.000000252154772    -0.000000000000000
     0.000000387443797    -1.889210681037565    -0.000000000000000
    -0.000000000000000    -0.000000000000000    -0.210803183970686
63 27
     0.385613580753981     1.141669915858932     0.000000000000000
     0.572355670672201     0.671149120918858     0.000000000000000
     0.000000000000000     0.000000000000000     0.275207376970272
63 28
     0.665525344891063    -0.000000136487610    -0.000000000000000
    -0.000000136487610     0.665525817698012    -0.000000000000000
    -0.000000000000000     0.000000000000000    -0.058303007933635
63 29
    -0.142429571650998    -0.267489747216796     0.000000000000000
    -0.836803875287079     1.199193226447753     0.000000000000000
    -0.000000000000000     0.000000000000000     0.275207376970272
63 30
   -11.658995959838624     6.466457422993788    -0.000000000000000
     6.466457422993786   -19.125825117692486    -0.000000000000000
     0.000000000000001    -0.000000000000003    -4.828767704298100
63 31
   -11.658993307526831    -6.466452640881984    -0.000000000000000
    -6.466449578255390   -19.125822465379436    -0.000000000000000
    -0.000000000000000    -0.000000000000002    -4.828767704298100
63 32
    -0.142429681365870     0.267489805636448     0.000000000000000
     0.836803383420380     1.199192883220172     0.000000000000000
     0.000000000000000     0.000000000000000     0.275207376970272
63 33
     0.016556065354723    -0.000000003395359    -0.000000000000000
     0.000000036688798    -0.178897865987544    -0.000000000000000
     0.000000000000000    -0.000000000000000    -0.004664854189102
63 34
     0.128382415103666    -0.132283030746791    -0.000000000000000
    -0.132282968095238    -0.024364786281617    -0.000000000000000
    -0.000000000000000    -0.000000000000000    -0.004099157021885
63 35
     0.079155547677784    -0.000000016233419    -0.000000000000000
    -0.000000050947539     0.248424764815086    -0.000000000000000
     0.000000000000000     0.000000000000000    -0.454164019222512
63 36
     0.128382360845843     0.132282978088825    -0.000000000000000
     0.132282978088825    -0.024364840539466    -0.000000000000000
     0.000000000000000    -0.000000000000000    -0.004099157021885
63 37
    -0.130034305188630     0.084634046624686    -0.000000000000000
     0.084634006540528    -0.032307426016394    -0.000000000000000
     0.000000000000000    -0.000000000000000    -0.004664854189102
63 38
    -0.130034270474740    -0.084633993289169    -0.000000000000000
    -0.084633993289169    -0.032307391302488    -0.000000000000000
    -0.000000000000000    -0.000000000000000    -0.004664854189102
63 39
    -0.178447784194224    -0.073467942631344     0.000000000000000
    -0.073524342142533     0.004499533428504     0.000000000000000
    -0.000000000000000     0.000000000000000     0.006704309052258
63 40
    -0.178447814328198     0.073468015824390     0.000000000000000
     0.073524340296990     0.004499503271390     0.000000000000000
     0.000000000000000    -0.000000000000000     0.006704309052258
63 41
    -0.104886856466938     0.115994844114594     0.000000000000000
     0.115938429909086    -0.069061524269433     0.000000000000000
     0.000000000000000    -0.000000000000000     0.006704309052258
63 42
    -0.100738388139088     0.000000020659682    -0.000000000000000
    -0.000000041991871     0.204756125476809    -0.000000000000000
     0.000000000000000     0.000000000000000    -0.004099157021885
63 43
    -0.104886808889952    -0.115994801093684     0.000000000000000
    -0.115938401582494    -0.069061476715550     0.000000000000000
    -0.000000000000000    -0.000000000000000     0.006704309052258
63 44
    -0.159589009389914     0.000000032728915    -0.000000000000000
     0.000000032728915    -0.159589122766201    -0.000000000000000
     0.000000000000000    -0.000000000000000    -0.011962470357086
63 45
     0.022412197073735     0.042442269675258     0.000000000000000
     0.042498683880766    -0.196360638101192     0.000000000000000
     0.000000000000000    -0.000000000000000     0.006704309052258
63 46
     0.206107313133521     0.073295637083603    -0.000000000000000
     0.073295637083603     0.121472879106110    -0.000000000000000
     0.000000000000000     0.000000000000000    -0.454164019222512
63 47
     0.206107343196824    -0.073295721621620    -0.000000000000000
    -0.073295686907500     0.121472909169427    -0.000000000000000
    -0.000000000000000     0.000000000000000    -0.454164019222512
63 48
     0.022412214482059    -0.042442278867961     0.000000000000000
    -0.042498603340561    -0.196360620669735     0.000000000000000
    -0.000000000000000    -0.000000000000000     0.006704309052258
63 49
    -0.107437021922998     0.403806818390463    -0.000000000000000
     0.403806818390463    -0.573713133822018    -0.000000000000000
     0.000000000000000    -0.000000000000000    -0.055510108253404
63 50
    -0.107436856295692    -0.403806774323588    -0.000000000000000
    -0.403806583073602    -0.573712968194634    -0.000000000000000
    -0.000000000000000    -0.000000000000000    -0.055510108253404
63 51
    -3.283895805810297    -2.607720497281505     0.000000000000000
    -3.210378526567046     0.075347966657739     0.000000000000000
    -0.000000000000000     0.000000000000000     0.974985203242899
63 52
    -3.283896875405553     2.607721844220928     0.000000000000000
     3.210378495662236     0.075346649872761     0.000000000000000
     0.000000000000000    -0.000000000000000     0.974985203242899
63 53
    -0.868399998252074     0.635213528824008    -0.000000000000000
     0.635213227975816    -0.134919243417671    -0.000000000000000
     0.000000000000000    -0.000000000000000    -0.091580972093640
63 54
    -0.806850495586680     0.000000165470927    -0.000000000000000
    -0.000000025779059     0.125701002351046    -0.000000000000000
     0.000000000000000     0.000000000000000    -0.055510108253404
63 55
    -0.868399737709960    -0.635213172636754    -0.000000000000000
    -0.635213172636754    -0.134918982875433    -0.000000000000000
    -0.000000000000000    -0.000000000000000    -0.091580972093640
63 56
    -0.806862222459729     0.000000165473332    -0.000000000000000
    -0.000000025767947     0.125646820884903    -0.000000000000000
     0.000000000000000     0.000000000000000    -0.055505199818114
63 57
    -0.107480589708230     0.403788435029295    -0.000000000000000
     0.403788435029295    -0.573735474345820    -0.000000000000000
     0.000000000000000    -0.000000000000000    -0.055505199818114
63 58
    -3.283774501635466     3.210450668733534     0.000000000000000
     2.607791261704247     0.075224275986697     0.000000000000000
     0.000000000000000    -0.000000000000000     0.974985203242899
63 59
    -3.283773184822103    -3.210449321844354     0.000000000000000
    -2.607791292558813     0.075225345611468     0.000000000000000
    -0.000000000000000     0.000000000000000     0.974985203242899
63 60
    -0.107480424088463    -0.403788390944551    -0.000000000000000
    -0.403788199703272    -0.573735308725975    -0.000000000000000
    -0.000000000000000    -0.000000000000000    -0.055505199818114
63 61
     0.231821408045781    -0.000000047542517    -0.000000000000000
     0.000000253305674    -1.235141170799878    -0.000000000000000
    -0.000000000000000    -0.000000000000000    -0.091580972093640
63 62
     1.754846616812419    -0.301258686264727     0.000000000000000
     0.301400720764558    -4.963399228841427     0.000000000000000
    -0.000000000000000    -0.000000000000001     0.974985203242899
63 63
    56.143565489501285    -0.000011514063445     0.000000000000000
    -0.000011514063445    56.143605375387082     0.000000000000000
    -0.000000000000000     0.000000000000007     8.701466701408043
63 64
     1.754846493246877     0.301257966488045     0.000000000000000
    -0.301398684953264    -4.963399105217809     0.000000000000000
    -0.000000000000000    -0.000000000000001     0.974985203242899
64 1
     0.072753412133993    -0.189231176965899     0.000000000000000
    -0.076620542232272    -0.190973887764320    -0.000000000000000
    -0.000000000000000     0.000000000000000     0.036020859155715
64 2
     0.113631577130363    -0.081132860301732    -0.000000000000000
    -0.081132898727692     0.207315756786257     0.000000000000000
    -0.000000000000000     0.000000000000000    -0.001739426756031
64 3
     0.113631577130363     0.081132860301731     0.000000000000000
     0.081132898727692     0.207315756786257     0.000000000000000
    -0.000000000000000    -0.000000000000000    -0.001739426756031
64 4
     0.072753412133993     0.189231176965899    -0.000000000000000
     0.076620542232272    -0.190973887764320    -0.000000000000000
    -0.000000000000000    -0.000000000000000     0.036020859155715
64 5
     0.201308626776151     0.000000000000000    -0.000000000000000
    -0.000000000000000    -0.055541647971305    -0.000000000000000
    -0.000000000000000     0.000000000000000     0.004539075534786
64 6
     0.207759033064540    -0.162858941676940    -0.000000000000000
    -0.162859018809820     0.019705680897619    -0.000000000000000
    -0.000000000000000     0.000000000000000     0.001124645235910
64 7
     0.254157846614203     0.000000000000000    -0.000000000000000
    -0.000000000000000     0.066789487302416     0.000000000000000
    -0.000000000000000    -0.000000000000000    -0.001739426756031
64 8
     0.207759033064540     0.162858941676940     0.000000000000000
     0.162859018809820     0.019705680897619    -0.000000000000000
    -0.000000000000000    -0.000000000000000     0.001124645235910
64 9
     0.008670920715559     0.111219405112417     0.000000000000000
     0.111219457787898     0.137096058089287    -0.000000000000000
    -0.000000000000000    -0.000000000000000     0.004539075534786
64 10
     0.008670920715559    -0.111219405112417     0.000000000000000
    -0.111219457787898     0.137096058089287    -0.000000000000000
     0.000000000000000     0.000000000000000     0.004539075534786
64 11
    -0.009924880009815    -0.124354828864900     0.000000000000000
    -0.236965612118415    -0.108295595620512    -0.000000000000000
     0.000000000000000     0.000000000000000     0.036020859155715
64 12
    -0.009924880009815     0.124354828864900    -0.000000000000000
     0.236965612118415    -0.108295595620512    -0.000000000000000
    -0.000000000000000    -0.000000000000000     0.036020859155715
64 13
    -0.240159245569668     0.104039658432685    -0.000000000000000
    -0.008571016649154     0.121938769939342    -0.000000000000000
     0.000000000000000    -0.000000000000000     0.036020859155715
64 14
    -0.074320995185842     0.000000000000000     0.000000000000000
     0.000000000000000     0.301785709148001    -0.000000000000000
     0.000000000000000    -0.000000000000000     0.001124645235910
64 15
    -0.240159245569668    -0.104039658432685    -0.000000000000000
     0.008571016649154     0.121938769939342    -0.000000000000000
     0.000000000000000     0.000000000000000     0.036020859155715
64 16
    -0.510715265752737    -0.000000000000000    -0.000000000000000
     0.000000000000000    -0.510715265752738    -0.000000000000000
     0.000000000000000     0.000000000000000     0.700755218449825
64 17
    -1.109525300108945    -1.350453211556150    -0.000000000000000
    -1.350453851154719     0.449844119603293     0.000000000000000
     0.000000000000000     0.000000000000000    -0.210803183970686
64 18
    -0.255483847906548     0.000000000000000     0.000000000000000
     0.000000000000000     0.564275463443360    -0.000000000000000
     0.000000000000000    -0.000000000000000     0.004685101484675
64 19
    -1.109525300108945     1.350453211556150     0.000000000000000
     1.350453851154719     0.449844119603293     0.000000000000000
     0.000000000000000    -0.000000000000000    -0.210803183970686
64 20
   -22.859226109131367    -0.000000000000000    -0.000000000000000
     0.000000000000001    -7.925589663772294     0.000000000000000
     0.000000000000003     0.000000000000000    -4.828767704298100
64 21
     1.341960152881045    -0.020209134702011     0.000000000000000
    -0.589523262772294    -0.285197201117564    -0.000000000000000
    -0.000000000000000     0.000000000000000     0.275207376970272
64 22
     0.359335635605883    -0.354966110249819    -0.000000000000000
    -0.354966278368058    -0.050544020069071    -0.000000000000000
    -0.000000000000000     0.000000000000000     0.004685101484675
64 23
     0.359335635605883     0.354966110249819    -0.000000000000000
     0.354966278368058    -0.050544020069071    -0.000000000000000
    -0.000000000000000    -0.000000000000000     0.004685101484675
64 24
     1.341960152881045     0.020209134702011     0.000000000000000
     0.589523262772294    -0.285197201117564    -0.000000000000000
    -0.000000000000000     0.000000000000000     0.275207376970272
64 25
     0.665525581294481     0.000000000000000    -0.000000000000000
    -0.000000000000000     0.665525581294481     0.000000000000000
    -0.000000000000000    -0.000000000000000    -0.058303007933635
64 26
     0.385613951865500    -1.141669589405372    -0.000000000000000
    -0.572356011621440     0.671148999897981    -0.000000000000000
    -0.000000000000000     0.000000000000000     0.275207376970272
64 27
     1.229528829459412     0.000000000000000     0.000000000000000
    -0.000000000000000    -1.889210009965065     0.000000000000000
    -0.000000000000000     0.000000000000000    -0.210803183970686
64 28
     0.385613951865500     1.141669589405372    -0.000000000000000
     0.572356011621440     0.671148999897981    -0.000000000000000
    -0.000000000000000    -0.000000000000000     0.275207376970272
64 29
    -0.142429677101324     0.267489681410733     0.000000000000000
     0.836803926597464     1.199192628864805    -0.000000000000000
    -0.000000000000000    -0.000000000000000     0.275207376970272
64 30
    -0.142429677101324    -0.267489681410732    -0.000000000000000
    -0.836803926597464     1.199192628864805    -0.000000000000000
     0.000000000000000    -0.000000000000000     0.275207376970272
64 31
   -11.658998775112062     6.466452734967940     0.000000000000000
     6.466455797594533   -19.125816997791617     0.000000000000000
     0.000000000000001     0.000000000000000    -4.828767704298100
64 32
   -11.658998775112060    -6.466452734967941    -0.000000000000000
    -6.466455797594535   -19.125816997791617     0.000000000000000
     0.000000000000002     0.000000000000001    -4.828767704298100
64 33
     0.128382433577879     0.132282957429144     0.000000000000000
     0.132283020080696    -0.024364804755839     0.000000000000000
    -0.000000000000000    -0.000000000000000    -0.004099157021885
64 34
     0.016556071235657    -0.000000000000000    -0.000000000000000
    -0.000000000000000    -0.178897802440667     0.000000000000000
    -0.000000000000000     0.000000000000000    -0.004664854189102
64 35
     0.128382433577879    -0.132282957429144     0.000000000000000
    -0.132283020080696    -0.024364804755839     0.000000000000000
    -0.000000000000000     0.000000000000000    -0.004099157021885
64 36
     0.079155575794884     0.000000000000000    -0.000000000000000
     0.000000000000000     0.248424676571340     0.000000000000000
    -0.000000000000000    -0.000000000000000    -0.454164019222512
64 37
    -0.178447862648234     0.073467953131074    -0.000000000000000
     0.073524367336581     0.004499516751659    -0.000000000000000
     0.000000000000000    -0.000000000000000     0.006704309052258
64 38
    -0.130034334021586     0.084633989893809    -0.000000000000000
     0.084634029977967    -0.032307397183424     0.000000000000000
     0.000000000000000    -0.000000000000000    -0.004664854189102
64 39
    -0.130034334021586    -0.084633989893809     0.000000000000000
    -0.084634029977967    -0.032307397183424     0.000000000000000
     0.000000000000000     0.000000000000000    -0.004664854189102
64 40
    -0.178447862648234    -0.073467953131074    -0.000000000000000
    -0.073524367336581     0.004499516751659    -0.000000000000000
     0.000000000000000     0.000000000000000     0.006704309052258
64 41
    -0.159589066078044    -0.000000000000000     0.000000000000000
     0.000000000000000    -0.159589066078044     0.000000000000000
     0.000000000000000     0.000000000000000    -0.011962470357086
64 42
    -0.104886869935637     0.115994781401251    -0.000000000000000
     0.115938456928651    -0.069061475960937    -0.000000000000000
     0.000000000000000    -0.000000000000000     0.006704309052258
64 43
    -0.100738423922698     0.000000000000000     0.000000000000000
     0.000000000000000     0.204756052744739     0.000000000000000
     0.000000000000000    -0.000000000000000    -0.004099157021885
64 44
    -0.104886869935637    -0.115994781401251     0.000000000000000
    -0.115938456928651    -0.069061475960937    -0.000000000000000
     0.000000000000000     0.000000000000000     0.006704309052258
64 45
     0.022412213739009    -0.042442259195555     0.000000000000000
    -0.042498658706745    -0.196360559635584    -0.000000000000000
    -0.000000000000000     0.000000000000000     0.006704309052258
64 46
     0.022412213739009     0.042442259195555     0.000000000000000
     0.042498658706745    -0.196360559635584    -0.000000000000000
    -0.000000000000000     0.000000000000000     0.006704309052258
64 47
     0.206107401377226     0.073295653317022     0.000000000000000
     0.073295688031142     0.121472850988998     0.000000000000000
    -0.000000000000000    -0.000000000000000    -0.454164019222512
64 48
     0.206107401377226    -0.073295653317022    -0.000000000000000
    -0.073295688031142     0.121472850988998     0.000000000000000
    -0.000000000000000     0.000000000000000    -0.454164019222512
64 49
    -3.283897507091406     2.607720244454331     0.000000000000000
     3.210379651483618     0.075347281500894    -0.000000000000000
     0.000000000000000    -0.000000000000000     0.974985203242899
64 50
    -0.107436977272369     0.403806652919536     0.000000000000000
     0.403806844169522    -0.573712847217899     0.000000000000000
    -0.000000000000000    -0.000000000000000    -0.055510108253404
64 51
    -0.107436977272369    -0.403806652919536     0.000000000000000
    -0.403806844169522    -0.573712847217899     0.000000000000000
     0.000000000000000     0.000000000000000    -0.055510108253404
64 52
    -3.283897507091406    -2.607720244454332     0.000000000000000
    -3.210379651483617     0.075347281500894    -0.000000000000000
     0.000000000000000     0.000000000000000     0.974985203242899
64 53
    -0.806862509067879    -0.000000000000000     0.000000000000000
     0.000000000000000     0.125646776253498     0.000000000000000
     0.000000000000000    -0.000000000000000    -0.055505199818114
64 54
    -0.868400176448153     0.635213125094237    -0.000000000000000
     0.635213425942429    -0.134919065221507     0.000000000000000
     0.000000000000000    -0.000000000000000    -0.091580972093640
64 55
    -0.806850782190663     0.000000000000000    -0.000000000000000
     0.000000000000000     0.125700957700396     0.000000000000000
     0.000000000000000    -0.000000000000000    -0.055510108253404
64 56
    -0.868400176448153    -0.635213125094237    -0.000000000000000
    -0.635213425942429    -0.134919065221507     0.000000000000000
     0.000000000000000     0.000000000000000    -0.091580972093640
64 57
    -0.107480545076846    -0.403788269555964    -0.000000000000000
    -0.403788460797243    -0.573735187737535     0.000000000000000
     0.000000000000000     0.000000000000000    -0.055505199818114
64 58
    -0.107480545076846     0.403788269555964     0.000000000000000
     0.403788460797243    -0.573735187737535     0.000000000000000
    -0.000000000000000    -0.000000000000000    -0.055505199818114
64 59
    -3.283775009668751     3.210448854894846    -0.000000000000000
     2.607792203453538     0.075224784078240    -0.000000000000000
     0.000000000000000    -0.000000000000000     0.974985203242899
64 60
    -3.283775009668751    -3.210448854894846     0.000000000000000
    -2.607792203453537     0.075224784078240    -0.000000000000000
     0.000000000000000     0.000000000000000     0.974985203242899
64 61
     1.754847178374390     0.301258219365463    -0.000000000000000
    -0.301399809920079    -4.963397403964904    -0.000000000000000
    -0.000000000000000     0.000000000000000     0.974985203242899
64 62
     0.231821490391816    -0.000000000000000    -0.000000000000000
    -0.000000000000000    -1.235140732061477     0.000000000000000
    -0.000000000000000     0.000000000000000    -0.091580972093640
64 63
     1.754847178374390    -0.301258219365463    -0.000000000000000
     0.301399809920078    -4.963397403964903    -0.000000000000000
    -0.000000000000000     0.000000000000000     0.974985203242899
64 64
    56.143585432439458     0.000000000000002     0.000000000000000
    -0.000000000000000    56.143585432439473    -0.000000000000000
    -0.000000000000006    -0.000000000000003     8.701466701408043